#include <stdint.h>
#ifdef __cplusplus
extern
#endif
const uint8_t myclass_bytecode[] = {
0x52,0x49,0x54,0x45,0x30,0x34,0x30,0x30,0x00,0x00,0xda,0xe9,0x4d,0x41,0x54,0x5a,
0x30,0x30,0x30,0x30,0x49,0x52,0x45,0x50,0x00,0x00,0xda,0xcd,0x30,0x34,0x30,0x30,
0x00,0x00,0x01,0xe3,0x00,0x01,0x00,0x03,0x00,0x18,0x00,0x00,0x00,0x00,0x00,0xf3,
0x11,0x01,0x11,0x02,0x67,0x01,0x00,0x69,0x01,0x00,0x11,0x01,0x11,0x02,0x67,0x01,
0x01,0x69,0x01,0x01,0x11,0x01,0x11,0x02,0x67,0x01,0x02,0x69,0x01,0x02,0x11,0x01,
0x11,0x02,0x67,0x01,0x03,0x69,0x01,0x03,0x11,0x01,0x11,0x02,0x67,0x01,0x04,0x69,
0x01,0x04,0x11,0x01,0x11,0x02,0x67,0x01,0x05,0x69,0x01,0x05,0x11,0x01,0x11,0x02,
0x67,0x01,0x06,0x69,0x01,0x06,0x11,0x01,0x11,0x02,0x67,0x01,0x07,0x69,0x01,0x07,
0x11,0x01,0x11,0x02,0x67,0x01,0x08,0x69,0x01,0x08,0x11,0x01,0x11,0x02,0x67,0x01,
0x09,0x69,0x01,0x09,0x11,0x01,0x11,0x02,0x67,0x01,0x0a,0x69,0x01,0x0a,0x11,0x01,
0x11,0x02,0x67,0x01,0x0b,0x69,0x01,0x0b,0x11,0x01,0x11,0x02,0x67,0x01,0x0c,0x69,
0x01,0x0c,0x11,0x01,0x11,0x02,0x67,0x01,0x0d,0x69,0x01,0x0d,0x11,0x01,0x11,0x02,
0x67,0x01,0x0e,0x69,0x01,0x0e,0x11,0x01,0x11,0x02,0x67,0x01,0x0f,0x69,0x01,0x0f,
0x11,0x01,0x11,0x02,0x67,0x01,0x10,0x69,0x01,0x10,0x11,0x01,0x11,0x02,0x67,0x01,
0x11,0x69,0x01,0x11,0x11,0x01,0x11,0x02,0x67,0x01,0x12,0x69,0x01,0x12,0x11,0x01,
0x11,0x02,0x67,0x01,0x13,0x69,0x01,0x13,0x11,0x01,0x11,0x02,0x67,0x01,0x14,0x69,
0x01,0x14,0x11,0x01,0x11,0x02,0x67,0x01,0x15,0x69,0x01,0x15,0x11,0x01,0x11,0x02,
0x67,0x01,0x16,0x69,0x01,0x16,0x11,0x01,0x11,0x02,0x67,0x01,0x17,0x69,0x01,0x17,
0x3d,0x01,0x76,0x00,0x00,0x00,0x18,0x00,0x04,0x4a,0x53,0x4f,0x4e,0x00,0x00,0x07,
0x41,0x44,0x58,0x4c,0x33,0x34,0x35,0x00,0x00,0x08,0x41,0x51,0x4d,0x30,0x38,0x30,
0x32,0x41,0x00,0x00,0x06,0x41,0x53,0x35,0x36,0x30,0x30,0x00,0x00,0x06,0x42,0x4d,
0x41,0x34,0x35,0x36,0x00,0x00,0x06,0x42,0x4d,0x45,0x36,0x38,0x38,0x00,0x00,0x06,
0x42,0x4d,0x50,0x32,0x38,0x30,0x00,0x00,0x06,0x42,0x4d,0x50,0x35,0x38,0x31,0x00,
0x00,0x06,0x44,0x50,0x53,0x33,0x31,0x30,0x00,0x00,0x05,0x48,0x58,0x37,0x31,0x31,
0x00,0x00,0x07,0x4d,0x43,0x50,0x39,0x38,0x30,0x38,0x00,0x00,0x06,0x4d,0x50,0x52,
0x31,0x32,0x31,0x00,0x00,0x06,0x4d,0x59,0x39,0x32,0x32,0x31,0x00,0x00,0x08,0x50,
0x43,0x46,0x38,0x35,0x30,0x36,0x33,0x00,0x00,0x05,0x53,0x43,0x44,0x33,0x30,0x00,
0x00,0x05,0x53,0x43,0x44,0x34,0x31,0x00,0x00,0x05,0x53,0x48,0x54,0x33,0x30,0x00,
0x00,0x05,0x53,0x48,0x54,0x33,0x35,0x00,0x00,0x05,0x53,0x48,0x54,0x34,0x30,0x00,
0x00,0x08,0x54,0x4d,0x47,0x33,0x39,0x39,0x33,0x31,0x00,0x00,0x08,0x56,0x45,0x4d,
0x4c,0x36,0x30,0x37,0x30,0x00,0x00,0x07,0x56,0x4c,0x35,0x33,0x4c,0x30,0x58,0x00,
0x00,0x07,0x57,0x53,0x31,0x38,0x35,0x30,0x53,0x00,0x00,0x06,0x57,0x53,0x32,0x38,
0x31,0x33,0x00,0x00,0x00,0x00,0x89,0x00,0x01,0x00,0x03,0x00,0x06,0x00,0x00,0x00,
0x00,0x00,0x32,0x12,0x01,0x6c,0x01,0x00,0x00,0x12,0x01,0x6c,0x01,0x01,0x01,0x12,
0x01,0x6c,0x01,0x02,0x02,0x11,0x01,0x11,0x02,0x67,0x01,0x03,0x69,0x01,0x03,0x11,
0x01,0x11,0x02,0x67,0x01,0x04,0x69,0x01,0x04,0x11,0x01,0x11,0x02,0x67,0x01,0x05,
0x69,0x01,0x05,0x3d,0x00,0x00,0x00,0x00,0x06,0x00,0x05,0x70,0x61,0x72,0x73,0x65,
0x00,0x00,0x08,0x67,0x65,0x6e,0x65,0x72,0x61,0x74,0x65,0x00,0x00,0x0f,0x70,0x72,
0x65,0x74,0x74,0x79,0x5f,0x67,0x65,0x6e,0x65,0x72,0x61,0x74,0x65,0x00,0x00,0x06,
0x50,0x61,0x72,0x73,0x65,0x72,0x00,0x00,0x09,0x47,0x65,0x6e,0x65,0x72,0x61,0x74,
0x6f,0x72,0x00,0x00,0x06,0x50,0x72,0x65,0x74,0x74,0x79,0x00,0x00,0x00,0x00,0x66,
0x00,0x05,0x00,0x08,0x00,0x00,0x00,0x00,0x00,0x00,0x00,0x2e,0x39,0x04,0x00,0x00,
0x1d,0x05,0x00,0x01,0x06,0x01,0x27,0x06,0x00,0x03,0x5c,0x06,0x00,0x32,0x05,0x01,
0x01,0x01,0x03,0x05,0x01,0x05,0x03,0x33,0x05,0x02,0x01,0x04,0x05,0x01,0x05,0x03,
0x33,0x05,0x03,0x28,0x05,0x00,0x01,0x40,0x3d,0x04,0x00,0x01,0x00,0x00,0x00,0x00,
0x00,0x04,0x00,0x06,0x50,0x61,0x72,0x73,0x65,0x72,0x00,0x00,0x03,0x6e,0x65,0x77,
0x00,0x00,0x05,0x70,0x61,0x72,0x73,0x65,0x00,0x00,0x06,0x65,0x72,0x72,0x6f,0x72,
0x3f,0x00,0x00,0x00,0x00,0x44,0x00,0x03,0x00,0x06,0x00,0x00,0x00,0x00,0x00,0x00,
0x00,0x13,0x39,0x04,0x00,0x00,0x1d,0x03,0x00,0x33,0x03,0x01,0x01,0x04,0x01,0x32,
0x03,0x02,0x01,0x3d,0x03,0x00,0x00,0x00,0x03,0x00,0x09,0x47,0x65,0x6e,0x65,0x72,
0x61,0x74,0x6f,0x72,0x00,0x00,0x03,0x6e,0x65,0x77,0x00,0x00,0x08,0x67,0x65,0x6e,
0x65,0x72,0x61,0x74,0x65,0x00,0x00,0x00,0x00,0x4b,0x00,0x04,0x00,0x08,0x00,0x00,
0x00,0x00,0x00,0x00,0x00,0x21,0x39,0x04,0x20,0x00,0x26,0x00,0x03,0x26,0x00,0x02,
0x08,0x02,0x1d,0x04,0x00,0x01,0x05,0x02,0x32,0x04,0x01,0x01,0x01,0x05,0x01,0x06,
0x06,0x32,0x04,0x02,0x02,0x3d,0x04,0x00,0x00,0x00,0x03,0x00,0x06,0x50,0x72,0x65,
0x74,0x74,0x79,0x00,0x00,0x03,0x6e,0x65,0x77,0x00,0x00,0x04,0x65,0x6d,0x69,0x74,
0x00,0x00,0x00,0x01,0x25,0x00,0x01,0x00,0x01,0x00,0x11,0x00,0x00,0x00,0x00,0x00,
0x46,0x6b,0x01,0x00,0x00,0x6b,0x01,0x01,0x01,0x6b,0x01,0x02,0x02,0x6b,0x01,0x03,
0x03,0x6b,0x01,0x04,0x04,0x6b,0x01,0x05,0x05,0x6b,0x01,0x06,0x06,0x6b,0x01,0x07,
0x07,0x6b,0x01,0x08,0x08,0x6b,0x01,0x09,0x09,0x6b,0x01,0x0a,0x0a,0x6b,0x01,0x0b,
0x0b,0x6b,0x01,0x0c,0x0c,0x6b,0x01,0x0d,0x0d,0x6b,0x01,0x0e,0x0e,0x6b,0x01,0x0f,
0x0f,0x6b,0x01,0x10,0x10,0x3d,0x00,0x00,0x00,0x00,0x11,0x00,0x0a,0x69,0x6e,0x69,
0x74,0x69,0x61,0x6c,0x69,0x7a,0x65,0x00,0x00,0x06,0x65,0x72,0x72,0x6f,0x72,0x3f,
0x00,0x00,0x05,0x70,0x61,0x72,0x73,0x65,0x00,0x00,0x0b,0x70,0x61,0x72,0x73,0x65,
0x5f,0x76,0x61,0x6c,0x75,0x65,0x00,0x00,0x0c,0x70,0x61,0x72,0x73,0x65,0x5f,0x6f,
0x62,0x6a,0x65,0x63,0x74,0x00,0x00,0x0b,0x70,0x61,0x72,0x73,0x65,0x5f,0x61,0x72,
0x72,0x61,0x79,0x00,0x00,0x0c,0x70,0x61,0x72,0x73,0x65,0x5f,0x73,0x74,0x72,0x69,
0x6e,0x67,0x00,0x00,0x0c,0x70,0x61,0x72,0x73,0x65,0x5f,0x6e,0x75,0x6d,0x62,0x65,
0x72,0x00,0x00,0x08,0x73,0x6b,0x69,0x70,0x5f,0x62,0x6f,0x6d,0x00,0x00,0x07,0x73,
0x6b,0x69,0x70,0x5f,0x77,0x73,0x00,0x00,0x0c,0x63,0x6f,0x6e,0x73,0x75,0x6d,0x65,
0x5f,0x63,0x68,0x61,0x72,0x00,0x00,0x09,0x70,0x65,0x65,0x6b,0x5f,0x63,0x68,0x61,
0x72,0x00,0x00,0x06,0x73,0x75,0x62,0x73,0x74,0x72,0x00,0x00,0x04,0x65,0x6f,0x66,
0x3f,0x00,0x00,0x0b,0x64,0x69,0x67,0x69,0x74,0x5f,0x63,0x68,0x61,0x72,0x3f,0x00,
0x00,0x0c,0x6d,0x61,0x74,0x63,0x68,0x5f,0x61,0x68,0x65,0x61,0x64,0x3f,0x00,0x00,
0x04,0x66,0x61,0x69,0x6c,0x00,0x00,0x00,0x00,0x6b,0x00,0x03,0x00,0x05,0x00,0x00,
0x00,0x00,0x00,0x00,0x00,0x29,0x39,0x04,0x00,0x00,0x01,0x03,0x01,0x27,0x03,0x00,
0x03,0x5c,0x03,0x00,0x1a,0x03,0x00,0x06,0x03,0x1a,0x03,0x01,0x19,0x03,0x00,0x33,
0x03,0x02,0x1a,0x03,0x03,0x14,0x03,0x1a,0x03,0x04,0x30,0x03,0x05,0x3d,0x03,0x00,
0x01,0x00,0x00,0x00,0x00,0x00,0x06,0x00,0x02,0x40,0x73,0x00,0x00,0x02,0x40,0x69,
0x00,0x00,0x06,0x6c,0x65,0x6e,0x67,0x74,0x68,0x00,0x00,0x02,0x40,0x6e,0x00,0x00,
0x04,0x40,0x65,0x72,0x72,0x00,0x00,0x08,0x73,0x6b,0x69,0x70,0x5f,0x62,0x6f,0x6d,
0x00,0x00,0x00,0x00,0x24,0x00,0x02,0x00,0x03,0x00,0x00,0x00,0x00,0x00,0x00,0x00,
0x09,0x39,0x00,0x00,0x00,0x19,0x02,0x00,0x3d,0x02,0x00,0x00,0x00,0x01,0x00,0x04,
0x40,0x65,0x72,0x72,0x00,0x00,0x00,0x00,0x70,0x00,0x03,0x00,0x06,0x00,0x00,0x00,
0x00,0x00,0x00,0x00,0x2e,0x39,0x00,0x00,0x00,0x30,0x03,0x00,0x30,0x03,0x01,0x01,
0x02,0x03,0x19,0x03,0x02,0x28,0x03,0x00,0x01,0x40,0x30,0x03,0x00,0x19,0x03,0x03,
0x19,0x04,0x04,0x32,0x03,0x05,0x01,0x28,0x03,0x00,0x06,0x13,0x03,0x1a,0x03,0x02,
0x40,0x3d,0x02,0x00,0x00,0x00,0x06,0x00,0x07,0x73,0x6b,0x69,0x70,0x5f,0x77,0x73,
0x00,0x00,0x0b,0x70,0x61,0x72,0x73,0x65,0x5f,0x76,0x61,0x6c,0x75,0x65,0x00,0x00,
0x04,0x40,0x65,0x72,0x72,0x00,0x00,0x02,0x40,0x69,0x00,0x00,0x02,0x40,0x6e,0x00,
0x00,0x02,0x21,0x3d,0x00,0x00,0x00,0x02,0x33,0x00,0x03,0x00,0x07,0x00,0x00,0x00,
0x00,0x00,0x00,0x01,0x4e,0x39,0x00,0x00,0x00,0x30,0x03,0x00,0x30,0x03,0x01,0x01,
0x02,0x03,0x01,0x03,0x02,0x29,0x03,0x00,0x03,0x26,0x00,0x05,0x30,0x03,0x02,0x3d,
0x03,0x01,0x03,0x02,0x5c,0x04,0x00,0x01,0x05,0x03,0x32,0x04,0x03,0x01,0x28,0x04,
0x00,0x06,0x30,0x04,0x04,0x26,0x01,0x19,0x5c,0x04,0x01,0x01,0x05,0x03,0x32,0x04,
0x03,0x01,0x28,0x04,0x00,0x06,0x30,0x04,0x05,0x26,0x01,0x05,0x5c,0x04,0x02,0x01,
0x05,0x03,0x32,0x04,0x03,0x01,0x28,0x04,0x00,0x06,0x30,0x04,0x06,0x26,0x00,0xf1,
0x5c,0x04,0x03,0x01,0x05,0x03,0x32,0x04,0x03,0x01,0x27,0x04,0x00,0x8c,0x5c,0x04,
0x04,0x01,0x05,0x03,0x32,0x04,0x03,0x01,0x27,0x04,0x00,0x7e,0x5c,0x04,0x05,0x01,
0x05,0x03,0x32,0x04,0x03,0x01,0x27,0x04,0x00,0x70,0x5c,0x04,0x06,0x01,0x05,0x03,
0x32,0x04,0x03,0x01,0x27,0x04,0x00,0x62,0x5c,0x04,0x07,0x01,0x05,0x03,0x32,0x04,
0x03,0x01,0x27,0x04,0x00,0x54,0x5c,0x04,0x08,0x01,0x05,0x03,0x32,0x04,0x03,0x01,
0x27,0x04,0x00,0x46,0x5c,0x04,0x09,0x01,0x05,0x03,0x32,0x04,0x03,0x01,0x27,0x04,
0x00,0x38,0x5c,0x04,0x0a,0x01,0x05,0x03,0x32,0x04,0x03,0x01,0x27,0x04,0x00,0x2a,
0x5c,0x04,0x0b,0x01,0x05,0x03,0x32,0x04,0x03,0x01,0x27,0x04,0x00,0x1c,0x5c,0x04,
0x0c,0x01,0x05,0x03,0x32,0x04,0x03,0x01,0x27,0x04,0x00,0x0e,0x5c,0x04,0x0d,0x01,
0x05,0x03,0x32,0x04,0x03,0x01,0x28,0x04,0x00,0x06,0x30,0x04,0x07,0x26,0x00,0x51,
0x5c,0x05,0x0e,0x2f,0x04,0x08,0x01,0x28,0x04,0x00,0x0e,0x19,0x04,0x09,0x46,0x04,
0x04,0x1a,0x04,0x09,0x13,0x04,0x26,0x00,0x35,0x5c,0x05,0x0f,0x2f,0x04,0x08,0x01,
0x28,0x04,0x00,0x0e,0x19,0x04,0x09,0x46,0x04,0x05,0x1a,0x04,0x09,0x14,0x04,0x26,
0x00,0x1c,0x5c,0x05,0x10,0x2f,0x04,0x08,0x01,0x28,0x04,0x00,0x0e,0x19,0x04,0x09,
0x46,0x04,0x04,0x1a,0x04,0x09,0x11,0x04,0x26,0x00,0x03,0x30,0x04,0x02,0x26,0x00,
0x00,0x3d,0x04,0x00,0x11,0x00,0x00,0x01,0x7b,0x00,0x00,0x00,0x01,0x5b,0x00,0x00,
0x00,0x01,0x22,0x00,0x00,0x00,0x01,0x2d,0x00,0x00,0x00,0x01,0x30,0x00,0x00,0x00,
0x01,0x31,0x00,0x00,0x00,0x01,0x32,0x00,0x00,0x00,0x01,0x33,0x00,0x00,0x00,0x01,
0x34,0x00,0x00,0x00,0x01,0x35,0x00,0x00,0x00,0x01,0x36,0x00,0x00,0x00,0x01,0x37,
0x00,0x00,0x00,0x01,0x38,0x00,0x00,0x00,0x01,0x39,0x00,0x00,0x00,0x04,0x74,0x72,
0x75,0x65,0x00,0x00,0x00,0x05,0x66,0x61,0x6c,0x73,0x65,0x00,0x00,0x00,0x04,0x6e,
0x75,0x6c,0x6c,0x00,0x00,0x0a,0x00,0x07,0x73,0x6b,0x69,0x70,0x5f,0x77,0x73,0x00,
0x00,0x09,0x70,0x65,0x65,0x6b,0x5f,0x63,0x68,0x61,0x72,0x00,0x00,0x04,0x66,0x61,
0x69,0x6c,0x00,0x00,0x03,0x3d,0x3d,0x3d,0x00,0x00,0x0c,0x70,0x61,0x72,0x73,0x65,
0x5f,0x6f,0x62,0x6a,0x65,0x63,0x74,0x00,0x00,0x0b,0x70,0x61,0x72,0x73,0x65,0x5f,
0x61,0x72,0x72,0x61,0x79,0x00,0x00,0x0c,0x70,0x61,0x72,0x73,0x65,0x5f,0x73,0x74,
0x72,0x69,0x6e,0x67,0x00,0x00,0x0c,0x70,0x61,0x72,0x73,0x65,0x5f,0x6e,0x75,0x6d,
0x62,0x65,0x72,0x00,0x00,0x0c,0x6d,0x61,0x74,0x63,0x68,0x5f,0x61,0x68,0x65,0x61,
0x64,0x3f,0x00,0x00,0x02,0x40,0x69,0x00,0x00,0x00,0x00,0x89,0x00,0x03,0x00,0x06,
0x00,0x01,0x00,0x00,0x00,0x00,0x00,0x38,0x39,0x00,0x00,0x00,0x5c,0x04,0x00,0x2f,
0x03,0x00,0x01,0x27,0x03,0x00,0x05,0x30,0x03,0x01,0x3d,0x03,0x30,0x03,0x02,0x5e,
0x02,0x00,0x30,0x03,0x03,0x5c,0x04,0x01,0x4d,0x03,0x28,0x03,0x00,0x09,0x5c,0x04,
0x01,0x2f,0x03,0x00,0x01,0x3d,0x02,0x62,0x04,0x00,0x31,0x03,0x04,0x00,0x3d,0x02,
0x00,0x02,0x00,0x00,0x01,0x7b,0x00,0x00,0x00,0x01,0x7d,0x00,0x00,0x05,0x00,0x0c,
0x63,0x6f,0x6e,0x73,0x75,0x6d,0x65,0x5f,0x63,0x68,0x61,0x72,0x00,0x00,0x04,0x66,
0x61,0x69,0x6c,0x00,0x00,0x07,0x73,0x6b,0x69,0x70,0x5f,0x77,0x73,0x00,0x00,0x09,
0x70,0x65,0x65,0x6b,0x5f,0x63,0x68,0x61,0x72,0x00,0x00,0x04,0x6c,0x6f,0x6f,0x70,
0x00,0x00,0x00,0x00,0xee,0x00,0x04,0x00,0x08,0x00,0x00,0x00,0x00,0x00,0x00,0x00,
0x80,0x39,0x00,0x00,0x00,0x30,0x04,0x00,0x30,0x04,0x01,0x01,0x02,0x04,0x19,0x04,
0x02,0x27,0x04,0x00,0x06,0x01,0x04,0x02,0x33,0x04,0x03,0x28,0x04,0x00,0x05,0x30,
0x04,0x04,0x3e,0x04,0x30,0x04,0x00,0x5c,0x05,0x00,0x2f,0x04,0x05,0x01,0x27,0x04,
0x00,0x05,0x30,0x04,0x04,0x3e,0x04,0x30,0x04,0x00,0x30,0x04,0x06,0x01,0x03,0x04,
0x19,0x04,0x02,0x28,0x04,0x00,0x05,0x30,0x04,0x04,0x3e,0x04,0x21,0x04,0x02,0x00,
0x01,0x05,0x02,0x01,0x06,0x03,0x25,0x04,0x30,0x04,0x00,0x5c,0x05,0x01,0x2f,0x04,
0x05,0x01,0x28,0x04,0x00,0x04,0x11,0x04,0x43,0x04,0x5c,0x05,0x02,0x2f,0x04,0x05,
0x01,0x28,0x04,0x00,0x05,0x11,0x04,0x26,0x00,0x05,0x30,0x04,0x04,0x3e,0x04,0x3d,
0x04,0x00,0x03,0x00,0x00,0x01,0x3a,0x00,0x00,0x00,0x01,0x7d,0x00,0x00,0x00,0x01,
0x2c,0x00,0x00,0x07,0x00,0x07,0x73,0x6b,0x69,0x70,0x5f,0x77,0x73,0x00,0x00,0x0c,
0x70,0x61,0x72,0x73,0x65,0x5f,0x73,0x74,0x72,0x69,0x6e,0x67,0x00,0x00,0x04,0x40,
0x65,0x72,0x72,0x00,0x00,0x04,0x6e,0x69,0x6c,0x3f,0x00,0x00,0x04,0x66,0x61,0x69,
0x6c,0x00,0x00,0x0c,0x63,0x6f,0x6e,0x73,0x75,0x6d,0x65,0x5f,0x63,0x68,0x61,0x72,
0x00,0x00,0x0b,0x70,0x61,0x72,0x73,0x65,0x5f,0x76,0x61,0x6c,0x75,0x65,0x00,0x00,
0x00,0x00,0x89,0x00,0x03,0x00,0x06,0x00,0x01,0x00,0x00,0x00,0x00,0x00,0x38,0x39,
0x00,0x00,0x00,0x5c,0x04,0x00,0x2f,0x03,0x00,0x01,0x27,0x03,0x00,0x05,0x30,0x03,
0x01,0x3d,0x03,0x30,0x03,0x02,0x52,0x02,0x00,0x30,0x03,0x03,0x5c,0x04,0x01,0x4d,
0x03,0x28,0x03,0x00,0x09,0x5c,0x04,0x01,0x2f,0x03,0x00,0x01,0x3d,0x02,0x62,0x04,
0x00,0x31,0x03,0x04,0x00,0x3d,0x02,0x00,0x02,0x00,0x00,0x01,0x5b,0x00,0x00,0x00,
0x01,0x5d,0x00,0x00,0x05,0x00,0x0c,0x63,0x6f,0x6e,0x73,0x75,0x6d,0x65,0x5f,0x63,
0x68,0x61,0x72,0x00,0x00,0x04,0x66,0x61,0x69,0x6c,0x00,0x00,0x07,0x73,0x6b,0x69,
0x70,0x5f,0x77,0x73,0x00,0x00,0x09,0x70,0x65,0x65,0x6b,0x5f,0x63,0x68,0x61,0x72,
0x00,0x00,0x04,0x6c,0x6f,0x6f,0x70,0x00,0x00,0x00,0x00,0xa2,0x00,0x03,0x00,0x06,
0x00,0x00,0x00,0x00,0x00,0x00,0x00,0x4a,0x39,0x00,0x00,0x00,0x30,0x03,0x00,0x01,
0x02,0x03,0x19,0x03,0x01,0x28,0x03,0x00,0x05,0x30,0x03,0x02,0x3e,0x03,0x21,0x03,
0x02,0x00,0x01,0x04,0x02,0x32,0x03,0x03,0x01,0x30,0x03,0x04,0x5c,0x04,0x00,0x2f,
0x03,0x05,0x01,0x28,0x03,0x00,0x04,0x11,0x03,0x43,0x03,0x5c,0x04,0x01,0x2f,0x03,
0x05,0x01,0x28,0x03,0x00,0x05,0x11,0x03,0x26,0x00,0x05,0x30,0x03,0x02,0x3e,0x03,
0x3d,0x03,0x00,0x02,0x00,0x00,0x01,0x5d,0x00,0x00,0x00,0x01,0x2c,0x00,0x00,0x06,
0x00,0x0b,0x70,0x61,0x72,0x73,0x65,0x5f,0x76,0x61,0x6c,0x75,0x65,0x00,0x00,0x04,
0x40,0x65,0x72,0x72,0x00,0x00,0x04,0x66,0x61,0x69,0x6c,0x00,0x00,0x02,0x3c,0x3c,
0x00,0x00,0x07,0x73,0x6b,0x69,0x70,0x5f,0x77,0x73,0x00,0x00,0x0c,0x63,0x6f,0x6e,
0x73,0x75,0x6d,0x65,0x5f,0x63,0x68,0x61,0x72,0x00,0x00,0x00,0x02,0xb1,0x00,0x07,
0x00,0x0d,0x00,0x00,0x00,0x00,0x00,0x00,0x01,0xf4,0x39,0x00,0x00,0x00,0x5c,0x08,
0x00,0x2f,0x07,0x00,0x01,0x27,0x07,0x00,0x05,0x30,0x07,0x01,0x3d,0x07,0x52,0x02,
0x00,0x19,0x03,0x02,0x30,0x07,0x03,0x33,0x07,0x04,0x28,0x07,0x01,0xcb,0x00,0x30,
0x07,0x05,0x01,0x04,0x07,0x01,0x07,0x04,0x5c,0x08,0x00,0x4d,0x07,0x28,0x07,0x00,
0x36,0x19,0x07,0x02,0x01,0x08,0x03,0x50,0x07,0x28,0x07,0x00,0x16,0x01,0x07,0x02,
0x01,0x09,0x03,0x19,0x0a,0x02,0x01,0x0b,0x03,0x47,0x0a,0x2f,0x08,0x06,0x02,0x32,
0x07,0x07,0x01,0x19,0x07,0x02,0x46,0x07,0x01,0x1a,0x07,0x02,0x01,0x07,0x02,0x33,
0x07,0x08,0x3e,0x07,0x26,0x01,0x7f,0x01,0x07,0x04,0x5c,0x08,0x01,0x4d,0x07,0x28,
0x07,0x01,0x6a,0x19,0x07,0x02,0x01,0x08,0x03,0x50,0x07,0x28,0x07,0x00,0x16,0x01,
0x07,0x02,0x01,0x09,0x03,0x19,0x0a,0x02,0x01,0x0b,0x03,0x47,0x0a,0x2f,0x08,0x06,
0x02,0x32,0x07,0x07,0x01,0x19,0x07,0x02,0x46,0x07,0x01,0x1a,0x07,0x02,0x30,0x07,
0x05,0x01,0x05,0x07,0x01,0x07,0x05,0x29,0x07,0x00,0x03,0x26,0x00,0x05,0x30,0x07,
0x01,0x3e,0x07,0x19,0x07,0x02,0x46,0x07,0x01,0x1a,0x07,0x02,0x01,0x07,0x05,0x5c,
0x08,0x00,0x01,0x09,0x07,0x32,0x08,0x09,0x01,0x27,0x08,0x00,0x1c,0x5c,0x08,0x01,
0x01,0x09,0x07,0x32,0x08,0x09,0x01,0x27,0x08,0x00,0x0e,0x5c,0x08,0x02,0x01,0x09,
0x07,0x32,0x08,0x09,0x01,0x28,0x08,0x00,0x0d,0x01,0x08,0x02,0x01,0x09,0x05,0x32,
0x08,0x07,0x01,0x26,0x00,0xe1,0x5c,0x08,0x03,0x01,0x09,0x07,0x32,0x08,0x09,0x01,
0x28,0x08,0x00,0x0d,0x01,0x08,0x02,0x5c,0x09,0x04,0x32,0x08,0x07,0x01,0x26,0x00,
0xc6,0x5c,0x08,0x05,0x01,0x09,0x07,0x32,0x08,0x09,0x01,0x28,0x08,0x00,0x0d,0x01,
0x08,0x02,0x5c,0x09,0x06,0x32,0x08,0x07,0x01,0x26,0x00,0xab,0x5c,0x08,0x07,0x01,
0x09,0x07,0x32,0x08,0x09,0x01,0x28,0x08,0x00,0x0d,0x01,0x08,0x02,0x5c,0x09,0x08,
0x32,0x08,0x07,0x01,0x26,0x00,0x90,0x5c,0x08,0x09,0x01,0x09,0x07,0x32,0x08,0x09,
0x01,0x28,0x08,0x00,0x0d,0x01,0x08,0x02,0x5c,0x09,0x0a,0x32,0x08,0x07,0x01,0x26,
0x00,0x75,0x5c,0x08,0x0b,0x01,0x09,0x07,0x32,0x08,0x09,0x01,0x28,0x08,0x00,0x0d,
0x01,0x08,0x02,0x5c,0x09,0x0c,0x32,0x08,0x07,0x01,0x26,0x00,0x5a,0x5c,0x08,0x0d,
0x01,0x09,0x07,0x32,0x08,0x09,0x01,0x28,0x08,0x00,0x44,0x19,0x09,0x02,0x0a,0x0a,
0x2f,0x08,0x06,0x02,0x01,0x06,0x08,0x01,0x08,0x06,0x33,0x08,0x0a,0x27,0x08,0x00,
0x0a,0x01,0x08,0x06,0x33,0x08,0x0b,0x0a,0x09,0x4e,0x08,0x28,0x08,0x00,0x05,0x30,
0x08,0x01,0x3e,0x08,0x01,0x08,0x02,0x5c,0x09,0x0e,0x01,0x0a,0x06,0x45,0x09,0x32,
0x08,0x07,0x01,0x19,0x08,0x02,0x46,0x08,0x04,0x1a,0x08,0x02,0x26,0x00,0x08,0x30,
0x08,0x01,0x3e,0x08,0x26,0x00,0x00,0x19,0x03,0x02,0x26,0x00,0x09,0x19,0x07,0x02,
0x46,0x07,0x01,0x1a,0x07,0x02,0x26,0xfe,0x2b,0x30,0x07,0x01,0x3d,0x07,0x00,0x0f,
0x00,0x00,0x01,0x22,0x00,0x00,0x00,0x01,0x5c,0x00,0x00,0x00,0x01,0x2f,0x00,0x00,
0x00,0x01,0x62,0x00,0x00,0x00,0x01,0x08,0x00,0x00,0x00,0x01,0x66,0x00,0x00,0x00,
0x01,0x0c,0x00,0x00,0x00,0x01,0x6e,0x00,0x00,0x00,0x01,0x0a,0x00,0x00,0x00,0x01,
0x72,0x00,0x00,0x00,0x01,0x0d,0x00,0x00,0x00,0x01,0x74,0x00,0x00,0x00,0x01,0x09,
0x00,0x00,0x00,0x01,0x75,0x00,0x00,0x00,0x02,0x5c,0x75,0x00,0x00,0x0c,0x00,0x0c,
0x63,0x6f,0x6e,0x73,0x75,0x6d,0x65,0x5f,0x63,0x68,0x61,0x72,0x00,0x00,0x04,0x66,
0x61,0x69,0x6c,0x00,0x00,0x02,0x40,0x69,0x00,0x00,0x04,0x65,0x6f,0x66,0x3f,0x00,
0x00,0x01,0x21,0x00,0x00,0x09,0x70,0x65,0x65,0x6b,0x5f,0x63,0x68,0x61,0x72,0x00,
0x00,0x06,0x73,0x75,0x62,0x73,0x74,0x72,0x00,0x00,0x02,0x3c,0x3c,0x00,0x00,0x04,
0x6a,0x6f,0x69,0x6e,0x00,0x00,0x03,0x3d,0x3d,0x3d,0x00,0x00,0x04,0x6e,0x69,0x6c,
0x3f,0x00,0x00,0x06,0x6c,0x65,0x6e,0x67,0x74,0x68,0x00,0x00,0x00,0x02,0x40,0x00,
0x07,0x00,0x0c,0x00,0x00,0x00,0x00,0x00,0x00,0x01,0xb4,0x39,0x00,0x00,0x00,0x19,
0x02,0x00,0x30,0x07,0x01,0x5c,0x08,0x00,0x4d,0x07,0x28,0x07,0x00,0x09,0x19,0x07,
0x00,0x46,0x07,0x01,0x1a,0x07,0x00,0x30,0x07,0x01,0x5c,0x08,0x01,0x4d,0x07,0x28,
0x07,0x00,0x0c,0x19,0x07,0x00,0x46,0x07,0x01,0x1a,0x07,0x00,0x26,0x00,0x28,0x30,
0x08,0x01,0x2f,0x07,0x02,0x01,0x27,0x07,0x00,0x05,0x30,0x07,0x03,0x3d,0x07,0x30,
0x08,0x01,0x2f,0x07,0x02,0x01,0x28,0x07,0x00,0x0d,0x00,0x19,0x07,0x00,0x46,0x07,
0x01,0x1a,0x07,0x00,0x26,0xff,0xe8,0x30,0x07,0x01,0x5c,0x08,0x02,0x4d,0x07,0x28,
0x07,0x00,0x31,0x19,0x07,0x00,0x46,0x07,0x01,0x1a,0x07,0x00,0x30,0x08,0x01,0x2f,
0x07,0x02,0x01,0x27,0x07,0x00,0x05,0x30,0x07,0x03,0x3d,0x07,0x30,0x08,0x01,0x2f,
0x07,0x02,0x01,0x28,0x07,0x00,0x0d,0x00,0x19,0x07,0x00,0x46,0x07,0x01,0x1a,0x07,
0x00,0x26,0xff,0xe8,0x30,0x07,0x01,0x01,0x03,0x07,0x01,0x07,0x03,0x5c,0x08,0x03,
0x4d,0x07,0x27,0x07,0x00,0x08,0x01,0x07,0x03,0x5c,0x08,0x04,0x4d,0x07,0x28,0x07,
0x00,0x58,0x19,0x07,0x00,0x46,0x07,0x01,0x1a,0x07,0x00,0x30,0x07,0x01,0x01,0x04,
0x07,0x01,0x07,0x04,0x5c,0x08,0x05,0x4d,0x07,0x27,0x07,0x00,0x08,0x01,0x07,0x04,
0x5c,0x08,0x00,0x4d,0x07,0x28,0x07,0x00,0x09,0x19,0x07,0x00,0x46,0x07,0x01,0x1a,
0x07,0x00,0x30,0x08,0x01,0x2f,0x07,0x02,0x01,0x27,0x07,0x00,0x05,0x30,0x07,0x03,
0x3d,0x07,0x30,0x08,0x01,0x2f,0x07,0x02,0x01,0x28,0x07,0x00,0x0d,0x00,0x19,0x07,
0x00,0x46,0x07,0x01,0x1a,0x07,0x00,0x26,0xff,0xe8,0x01,0x08,0x02,0x19,0x09,0x00,
0x01,0x0a,0x02,0x47,0x09,0x2f,0x07,0x04,0x02,0x01,0x05,0x07,0x01,0x07,0x05,0x33,
0x07,0x05,0x27,0x07,0x00,0x0a,0x01,0x07,0x05,0x33,0x07,0x06,0x06,0x08,0x4d,0x07,
0x28,0x07,0x00,0x05,0x30,0x07,0x03,0x3d,0x07,0x01,0x07,0x05,0x5c,0x08,0x02,0x32,
0x07,0x07,0x01,0x27,0x07,0x00,0x0a,0x01,0x07,0x05,0x5c,0x08,0x03,0x32,0x07,0x07,
0x01,0x27,0x07,0x00,0x0a,0x01,0x07,0x05,0x5c,0x08,0x04,0x32,0x07,0x07,0x01,0x28,
0x07,0x00,0x09,0x01,0x07,0x05,0x33,0x07,0x08,0x26,0x00,0x41,0x01,0x07,0x05,0x06,
0x08,0x07,0x09,0x32,0x07,0x09,0x02,0x5c,0x08,0x00,0x4d,0x07,0x28,0x07,0x00,0x0c,
0x01,0x07,0x05,0x33,0x07,0x06,0x48,0x07,0x01,0x26,0x00,0x06,0x01,0x07,0x05,0x33,
0x07,0x06,0x01,0x06,0x07,0x01,0x07,0x06,0x03,0x08,0x0a,0x51,0x07,0x28,0x07,0x00,
0x06,0x01,0x07,0x05,0x26,0x00,0x06,0x01,0x07,0x05,0x33,0x07,0x0a,0x3d,0x07,0x00,
0x06,0x00,0x00,0x01,0x2d,0x00,0x00,0x00,0x01,0x30,0x00,0x00,0x00,0x01,0x2e,0x00,
0x00,0x00,0x01,0x65,0x00,0x00,0x00,0x01,0x45,0x00,0x00,0x00,0x01,0x2b,0x00,0x00,
0x0b,0x00,0x02,0x40,0x69,0x00,0x00,0x09,0x70,0x65,0x65,0x6b,0x5f,0x63,0x68,0x61,
0x72,0x00,0x00,0x0b,0x64,0x69,0x67,0x69,0x74,0x5f,0x63,0x68,0x61,0x72,0x3f,0x00,
0x00,0x04,0x66,0x61,0x69,0x6c,0x00,0x00,0x06,0x73,0x75,0x62,0x73,0x74,0x72,0x00,
0x00,0x04,0x6e,0x69,0x6c,0x3f,0x00,0x00,0x06,0x6c,0x65,0x6e,0x67,0x74,0x68,0x00,
0x00,0x05,0x69,0x6e,0x64,0x65,0x78,0x00,0x00,0x04,0x74,0x6f,0x5f,0x66,0x00,0x00,
0x02,0x5b,0x5d,0x00,0x00,0x04,0x74,0x6f,0x5f,0x69,0x00,0x00,0x00,0x00,0x8e,0x00,
0x02,0x00,0x06,0x00,0x00,0x00,0x00,0x00,0x00,0x00,0x57,0x39,0x00,0x00,0x00,0x19,
0x02,0x00,0x09,0x03,0x51,0x02,0x28,0x02,0x00,0x10,0x19,0x02,0x01,0x06,0x03,0x07,
0x04,0x32,0x02,0x02,0x02,0x5c,0x03,0x00,0x4d,0x02,0x28,0x02,0x00,0x10,0x19,0x02,
0x01,0x07,0x03,0x07,0x04,0x32,0x02,0x02,0x02,0x5c,0x03,0x01,0x4d,0x02,0x28,0x02,
0x00,0x10,0x19,0x02,0x01,0x08,0x03,0x07,0x04,0x32,0x02,0x02,0x02,0x5c,0x03,0x02,
0x4d,0x02,0x28,0x02,0x00,0x08,0x09,0x02,0x1a,0x02,0x03,0x26,0x00,0x02,0x11,0x02,
0x3d,0x02,0x00,0x03,0x00,0x00,0x01,0xef,0x00,0x00,0x00,0x01,0xbb,0x00,0x00,0x00,
0x01,0xbf,0x00,0x00,0x04,0x00,0x02,0x40,0x6e,0x00,0x00,0x02,0x40,0x73,0x00,0x00,
0x02,0x5b,0x5d,0x00,0x00,0x02,0x40,0x69,0x00,0x00,0x00,0x00,0xb2,0x00,0x03,0x00,
0x06,0x00,0x00,0x00,0x00,0x00,0x00,0x00,0x69,0x39,0x00,0x00,0x00,0x30,0x03,0x00,
0x33,0x03,0x01,0x28,0x03,0x00,0x57,0x00,0x30,0x03,0x02,0x01,0x02,0x03,0x01,0x03,
0x02,0x5c,0x04,0x00,0x4d,0x03,0x27,0x03,0x00,0x08,0x01,0x03,0x02,0x5c,0x04,0x01,
0x4d,0x03,0x27,0x03,0x00,0x08,0x01,0x03,0x02,0x5c,0x04,0x02,0x4d,0x03,0x27,0x03,
0x00,0x08,0x01,0x03,0x02,0x5c,0x04,0x03,0x4d,0x03,0x27,0x03,0x00,0x08,0x01,0x03,
0x02,0x5c,0x04,0x04,0x4d,0x03,0x28,0x03,0x00,0x0c,0x19,0x03,0x03,0x46,0x03,0x01,
0x1a,0x03,0x03,0x26,0x00,0x05,0x11,0x03,0x2a,0x00,0x05,0x26,0xff,0x9f,0x11,0x03,
0x3d,0x03,0x00,0x05,0x00,0x00,0x01,0x20,0x00,0x00,0x00,0x01,0x0a,0x00,0x00,0x00,
0x01,0x0d,0x00,0x00,0x00,0x01,0x09,0x00,0x00,0x00,0x01,0x00,0x00,0x00,0x04,0x00,
0x04,0x65,0x6f,0x66,0x3f,0x00,0x00,0x01,0x21,0x00,0x00,0x09,0x70,0x65,0x65,0x6b,
0x5f,0x63,0x68,0x61,0x72,0x00,0x00,0x02,0x40,0x69,0x00,0x00,0x00,0x00,0x56,0x00,
0x03,0x00,0x06,0x00,0x00,0x00,0x00,0x00,0x00,0x00,0x2a,0x39,0x04,0x00,0x00,0x30,
0x03,0x00,0x28,0x03,0x00,0x01,0x42,0x30,0x03,0x01,0x01,0x04,0x01,0x4d,0x03,0x28,
0x03,0x00,0x0e,0x19,0x03,0x02,0x46,0x03,0x01,0x1a,0x03,0x02,0x13,0x03,0x26,0x00,
0x02,0x14,0x03,0x3d,0x03,0x00,0x00,0x00,0x03,0x00,0x04,0x65,0x6f,0x66,0x3f,0x00,
0x00,0x09,0x70,0x65,0x65,0x6b,0x5f,0x63,0x68,0x61,0x72,0x00,0x00,0x02,0x40,0x69,
0x00,0x00,0x00,0x00,0x40,0x00,0x02,0x00,0x06,0x00,0x00,0x00,0x00,0x00,0x00,0x00,
0x17,0x39,0x00,0x00,0x00,0x30,0x02,0x00,0x28,0x02,0x00,0x01,0x40,0x19,0x03,0x01,
0x07,0x04,0x2f,0x02,0x02,0x02,0x3d,0x02,0x00,0x00,0x00,0x03,0x00,0x04,0x65,0x6f,
0x66,0x3f,0x00,0x00,0x02,0x40,0x69,0x00,0x00,0x06,0x73,0x75,0x62,0x73,0x74,0x72,
0x00,0x00,0x00,0x00,0x31,0x00,0x04,0x00,0x08,0x00,0x00,0x00,0x00,0x00,0x00,0x00,
0x13,0x39,0x08,0x00,0x00,0x19,0x04,0x00,0x01,0x05,0x01,0x01,0x06,0x02,0x32,0x04,
0x01,0x02,0x3d,0x04,0x00,0x00,0x00,0x02,0x00,0x02,0x40,0x73,0x00,0x00,0x02,0x5b,
0x5d,0x00,0x00,0x00,0x00,0x2c,0x00,0x02,0x00,0x05,0x00,0x00,0x00,0x00,0x00,0x00,
0x00,0x0e,0x39,0x00,0x00,0x00,0x19,0x02,0x00,0x19,0x03,0x01,0x51,0x02,0x3d,0x02,
0x00,0x00,0x00,0x02,0x00,0x02,0x40,0x69,0x00,0x00,0x02,0x40,0x6e,0x00,0x00,0x00,
0x00,0x3f,0x00,0x03,0x00,0x06,0x00,0x00,0x00,0x00,0x00,0x00,0x00,0x21,0x39,0x04,
0x00,0x00,0x01,0x03,0x01,0x28,0x03,0x00,0x08,0x01,0x03,0x01,0x5c,0x04,0x00,0x51,
0x03,0x28,0x03,0x00,0x08,0x01,0x03,0x01,0x5c,0x04,0x01,0x4f,0x03,0x3d,0x03,0x00,
0x02,0x00,0x00,0x01,0x30,0x00,0x00,0x00,0x01,0x39,0x00,0x00,0x00,0x00,0x00,0x00,
0x60,0x00,0x04,0x00,0x08,0x00,0x00,0x00,0x00,0x00,0x00,0x00,0x30,0x39,0x04,0x00,
0x00,0x01,0x04,0x01,0x33,0x04,0x00,0x01,0x03,0x04,0x19,0x04,0x01,0x19,0x05,0x02,
0x47,0x04,0x01,0x05,0x03,0x4e,0x04,0x28,0x04,0x00,0x01,0x42,0x19,0x05,0x02,0x01,
0x06,0x03,0x2f,0x04,0x03,0x02,0x01,0x05,0x01,0x4d,0x04,0x3d,0x04,0x00,0x00,0x00,
0x04,0x00,0x06,0x6c,0x65,0x6e,0x67,0x74,0x68,0x00,0x00,0x02,0x40,0x6e,0x00,0x00,
0x02,0x40,0x69,0x00,0x00,0x06,0x73,0x75,0x62,0x73,0x74,0x72,0x00,0x00,0x00,0x00,
0x25,0x00,0x02,0x00,0x03,0x00,0x00,0x00,0x00,0x00,0x00,0x00,0x0a,0x39,0x00,0x00,
0x00,0x13,0x02,0x1a,0x02,0x00,0x40,0x00,0x00,0x00,0x01,0x00,0x04,0x40,0x65,0x72,
0x72,0x00,0x00,0x00,0x00,0x32,0x00,0x01,0x00,0x01,0x00,0x02,0x00,0x00,0x00,0x00,
0x00,0x0a,0x6b,0x01,0x00,0x00,0x6b,0x01,0x01,0x01,0x3d,0x00,0x00,0x00,0x00,0x02,
0x00,0x08,0x67,0x65,0x6e,0x65,0x72,0x61,0x74,0x65,0x00,0x00,0x06,0x73,0x74,0x72,
0x69,0x6e,0x67,0x00,0x00,0x00,0x01,0xab,0x00,0x04,0x00,0x09,0x00,0x02,0x00,0x00,
0x00,0x00,0x00,0xed,0x39,0x04,0x00,0x00,0x01,0x04,0x01,0x1d,0x05,0x00,0x01,0x06,
0x04,0x32,0x05,0x01,0x01,0x28,0x05,0x00,0x24,0x52,0x03,0x00,0x01,0x05,0x01,0x62,
0x06,0x00,0x34,0x05,0x02,0x00,0x5c,0x05,0x00,0x01,0x06,0x03,0x5c,0x07,0x01,0x32,
0x06,0x03,0x01,0x5d,0x05,0x5c,0x06,0x02,0x5d,0x05,0x26,0x00,0xb2,0x1d,0x05,0x04,
0x01,0x06,0x04,0x32,0x05,0x01,0x01,0x28,0x05,0x00,0x1e,0x5c,0x05,0x03,0x01,0x06,
0x01,0x62,0x07,0x01,0x34,0x06,0x05,0x00,0x5c,0x07,0x01,0x32,0x06,0x03,0x01,0x5d,
0x05,0x5c,0x06,0x04,0x5d,0x05,0x26,0x00,0x86,0x1d,0x05,0x06,0x01,0x06,0x04,0x32,
0x05,0x01,0x01,0x28,0x05,0x00,0x0a,0x01,0x06,0x01,0x2f,0x05,0x07,0x01,0x26,0x00,
0x6e,0x1d,0x05,0x08,0x01,0x06,0x04,0x32,0x05,0x01,0x01,0x28,0x05,0x00,0x06,0x5c,
0x05,0x05,0x26,0x00,0x5a,0x1d,0x05,0x09,0x01,0x06,0x04,0x32,0x05,0x01,0x01,0x28,
0x05,0x00,0x06,0x5c,0x05,0x06,0x26,0x00,0x46,0x1d,0x05,0x0a,0x01,0x06,0x04,0x32,
0x05,0x01,0x01,0x28,0x05,0x00,0x06,0x5c,0x05,0x07,0x26,0x00,0x32,0x1d,0x05,0x0b,
0x01,0x06,0x04,0x32,0x05,0x01,0x01,0x27,0x05,0x00,0x0e,0x1d,0x05,0x0c,0x01,0x06,
0x04,0x32,0x05,0x01,0x01,0x28,0x05,0x00,0x09,0x01,0x05,0x01,0x33,0x05,0x0d,0x26,
0x00,0x0d,0x01,0x06,0x01,0x33,0x06,0x0d,0x2f,0x05,0x07,0x01,0x26,0x00,0x00,0x3d,
0x05,0x00,0x08,0x00,0x00,0x01,0x7b,0x00,0x00,0x00,0x01,0x2c,0x00,0x00,0x00,0x01,
0x7d,0x00,0x00,0x00,0x01,0x5b,0x00,0x00,0x00,0x01,0x5d,0x00,0x00,0x00,0x04,0x74,
0x72,0x75,0x65,0x00,0x00,0x00,0x05,0x66,0x61,0x6c,0x73,0x65,0x00,0x00,0x00,0x04,
0x6e,0x75,0x6c,0x6c,0x00,0x00,0x0e,0x00,0x04,0x48,0x61,0x73,0x68,0x00,0x00,0x03,
0x3d,0x3d,0x3d,0x00,0x00,0x04,0x65,0x61,0x63,0x68,0x00,0x00,0x04,0x6a,0x6f,0x69,
0x6e,0x00,0x00,0x05,0x41,0x72,0x72,0x61,0x79,0x00,0x00,0x03,0x6d,0x61,0x70,0x00,
0x00,0x06,0x53,0x74,0x72,0x69,0x6e,0x67,0x00,0x00,0x06,0x73,0x74,0x72,0x69,0x6e,
0x67,0x00,0x00,0x09,0x54,0x72,0x75,0x65,0x43,0x6c,0x61,0x73,0x73,0x00,0x00,0x0a,
0x46,0x61,0x6c,0x73,0x65,0x43,0x6c,0x61,0x73,0x73,0x00,0x00,0x08,0x4e,0x69,0x6c,
0x43,0x6c,0x61,0x73,0x73,0x00,0x00,0x07,0x49,0x6e,0x74,0x65,0x67,0x65,0x72,0x00,
0x00,0x05,0x46,0x6c,0x6f,0x61,0x74,0x00,0x00,0x04,0x74,0x6f,0x5f,0x73,0x00,0x00,
0x00,0x00,0x6d,0x00,0x04,0x00,0x09,0x00,0x00,0x00,0x00,0x00,0x00,0x00,0x30,0x39,
0x08,0x00,0x00,0x21,0x04,0x03,0x00,0x5c,0x05,0x00,0x01,0x07,0x01,0x33,0x07,0x00,
0x2f,0x06,0x01,0x01,0x5d,0x05,0x5c,0x06,0x01,0x5d,0x05,0x01,0x07,0x02,0x2f,0x06,
0x02,0x01,0x5d,0x05,0x5c,0x06,0x00,0x5d,0x05,0x32,0x04,0x03,0x01,0x3d,0x04,0x00,
0x02,0x00,0x00,0x00,0x00,0x00,0x00,0x01,0x3a,0x00,0x00,0x04,0x00,0x04,0x74,0x6f,
0x5f,0x73,0x00,0x00,0x06,0x73,0x74,0x72,0x69,0x6e,0x67,0x00,0x00,0x08,0x67,0x65,
0x6e,0x65,0x72,0x61,0x74,0x65,0x00,0x00,0x02,0x3c,0x3c,0x00,0x00,0x00,0x00,0x2c,
0x00,0x03,0x00,0x06,0x00,0x00,0x00,0x00,0x00,0x00,0x00,0x0d,0x39,0x04,0x00,0x00,
0x01,0x04,0x01,0x2f,0x03,0x00,0x01,0x3d,0x03,0x00,0x00,0x00,0x01,0x00,0x08,0x67,
0x65,0x6e,0x65,0x72,0x61,0x74,0x65,0x00,0x00,0x00,0x01,0xc5,0x00,0x07,0x00,0x0b,
0x00,0x00,0x00,0x00,0x00,0x00,0x01,0x39,0x39,0x04,0x00,0x00,0x52,0x03,0x00,0x01,
0x07,0x03,0x5c,0x08,0x00,0x32,0x07,0x00,0x01,0x06,0x04,0x01,0x07,0x01,0x33,0x07,
0x01,0x01,0x05,0x07,0x01,0x07,0x04,0x01,0x08,0x05,0x4e,0x07,0x28,0x07,0x00,0xff,
0x00,0x01,0x07,0x01,0x01,0x08,0x04,0x07,0x09,0x32,0x07,0x02,0x02,0x01,0x06,0x07,
0x01,0x07,0x06,0x5c,0x08,0x00,0x01,0x09,0x07,0x32,0x08,0x03,0x01,0x28,0x08,0x00,
0x0d,0x01,0x08,0x03,0x5c,0x09,0x01,0x32,0x08,0x00,0x01,0x26,0x00,0xca,0x5c,0x08,
0x02,0x01,0x09,0x07,0x32,0x08,0x03,0x01,0x28,0x08,0x00,0x0d,0x01,0x08,0x03,0x5c,
0x09,0x03,0x32,0x08,0x00,0x01,0x26,0x00,0xaf,0x5c,0x08,0x04,0x01,0x09,0x07,0x32,
0x08,0x03,0x01,0x28,0x08,0x00,0x0d,0x01,0x08,0x03,0x5c,0x09,0x05,0x32,0x08,0x00,
0x01,0x26,0x00,0x94,0x5c,0x08,0x06,0x01,0x09,0x07,0x32,0x08,0x03,0x01,0x28,0x08,
0x00,0x0d,0x01,0x08,0x03,0x5c,0x09,0x07,0x32,0x08,0x00,0x01,0x26,0x00,0x79,0x5c,
0x08,0x08,0x01,0x09,0x07,0x32,0x08,0x03,0x01,0x28,0x08,0x00,0x0d,0x01,0x08,0x03,
0x5c,0x09,0x09,0x32,0x08,0x00,0x01,0x26,0x00,0x5e,0x5c,0x08,0x0a,0x01,0x09,0x07,
0x32,0x08,0x03,0x01,0x28,0x08,0x00,0x0d,0x01,0x08,0x03,0x5c,0x09,0x0b,0x32,0x08,
0x00,0x01,0x26,0x00,0x43,0x5c,0x08,0x0c,0x01,0x09,0x07,0x32,0x08,0x03,0x01,0x28,
0x08,0x00,0x0d,0x01,0x08,0x03,0x5c,0x09,0x0d,0x32,0x08,0x00,0x01,0x26,0x00,0x28,
0x5c,0x08,0x0e,0x01,0x09,0x07,0x32,0x08,0x03,0x01,0x28,0x08,0x00,0x0d,0x01,0x08,
0x03,0x5c,0x09,0x0f,0x32,0x08,0x00,0x01,0x26,0x00,0x0d,0x01,0x08,0x03,0x01,0x09,
0x06,0x32,0x08,0x00,0x01,0x26,0x00,0x00,0x49,0x04,0x07,0x01,0x26,0xfe,0xf5,0x01,
0x07,0x03,0x5c,0x08,0x00,0x32,0x07,0x00,0x01,0x01,0x07,0x03,0x33,0x07,0x04,0x3d,
0x07,0x00,0x10,0x00,0x00,0x01,0x22,0x00,0x00,0x00,0x02,0x5c,0x22,0x00,0x00,0x00,
0x01,0x5c,0x00,0x00,0x00,0x02,0x5c,0x5c,0x00,0x00,0x00,0x01,0x2f,0x00,0x00,0x00,
0x02,0x5c,0x2f,0x00,0x00,0x00,0x01,0x08,0x00,0x00,0x00,0x02,0x5c,0x62,0x00,0x00,
0x00,0x01,0x0c,0x00,0x00,0x00,0x02,0x5c,0x66,0x00,0x00,0x00,0x01,0x0a,0x00,0x00,
0x00,0x02,0x5c,0x6e,0x00,0x00,0x00,0x01,0x0d,0x00,0x00,0x00,0x02,0x5c,0x72,0x00,
0x00,0x00,0x01,0x09,0x00,0x00,0x00,0x02,0x5c,0x74,0x00,0x00,0x05,0x00,0x02,0x3c,
0x3c,0x00,0x00,0x06,0x6c,0x65,0x6e,0x67,0x74,0x68,0x00,0x00,0x02,0x5b,0x5d,0x00,
0x00,0x03,0x3d,0x3d,0x3d,0x00,0x00,0x04,0x6a,0x6f,0x69,0x6e,0x00,0x00,0x00,0x00,
0x32,0x00,0x01,0x00,0x01,0x00,0x02,0x00,0x00,0x00,0x00,0x00,0x0a,0x6b,0x01,0x00,
0x00,0x6b,0x01,0x01,0x01,0x3d,0x00,0x00,0x00,0x00,0x02,0x00,0x0a,0x69,0x6e,0x69,
0x74,0x69,0x61,0x6c,0x69,0x7a,0x65,0x00,0x00,0x04,0x65,0x6d,0x69,0x74,0x00,0x00,
0x00,0x00,0x2a,0x00,0x03,0x00,0x04,0x00,0x00,0x00,0x00,0x00,0x00,0x00,0x0c,0x39,
0x04,0x00,0x00,0x01,0x03,0x01,0x1a,0x03,0x00,0x3d,0x03,0x00,0x00,0x00,0x01,0x00,
0x07,0x40,0x69,0x6e,0x64,0x65,0x6e,0x74,0x00,0x00,0x00,0x02,0x4e,0x00,0x05,0x00,
0x0b,0x00,0x02,0x00,0x00,0x00,0x00,0x01,0x4b,0x39,0x08,0x00,0x00,0x01,0x05,0x01,
0x1d,0x06,0x00,0x01,0x07,0x05,0x32,0x06,0x01,0x01,0x28,0x06,0x00,0x47,0x01,0x06,
0x01,0x33,0x06,0x02,0x28,0x06,0x00,0x05,0x5c,0x06,0x00,0x3d,0x06,0x52,0x04,0x00,
0x01,0x06,0x01,0x62,0x07,0x00,0x34,0x06,0x03,0x00,0x5c,0x06,0x01,0x01,0x07,0x04,
0x5c,0x08,0x02,0x32,0x07,0x04,0x01,0x45,0x06,0x5c,0x07,0x03,0x45,0x06,0x5c,0x07,
0x04,0x01,0x08,0x02,0x19,0x09,0x05,0x4b,0x08,0x4b,0x07,0x45,0x06,0x5c,0x07,0x05,
0x45,0x06,0x26,0x00,0xed,0x1d,0x06,0x06,0x01,0x07,0x05,0x32,0x06,0x01,0x01,0x28,
0x06,0x00,0x47,0x01,0x06,0x01,0x33,0x06,0x02,0x28,0x06,0x00,0x05,0x5c,0x06,0x06,
0x3d,0x06,0x01,0x06,0x01,0x62,0x07,0x01,0x34,0x06,0x07,0x00,0x01,0x04,0x06,0x5c,
0x06,0x07,0x01,0x07,0x04,0x5c,0x08,0x02,0x32,0x07,0x04,0x01,0x45,0x06,0x5c,0x07,
0x03,0x45,0x06,0x5c,0x07,0x04,0x01,0x08,0x02,0x19,0x09,0x05,0x4b,0x08,0x4b,0x07,
0x45,0x06,0x5c,0x07,0x08,0x45,0x06,0x26,0x00,0x98,0x1d,0x06,0x08,0x01,0x07,0x05,
0x32,0x06,0x01,0x01,0x28,0x06,0x00,0x13,0x1d,0x06,0x0a,0x1f,0x06,0x09,0x33,0x06,
0x0b,0x01,0x07,0x01,0x32,0x06,0x0c,0x01,0x26,0x00,0x77,0x1d,0x06,0x0d,0x01,0x07,
0x05,0x32,0x06,0x01,0x01,0x28,0x06,0x00,0x06,0x5c,0x06,0x09,0x26,0x00,0x63,0x1d,
0x06,0x0e,0x01,0x07,0x05,0x32,0x06,0x01,0x01,0x28,0x06,0x00,0x06,0x5c,0x06,0x0a,
0x26,0x00,0x4f,0x1d,0x06,0x0f,0x01,0x07,0x05,0x32,0x06,0x01,0x01,0x28,0x06,0x00,
0x06,0x5c,0x06,0x0b,0x26,0x00,0x3b,0x1d,0x06,0x10,0x01,0x07,0x05,0x32,0x06,0x01,
0x01,0x27,0x06,0x00,0x0e,0x1d,0x06,0x11,0x01,0x07,0x05,0x32,0x06,0x01,0x01,0x28,
0x06,0x00,0x09,0x01,0x06,0x01,0x33,0x06,0x12,0x26,0x00,0x16,0x1d,0x06,0x0a,0x1f,
0x06,0x09,0x33,0x06,0x0b,0x01,0x07,0x01,0x33,0x07,0x12,0x32,0x06,0x0c,0x01,0x26,
0x00,0x00,0x3d,0x06,0x00,0x0c,0x00,0x00,0x02,0x7b,0x7d,0x00,0x00,0x00,0x02,0x7b,
0x0a,0x00,0x00,0x00,0x02,0x2c,0x0a,0x00,0x00,0x00,0x01,0x0a,0x00,0x00,0x00,0x01,
0x20,0x00,0x00,0x00,0x01,0x7d,0x00,0x00,0x00,0x02,0x5b,0x5d,0x00,0x00,0x00,0x02,
0x5b,0x0a,0x00,0x00,0x00,0x01,0x5d,0x00,0x00,0x00,0x04,0x74,0x72,0x75,0x65,0x00,
0x00,0x00,0x05,0x66,0x61,0x6c,0x73,0x65,0x00,0x00,0x00,0x04,0x6e,0x75,0x6c,0x6c,
0x00,0x00,0x13,0x00,0x04,0x48,0x61,0x73,0x68,0x00,0x00,0x03,0x3d,0x3d,0x3d,0x00,
0x00,0x06,0x65,0x6d,0x70,0x74,0x79,0x3f,0x00,0x00,0x04,0x65,0x61,0x63,0x68,0x00,
0x00,0x04,0x6a,0x6f,0x69,0x6e,0x00,0x00,0x07,0x40,0x69,0x6e,0x64,0x65,0x6e,0x74,
0x00,0x00,0x05,0x41,0x72,0x72,0x61,0x79,0x00,0x00,0x03,0x6d,0x61,0x70,0x00,0x00,
0x06,0x53,0x74,0x72,0x69,0x6e,0x67,0x00,0x00,0x09,0x47,0x65,0x6e,0x65,0x72,0x61,
0x74,0x6f,0x72,0x00,0x00,0x04,0x4a,0x53,0x4f,0x4e,0x00,0x00,0x03,0x6e,0x65,0x77,
0x00,0x00,0x06,0x73,0x74,0x72,0x69,0x6e,0x67,0x00,0x00,0x09,0x54,0x72,0x75,0x65,
0x43,0x6c,0x61,0x73,0x73,0x00,0x00,0x0a,0x46,0x61,0x6c,0x73,0x65,0x43,0x6c,0x61,
0x73,0x73,0x00,0x00,0x08,0x4e,0x69,0x6c,0x43,0x6c,0x61,0x73,0x73,0x00,0x00,0x07,
0x49,0x6e,0x74,0x65,0x67,0x65,0x72,0x00,0x00,0x05,0x46,0x6c,0x6f,0x61,0x74,0x00,
0x00,0x04,0x74,0x6f,0x5f,0x73,0x00,0x00,0x00,0x00,0xb0,0x00,0x04,0x00,0x0b,0x00,
0x00,0x00,0x00,0x00,0x00,0x00,0x4e,0x39,0x08,0x00,0x00,0x21,0x04,0x04,0x00,0x5c,
0x05,0x00,0x21,0x06,0x02,0x00,0x46,0x06,0x01,0x19,0x07,0x00,0x4b,0x06,0x4b,0x05,
0x5c,0x06,0x01,0x1d,0x07,0x02,0x1f,0x07,0x01,0x33,0x07,0x03,0x01,0x08,0x01,0x33,
0x08,0x04,0x32,0x07,0x05,0x01,0x5d,0x06,0x5c,0x07,0x02,0x5d,0x06,0x45,0x05,0x01,
0x07,0x02,0x21,0x08,0x02,0x00,0x46,0x08,0x01,0x2f,0x06,0x06,0x02,0x45,0x05,0x32,
0x04,0x07,0x01,0x3d,0x04,0x00,0x03,0x00,0x00,0x01,0x20,0x00,0x00,0x00,0x00,0x00,
0x00,0x00,0x02,0x3a,0x20,0x00,0x00,0x08,0x00,0x07,0x40,0x69,0x6e,0x64,0x65,0x6e,
0x74,0x00,0x00,0x09,0x47,0x65,0x6e,0x65,0x72,0x61,0x74,0x6f,0x72,0x00,0x00,0x04,
0x4a,0x53,0x4f,0x4e,0x00,0x00,0x03,0x6e,0x65,0x77,0x00,0x00,0x04,0x74,0x6f,0x5f,
0x73,0x00,0x00,0x06,0x73,0x74,0x72,0x69,0x6e,0x67,0x00,0x00,0x04,0x65,0x6d,0x69,
0x74,0x00,0x00,0x02,0x3c,0x3c,0x00,0x00,0x00,0x00,0x51,0x00,0x03,0x00,0x09,0x00,
0x00,0x00,0x00,0x00,0x00,0x00,0x27,0x39,0x04,0x00,0x00,0x5c,0x03,0x00,0x21,0x04,
0x02,0x00,0x46,0x04,0x01,0x19,0x05,0x00,0x4b,0x04,0x4b,0x03,0x01,0x05,0x01,0x21,
0x06,0x02,0x00,0x46,0x06,0x01,0x2f,0x04,0x01,0x02,0x45,0x03,0x3d,0x03,0x00,0x01,
0x00,0x00,0x01,0x20,0x00,0x00,0x02,0x00,0x07,0x40,0x69,0x6e,0x64,0x65,0x6e,0x74,
0x00,0x00,0x04,0x65,0x6d,0x69,0x74,0x00,0x00,0x00,0x01,0x43,0x00,0x01,0x00,0x09,
0x00,0x0a,0x00,0x00,0x00,0x00,0x00,0x64,0x03,0x01,0x53,0x1e,0x01,0x00,0x06,0x01,
0x1e,0x01,0x01,0x03,0x01,0x2d,0x1e,0x01,0x02,0x03,0x01,0x31,0x1e,0x01,0x03,0x03,
0x01,0x32,0x1e,0x01,0x04,0x10,0x01,0x05,0x06,0x02,0x10,0x03,0x06,0x07,0x04,0x10,
0x05,0x07,0x08,0x06,0x10,0x07,0x08,0x09,0x08,0x5e,0x01,0x04,0x1e,0x01,0x09,0x6b,
0x01,0x0a,0x00,0x6b,0x01,0x0b,0x01,0x6b,0x01,0x0c,0x02,0x6b,0x01,0x0d,0x03,0x6b,
0x01,0x0e,0x04,0x6b,0x01,0x0f,0x05,0x6b,0x01,0x10,0x06,0x6b,0x01,0x11,0x07,0x30,
0x01,0x12,0x6b,0x01,0x13,0x08,0x6b,0x01,0x14,0x09,0x3d,0x00,0x00,0x00,0x00,0x15,
0x00,0x08,0x49,0x32,0x43,0x5f,0x41,0x44,0x44,0x52,0x00,0x00,0x09,0x52,0x45,0x47,
0x5f,0x44,0x45,0x56,0x49,0x44,0x00,0x00,0x0d,0x52,0x45,0x47,0x5f,0x50,0x4f,0x57,
0x45,0x52,0x5f,0x43,0x54,0x4c,0x00,0x00,0x0f,0x52,0x45,0x47,0x5f,0x44,0x41,0x54,
0x41,0x5f,0x46,0x4f,0x52,0x4d,0x41,0x54,0x00,0x00,0x0d,0x52,0x45,0x47,0x5f,0x44,
0x41,0x54,0x41,0x5f,0x42,0x41,0x53,0x45,0x00,0x00,0x02,0x47,0x32,0x00,0x00,0x02,
0x47,0x34,0x00,0x00,0x02,0x47,0x38,0x00,0x00,0x03,0x47,0x31,0x36,0x00,0x00,0x0e,
0x52,0x41,0x4e,0x47,0x45,0x5f,0x53,0x45,0x54,0x54,0x49,0x4e,0x47,0x53,0x00,0x00,
0x0a,0x69,0x6e,0x69,0x74,0x69,0x61,0x6c,0x69,0x7a,0x65,0x00,0x00,0x04,0x72,0x65,
0x61,0x64,0x00,0x00,0x01,0x78,0x00,0x00,0x01,0x79,0x00,0x00,0x01,0x7a,0x00,0x00,
0x09,0x6d,0x61,0x67,0x6e,0x69,0x74,0x75,0x64,0x65,0x00,0x00,0x04,0x72,0x6f,0x6c,
0x6c,0x00,0x00,0x05,0x70,0x69,0x74,0x63,0x68,0x00,0x00,0x07,0x70,0x72,0x69,0x76,
0x61,0x74,0x65,0x00,0x00,0x07,0x63,0x6f,0x6e,0x76,0x65,0x72,0x74,0x00,0x00,0x0a,
0x64,0x65,0x63,0x6f,0x64,0x65,0x5f,0x72,0x61,0x77,0x00,0x00,0x00,0x01,0x96,0x00,
0x06,0x00,0x0c,0x00,0x00,0x00,0x00,0x00,0x00,0x00,0xae,0x39,0x04,0x00,0x04,0x3a,
0x04,0x00,0x27,0x04,0x00,0x06,0x10,0x04,0x01,0x26,0x00,0x03,0x3c,0x04,0x00,0x3b,
0x10,0x06,0x00,0x01,0x07,0x04,0x5e,0x06,0x01,0x01,0x02,0x06,0x1a,0x01,0x02,0x1d,
0x06,0x03,0x01,0x07,0x04,0x23,0x06,0x27,0x06,0x00,0x08,0x1d,0x06,0x03,0x10,0x07,
0x01,0x23,0x06,0x1a,0x06,0x04,0x06,0x06,0x1a,0x06,0x05,0x06,0x06,0x1a,0x06,0x06,
0x06,0x06,0x1a,0x06,0x07,0x19,0x06,0x02,0x1d,0x07,0x08,0x07,0x08,0x1d,0x09,0x09,
0x32,0x06,0x0a,0x03,0x33,0x06,0x0b,0x06,0x07,0x23,0x06,0x01,0x05,0x06,0x01,0x06,
0x05,0x03,0x07,0xe5,0x32,0x06,0x0c,0x01,0x28,0x06,0x00,0x07,0x5c,0x07,0x00,0x2f,
0x06,0x0d,0x01,0x19,0x06,0x02,0x1d,0x07,0x08,0x1d,0x08,0x0e,0x03,0x09,0x08,0x19,
0x0a,0x04,0x32,0x09,0x0f,0x01,0x52,0x08,0x02,0x32,0x06,0x10,0x02,0x19,0x06,0x02,
0x1d,0x07,0x08,0x1d,0x08,0x11,0x03,0x09,0x08,0x52,0x08,0x02,0x32,0x06,0x10,0x02,
0x02,0x07,0x01,0x2f,0x06,0x12,0x01,0x3d,0x06,0x00,0x02,0x00,0x00,0x11,0x41,0x44,
0x58,0x4c,0x33,0x34,0x35,0x20,0x6e,0x6f,0x74,0x20,0x66,0x6f,0x75,0x6e,0x64,0x00,
0x05,0x9a,0x99,0x99,0x99,0x99,0x99,0xb9,0x3f,0x00,0x13,0x00,0x05,0x72,0x61,0x6e,
0x67,0x65,0x00,0x00,0x02,0x47,0x32,0x00,0x00,0x04,0x40,0x69,0x32,0x63,0x00,0x00,
0x0e,0x52,0x41,0x4e,0x47,0x45,0x5f,0x53,0x45,0x54,0x54,0x49,0x4e,0x47,0x53,0x00,
0x00,0x0a,0x40,0x72,0x61,0x6e,0x67,0x65,0x5f,0x76,0x61,0x6c,0x00,0x00,0x06,0x40,
0x78,0x5f,0x72,0x61,0x77,0x00,0x00,0x06,0x40,0x79,0x5f,0x72,0x61,0x77,0x00,0x00,
0x06,0x40,0x7a,0x5f,0x72,0x61,0x77,0x00,0x00,0x08,0x49,0x32,0x43,0x5f,0x41,0x44,
0x44,0x52,0x00,0x00,0x09,0x52,0x45,0x47,0x5f,0x44,0x45,0x56,0x49,0x44,0x00,0x00,
0x04,0x72,0x65,0x61,0x64,0x00,0x00,0x05,0x62,0x79,0x74,0x65,0x73,0x00,0x00,0x02,
0x21,0x3d,0x00,0x00,0x05,0x72,0x61,0x69,0x73,0x65,0x00,0x00,0x0f,0x52,0x45,0x47,
0x5f,0x44,0x41,0x54,0x41,0x5f,0x46,0x4f,0x52,0x4d,0x41,0x54,0x00,0x00,0x01,0x7c,
0x00,0x00,0x05,0x77,0x72,0x69,0x74,0x65,0x00,0x00,0x0d,0x52,0x45,0x47,0x5f,0x50,
0x4f,0x57,0x45,0x52,0x5f,0x43,0x54,0x4c,0x00,0x00,0x05,0x73,0x6c,0x65,0x65,0x70,
0x00,0x00,0x00,0x00,0xfe,0x00,0x04,0x00,0x09,0x00,0x00,0x00,0x01,0x00,0x00,0x00,
0x74,0x39,0x00,0x00,0x00,0x19,0x04,0x00,0x1d,0x05,0x01,0x0c,0x06,0x1d,0x07,0x02,
0x32,0x04,0x03,0x03,0x33,0x04,0x04,0x01,0x02,0x04,0x01,0x05,0x02,0x07,0x06,0x23,
0x05,0x24,0x06,0x02,0x2f,0x04,0x05,0x02,0x1a,0x04,0x06,0x01,0x05,0x02,0x09,0x06,
0x23,0x05,0x01,0x06,0x02,0x08,0x07,0x23,0x06,0x2f,0x04,0x05,0x02,0x1a,0x04,0x07,
0x01,0x05,0x02,0x0b,0x06,0x23,0x05,0x01,0x06,0x02,0x0a,0x07,0x23,0x06,0x2f,0x04,
0x05,0x02,0x1a,0x04,0x08,0x13,0x04,0x26,0x00,0x19,0x2b,0x04,0x1d,0x05,0x09,0x2c,
0x04,0x05,0x27,0x05,0x00,0x03,0x26,0x00,0x08,0x01,0x03,0x04,0x14,0x04,0x26,0x00,
0x02,0x2d,0x04,0x3d,0x04,0x00,0x00,0x00,0x00,0x04,0x00,0x00,0x00,0x56,0x00,0x00,
0x00,0x59,0x00,0x00,0x00,0x0a,0x00,0x04,0x40,0x69,0x32,0x63,0x00,0x00,0x08,0x49,
0x32,0x43,0x5f,0x41,0x44,0x44,0x52,0x00,0x00,0x0d,0x52,0x45,0x47,0x5f,0x44,0x41,
0x54,0x41,0x5f,0x42,0x41,0x53,0x45,0x00,0x00,0x04,0x72,0x65,0x61,0x64,0x00,0x00,
0x05,0x62,0x79,0x74,0x65,0x73,0x00,0x00,0x0a,0x64,0x65,0x63,0x6f,0x64,0x65,0x5f,
0x72,0x61,0x77,0x00,0x00,0x06,0x40,0x78,0x5f,0x72,0x61,0x77,0x00,0x00,0x06,0x40,
0x79,0x5f,0x72,0x61,0x77,0x00,0x00,0x06,0x40,0x7a,0x5f,0x72,0x61,0x77,0x00,0x00,
0x0d,0x53,0x74,0x61,0x6e,0x64,0x61,0x72,0x64,0x45,0x72,0x72,0x6f,0x72,0x00,0x00,
0x00,0x00,0x34,0x00,0x02,0x00,0x05,0x00,0x00,0x00,0x00,0x00,0x00,0x00,0x0d,0x39,
0x00,0x00,0x00,0x19,0x03,0x00,0x2f,0x02,0x01,0x01,0x3d,0x02,0x00,0x00,0x00,0x02,
0x00,0x06,0x40,0x78,0x5f,0x72,0x61,0x77,0x00,0x00,0x07,0x63,0x6f,0x6e,0x76,0x65,
0x72,0x74,0x00,0x00,0x00,0x00,0x34,0x00,0x02,0x00,0x05,0x00,0x00,0x00,0x00,0x00,
0x00,0x00,0x0d,0x39,0x00,0x00,0x00,0x19,0x03,0x00,0x2f,0x02,0x01,0x01,0x3d,0x02,
0x00,0x00,0x00,0x02,0x00,0x06,0x40,0x79,0x5f,0x72,0x61,0x77,0x00,0x00,0x07,0x63,
0x6f,0x6e,0x76,0x65,0x72,0x74,0x00,0x00,0x00,0x00,0x34,0x00,0x02,0x00,0x05,0x00,
0x00,0x00,0x00,0x00,0x00,0x00,0x0d,0x39,0x00,0x00,0x00,0x19,0x03,0x00,0x2f,0x02,
0x01,0x01,0x3d,0x02,0x00,0x00,0x00,0x02,0x00,0x06,0x40,0x7a,0x5f,0x72,0x61,0x77,
0x00,0x00,0x07,0x63,0x6f,0x6e,0x76,0x65,0x72,0x74,0x00,0x00,0x00,0x00,0xe1,0x00,
0x07,0x00,0x0b,0x00,0x00,0x00,0x01,0x00,0x00,0x00,0x74,0x39,0x00,0x00,0x00,0x30,
0x07,0x00,0x01,0x02,0x07,0x30,0x07,0x01,0x01,0x03,0x07,0x30,0x07,0x02,0x01,0x04,
0x07,0x01,0x07,0x02,0x01,0x08,0x02,0x4b,0x07,0x01,0x08,0x03,0x01,0x09,0x03,0x4b,
0x08,0x45,0x07,0x01,0x08,0x04,0x01,0x09,0x04,0x4b,0x08,0x45,0x07,0x01,0x05,0x07,
0x1d,0x07,0x03,0x01,0x08,0x05,0x32,0x07,0x04,0x01,0x01,0x06,0x07,0x01,0x07,0x06,
0x0e,0x08,0x03,0xe8,0x4b,0x07,0x02,0x08,0x00,0x45,0x07,0x33,0x07,0x05,0x02,0x08,
0x01,0x4c,0x07,0x26,0x00,0x17,0x2b,0x07,0x1d,0x08,0x06,0x2c,0x07,0x08,0x27,0x08,
0x00,0x03,0x26,0x00,0x06,0x02,0x07,0x02,0x26,0x00,0x02,0x2d,0x07,0x3d,0x07,0x00,
0x00,0x00,0x00,0x04,0x00,0x00,0x00,0x58,0x00,0x00,0x00,0x5b,0x00,0x03,0x05,0x00,
0x00,0x00,0x00,0x00,0x00,0xe0,0x3f,0x05,0x00,0x00,0x00,0x00,0x00,0x40,0x8f,0x40,
0x05,0x00,0x00,0x00,0x00,0x00,0x00,0x00,0x00,0x00,0x07,0x00,0x01,0x78,0x00,0x00,
0x01,0x79,0x00,0x00,0x01,0x7a,0x00,0x00,0x04,0x4d,0x61,0x74,0x68,0x00,0x00,0x04,
0x73,0x71,0x72,0x74,0x00,0x00,0x04,0x74,0x6f,0x5f,0x69,0x00,0x00,0x0d,0x53,0x74,
0x61,0x6e,0x64,0x61,0x72,0x64,0x45,0x72,0x72,0x6f,0x72,0x00,0x00,0x00,0x00,0x9f,
0x00,0x03,0x00,0x07,0x00,0x00,0x00,0x01,0x00,0x00,0x00,0x42,0x39,0x00,0x00,0x00,
0x1d,0x03,0x00,0x30,0x04,0x01,0x30,0x05,0x02,0x32,0x03,0x03,0x02,0x01,0x02,0x03,
0x01,0x03,0x02,0x02,0x04,0x00,0x4b,0x03,0x1d,0x04,0x00,0x1f,0x04,0x04,0x4c,0x03,
0x33,0x03,0x05,0x26,0x00,0x16,0x2b,0x03,0x1d,0x04,0x06,0x2c,0x03,0x04,0x27,0x04,
0x00,0x03,0x26,0x00,0x05,0x06,0x03,0x26,0x00,0x02,0x2d,0x03,0x3d,0x03,0x00,0x00,
0x00,0x00,0x04,0x00,0x00,0x00,0x27,0x00,0x00,0x00,0x2a,0x00,0x01,0x05,0x00,0x00,
0x00,0x00,0x00,0x80,0x66,0x40,0x00,0x07,0x00,0x04,0x4d,0x61,0x74,0x68,0x00,0x00,
0x01,0x79,0x00,0x00,0x01,0x7a,0x00,0x00,0x05,0x61,0x74,0x61,0x6e,0x32,0x00,0x00,
0x02,0x50,0x49,0x00,0x00,0x04,0x74,0x6f,0x5f,0x69,0x00,0x00,0x0d,0x53,0x74,0x61,
0x6e,0x64,0x61,0x72,0x64,0x45,0x72,0x72,0x6f,0x72,0x00,0x00,0x00,0x00,0xdb,0x00,
0x06,0x00,0x0d,0x00,0x00,0x00,0x01,0x00,0x00,0x00,0x6e,0x39,0x00,0x00,0x00,0x30,
0x06,0x00,0x01,0x02,0x06,0x30,0x06,0x01,0x01,0x03,0x06,0x30,0x06,0x02,0x01,0x04,
0x06,0x1d,0x06,0x03,0x01,0x07,0x02,0x32,0x07,0x04,0x00,0x1d,0x08,0x03,0x01,0x09,
0x03,0x01,0x0a,0x03,0x4b,0x09,0x01,0x0a,0x04,0x01,0x0b,0x04,0x4b,0x0a,0x45,0x09,
0x32,0x08,0x05,0x01,0x32,0x06,0x06,0x02,0x01,0x05,0x06,0x01,0x06,0x05,0x02,0x07,
0x00,0x4b,0x06,0x1d,0x07,0x03,0x1f,0x07,0x07,0x4c,0x06,0x33,0x06,0x08,0x26,0x00,
0x16,0x2b,0x06,0x1d,0x07,0x09,0x2c,0x06,0x07,0x27,0x07,0x00,0x03,0x26,0x00,0x05,
0x06,0x06,0x26,0x00,0x02,0x2d,0x06,0x3d,0x06,0x00,0x00,0x00,0x00,0x04,0x00,0x00,
0x00,0x53,0x00,0x00,0x00,0x56,0x00,0x01,0x05,0x00,0x00,0x00,0x00,0x00,0x80,0x66,
0x40,0x00,0x0a,0x00,0x01,0x78,0x00,0x00,0x01,0x79,0x00,0x00,0x01,0x7a,0x00,0x00,
0x04,0x4d,0x61,0x74,0x68,0x00,0x00,0x02,0x2d,0x40,0x00,0x00,0x04,0x73,0x71,0x72,
0x74,0x00,0x00,0x05,0x61,0x74,0x61,0x6e,0x32,0x00,0x00,0x02,0x50,0x49,0x00,0x00,
0x04,0x74,0x6f,0x5f,0x69,0x00,0x00,0x0d,0x53,0x74,0x61,0x6e,0x64,0x61,0x72,0x64,
0x45,0x72,0x72,0x6f,0x72,0x00,0x00,0x00,0x00,0x77,0x00,0x04,0x00,0x08,0x00,0x00,
0x00,0x00,0x00,0x00,0x00,0x38,0x39,0x04,0x00,0x00,0x01,0x04,0x01,0x02,0x05,0x00,
0x4b,0x04,0x01,0x03,0x04,0x01,0x04,0x03,0x0e,0x05,0x03,0xe8,0x4b,0x04,0x01,0x05,
0x03,0x06,0x06,0x50,0x05,0x28,0x05,0x00,0x06,0x02,0x05,0x01,0x26,0x00,0x03,0x02,
0x05,0x02,0x45,0x04,0x33,0x04,0x00,0x02,0x05,0x03,0x4c,0x04,0x3d,0x04,0x00,0x04,
0x05,0xdf,0x71,0x8a,0x8e,0xe4,0xf2,0x6f,0x3f,0x05,0x00,0x00,0x00,0x00,0x00,0x00,
0xe0,0x3f,0x05,0x00,0x00,0x00,0x00,0x00,0x00,0xe0,0xbf,0x05,0x00,0x00,0x00,0x00,
0x00,0x40,0x8f,0x40,0x00,0x01,0x00,0x04,0x74,0x6f,0x5f,0x69,0x00,0x00,0x00,0x00,
0x57,0x00,0x05,0x00,0x08,0x00,0x00,0x00,0x00,0x00,0x00,0x00,0x3a,0x39,0x08,0x00,
0x00,0x01,0x05,0x01,0x03,0x06,0x08,0x32,0x05,0x00,0x01,0x01,0x06,0x02,0x32,0x05,
0x01,0x01,0x01,0x04,0x05,0x01,0x05,0x04,0x0f,0x06,0x00,0x00,0x80,0x00,0x51,0x05,
0x28,0x05,0x00,0x0e,0x01,0x05,0x04,0x0f,0x06,0x00,0x01,0x00,0x00,0x47,0x05,0x26,
0x00,0x03,0x01,0x05,0x04,0x3d,0x05,0x00,0x00,0x00,0x02,0x00,0x02,0x3c,0x3c,0x00,
0x00,0x01,0x7c,0x00,0x00,0x00,0x00,0x5c,0x00,0x01,0x00,0x01,0x00,0x05,0x00,0x00,
0x00,0x00,0x00,0x16,0x6b,0x01,0x00,0x00,0x6b,0x01,0x01,0x01,0x6b,0x01,0x02,0x02,
0x6b,0x01,0x03,0x03,0x6b,0x01,0x04,0x04,0x3d,0x00,0x00,0x00,0x00,0x05,0x00,0x0a,
0x69,0x6e,0x69,0x74,0x69,0x61,0x6c,0x69,0x7a,0x65,0x00,0x00,0x09,0x6c,0x63,0x64,
0x5f,0x77,0x72,0x69,0x74,0x65,0x00,0x00,0x05,0x63,0x6c,0x65,0x61,0x72,0x00,0x00,
0x06,0x63,0x75,0x72,0x73,0x6f,0x72,0x00,0x00,0x05,0x70,0x72,0x69,0x6e,0x74,0x00,
0x00,0x00,0x00,0x7a,0x00,0x03,0x00,0x0b,0x00,0x00,0x00,0x00,0x00,0x00,0x00,0x42,
0x39,0x04,0x00,0x00,0x1a,0x01,0x00,0x02,0x04,0x00,0x2f,0x03,0x01,0x01,0x06,0x04,
0x03,0x05,0x38,0x03,0x06,0x39,0x03,0x07,0x14,0x03,0x08,0x70,0x03,0x09,0x56,0x03,
0x0a,0x6c,0x52,0x05,0x06,0x2f,0x03,0x02,0x02,0x07,0x04,0x2f,0x03,0x01,0x01,0x06,
0x04,0x03,0x05,0x38,0x03,0x06,0x0c,0x07,0x07,0x52,0x05,0x03,0x2f,0x03,0x02,0x02,
0x3d,0x03,0x00,0x01,0x05,0x9a,0x99,0x99,0x99,0x99,0x99,0xb9,0x3f,0x00,0x03,0x00,
0x04,0x40,0x69,0x32,0x63,0x00,0x00,0x05,0x73,0x6c,0x65,0x65,0x70,0x00,0x00,0x09,
0x6c,0x63,0x64,0x5f,0x77,0x72,0x69,0x74,0x65,0x00,0x00,0x00,0x00,0x62,0x00,0x05,
0x00,0x0b,0x00,0x00,0x00,0x00,0x00,0x00,0x00,0x36,0x39,0x08,0x00,0x00,0x06,0x04,
0x01,0x05,0x04,0x01,0x06,0x02,0x33,0x06,0x00,0x4e,0x05,0x28,0x05,0x00,0x20,0x00,
0x19,0x05,0x01,0x03,0x06,0x3e,0x01,0x07,0x01,0x01,0x08,0x02,0x01,0x09,0x04,0x23,
0x08,0x52,0x07,0x02,0x32,0x05,0x02,0x02,0x49,0x04,0x05,0x01,0x26,0xff,0xd1,0x40,
0x00,0x00,0x00,0x03,0x00,0x06,0x6c,0x65,0x6e,0x67,0x74,0x68,0x00,0x00,0x04,0x40,
0x69,0x32,0x63,0x00,0x00,0x05,0x77,0x72,0x69,0x74,0x65,0x00,0x00,0x00,0x00,0x31,
0x00,0x02,0x00,0x06,0x00,0x00,0x00,0x00,0x00,0x00,0x00,0x11,0x39,0x00,0x00,0x00,
0x06,0x03,0x07,0x04,0x52,0x04,0x01,0x2f,0x02,0x00,0x02,0x3d,0x02,0x00,0x00,0x00,
0x01,0x00,0x09,0x6c,0x63,0x64,0x5f,0x77,0x72,0x69,0x74,0x65,0x00,0x00,0x00,0x00,
0x62,0x00,0x04,0x00,0x0b,0x00,0x00,0x00,0x00,0x00,0x00,0x00,0x3b,0x39,0x00,0x00,
0x04,0x3a,0x03,0x00,0x27,0x03,0x00,0x05,0x07,0x03,0x26,0x00,0x03,0x3c,0x03,0x00,
0x3b,0x10,0x04,0x00,0x01,0x05,0x03,0x5e,0x04,0x01,0x01,0x01,0x04,0x06,0x05,0x03,
0x06,0x80,0x03,0x07,0x40,0x01,0x08,0x03,0x48,0x08,0x01,0x4b,0x07,0x45,0x06,0x52,
0x06,0x01,0x2f,0x04,0x01,0x02,0x3d,0x04,0x00,0x00,0x00,0x02,0x00,0x04,0x6c,0x69,
0x6e,0x65,0x00,0x00,0x09,0x6c,0x63,0x64,0x5f,0x77,0x72,0x69,0x74,0x65,0x00,0x00,
0x00,0x00,0x75,0x00,0x05,0x00,0x09,0x00,0x01,0x00,0x00,0x00,0x00,0x00,0x2f,0x39,
0x04,0x00,0x00,0x1d,0x05,0x00,0x33,0x05,0x01,0x01,0x03,0x05,0x01,0x05,0x01,0x33,
0x05,0x02,0x01,0x04,0x05,0x01,0x05,0x04,0x33,0x05,0x03,0x62,0x06,0x00,0x34,0x05,
0x04,0x00,0x03,0x06,0x40,0x01,0x07,0x03,0x2f,0x05,0x05,0x02,0x3d,0x05,0x00,0x00,
0x00,0x06,0x00,0x05,0x41,0x72,0x72,0x61,0x79,0x00,0x00,0x03,0x6e,0x65,0x77,0x00,
0x00,0x04,0x74,0x6f,0x5f,0x73,0x00,0x00,0x06,0x6c,0x65,0x6e,0x67,0x74,0x68,0x00,
0x00,0x05,0x74,0x69,0x6d,0x65,0x73,0x00,0x00,0x09,0x6c,0x63,0x64,0x5f,0x77,0x72,
0x69,0x74,0x65,0x00,0x00,0x00,0x00,0x3b,0x00,0x03,0x00,0x07,0x00,0x00,0x00,0x00,
0x00,0x00,0x00,0x1a,0x39,0x04,0x00,0x00,0x21,0x03,0x03,0x00,0x21,0x04,0x04,0x00,
0x01,0x05,0x01,0x23,0x04,0x33,0x04,0x00,0x32,0x03,0x01,0x01,0x3d,0x03,0x00,0x00,
0x00,0x02,0x00,0x03,0x6f,0x72,0x64,0x00,0x00,0x04,0x70,0x75,0x73,0x68,0x00,0x00,
0x00,0x00,0xc4,0x00,0x01,0x00,0x02,0x00,0x05,0x00,0x00,0x00,0x00,0x00,0x34,0x03,
0x01,0x36,0x1e,0x01,0x00,0x03,0x01,0x0b,0x1e,0x01,0x01,0x03,0x01,0x0c,0x1e,0x01,
0x02,0x03,0x01,0x0e,0x1e,0x01,0x03,0x03,0x01,0x1b,0x1e,0x01,0x04,0x6b,0x01,0x05,
0x00,0x6b,0x01,0x06,0x01,0x6b,0x01,0x07,0x02,0x6b,0x01,0x08,0x03,0x6b,0x01,0x09,
0x04,0x3d,0x00,0x00,0x00,0x00,0x0a,0x00,0x08,0x49,0x32,0x43,0x5f,0x41,0x44,0x44,
0x52,0x00,0x00,0x0a,0x52,0x45,0x47,0x5f,0x53,0x54,0x41,0x54,0x55,0x53,0x00,0x00,
0x0d,0x52,0x45,0x47,0x5f,0x52,0x41,0x57,0x5f,0x41,0x4e,0x47,0x4c,0x45,0x00,0x00,
0x09,0x52,0x45,0x47,0x5f,0x41,0x4e,0x47,0x4c,0x45,0x00,0x00,0x0d,0x52,0x45,0x47,
0x5f,0x4d,0x41,0x47,0x4e,0x49,0x54,0x55,0x44,0x45,0x00,0x00,0x0a,0x69,0x6e,0x69,
0x74,0x69,0x61,0x6c,0x69,0x7a,0x65,0x00,0x00,0x04,0x72,0x65,0x61,0x64,0x00,0x00,
0x05,0x61,0x6e,0x67,0x6c,0x65,0x00,0x00,0x09,0x61,0x6e,0x67,0x6c,0x65,0x5f,0x72,
0x61,0x77,0x00,0x00,0x0d,0x6d,0x61,0x67,0x6e,0x65,0x74,0x5f,0x73,0x74,0x61,0x74,
0x75,0x73,0x00,0x00,0x00,0x00,0x76,0x00,0x04,0x00,0x09,0x00,0x00,0x00,0x00,0x00,
0x00,0x00,0x27,0x39,0x04,0x00,0x00,0x1a,0x01,0x00,0x06,0x04,0x1a,0x04,0x01,0x19,
0x04,0x00,0x1d,0x05,0x02,0x07,0x06,0x1d,0x07,0x03,0x32,0x04,0x04,0x03,0x33,0x04,
0x05,0x06,0x05,0x23,0x04,0x01,0x03,0x04,0x3d,0x04,0x00,0x00,0x00,0x06,0x00,0x04,
0x40,0x69,0x32,0x63,0x00,0x00,0x0a,0x40,0x72,0x61,0x77,0x5f,0x76,0x61,0x6c,0x75,
0x65,0x00,0x00,0x08,0x49,0x32,0x43,0x5f,0x41,0x44,0x44,0x52,0x00,0x00,0x0a,0x52,
0x45,0x47,0x5f,0x53,0x54,0x41,0x54,0x55,0x53,0x00,0x00,0x04,0x72,0x65,0x61,0x64,
0x00,0x00,0x05,0x62,0x79,0x74,0x65,0x73,0x00,0x00,0x00,0x01,0x10,0x00,0x04,0x00,
0x09,0x00,0x00,0x00,0x01,0x00,0x00,0x00,0x6c,0x39,0x00,0x00,0x00,0x19,0x04,0x00,
0x1d,0x05,0x01,0x08,0x06,0x1d,0x07,0x02,0x32,0x04,0x03,0x03,0x33,0x04,0x04,0x01,
0x02,0x04,0x24,0x04,0x02,0x03,0x05,0x0f,0x32,0x04,0x05,0x01,0x03,0x05,0x08,0x32,
0x04,0x06,0x01,0x01,0x05,0x02,0x07,0x06,0x23,0x05,0x32,0x04,0x07,0x01,0x1a,0x04,
0x08,0x13,0x04,0x26,0x00,0x2d,0x2b,0x04,0x1d,0x05,0x09,0x2c,0x04,0x05,0x27,0x05,
0x00,0x03,0x26,0x00,0x1c,0x01,0x03,0x04,0x5c,0x05,0x00,0x01,0x06,0x03,0x33,0x06,
0x0a,0x5d,0x05,0x5c,0x06,0x01,0x5d,0x05,0x2f,0x04,0x0b,0x01,0x14,0x04,0x26,0x00,
0x02,0x2d,0x04,0x3d,0x04,0x00,0x00,0x00,0x00,0x04,0x00,0x00,0x00,0x3a,0x00,0x00,
0x00,0x3d,0x00,0x02,0x00,0x00,0x13,0x41,0x53,0x35,0x36,0x30,0x30,0x20,0x52,0x65,
0x61,0x64,0x20,0x45,0x72,0x72,0x6f,0x72,0x3a,0x20,0x00,0x00,0x00,0x00,0x00,0x00,
0x0c,0x00,0x04,0x40,0x69,0x32,0x63,0x00,0x00,0x08,0x49,0x32,0x43,0x5f,0x41,0x44,
0x44,0x52,0x00,0x00,0x09,0x52,0x45,0x47,0x5f,0x41,0x4e,0x47,0x4c,0x45,0x00,0x00,
0x04,0x72,0x65,0x61,0x64,0x00,0x00,0x05,0x62,0x79,0x74,0x65,0x73,0x00,0x00,0x01,
0x26,0x00,0x00,0x02,0x3c,0x3c,0x00,0x00,0x01,0x7c,0x00,0x00,0x0a,0x40,0x72,0x61,
0x77,0x5f,0x76,0x61,0x6c,0x75,0x65,0x00,0x00,0x0d,0x53,0x74,0x61,0x6e,0x64,0x61,
0x72,0x64,0x45,0x72,0x72,0x6f,0x72,0x00,0x00,0x07,0x6d,0x65,0x73,0x73,0x61,0x67,
0x65,0x00,0x00,0x04,0x77,0x61,0x72,0x6e,0x00,0x00,0x00,0x00,0x77,0x00,0x03,0x00,
0x06,0x00,0x00,0x00,0x00,0x00,0x00,0x00,0x2b,0x39,0x00,0x00,0x00,0x19,0x03,0x00,
0x02,0x04,0x00,0x4b,0x03,0x02,0x04,0x01,0x4c,0x03,0x01,0x02,0x03,0x01,0x03,0x02,
0x03,0x04,0x0a,0x4b,0x03,0x02,0x04,0x02,0x45,0x03,0x33,0x03,0x01,0x02,0x04,0x03,
0x4c,0x03,0x3d,0x03,0x00,0x04,0x05,0x00,0x00,0x00,0x00,0x00,0x80,0x76,0x40,0x05,
0x00,0x00,0x00,0x00,0x00,0x00,0xb0,0x40,0x05,0x00,0x00,0x00,0x00,0x00,0x00,0xe0,
0x3f,0x05,0x00,0x00,0x00,0x00,0x00,0x00,0x24,0x40,0x00,0x02,0x00,0x0a,0x40,0x72,
0x61,0x77,0x5f,0x76,0x61,0x6c,0x75,0x65,0x00,0x00,0x04,0x74,0x6f,0x5f,0x69,0x00,
0x00,0x00,0x00,0x2a,0x00,0x02,0x00,0x03,0x00,0x00,0x00,0x00,0x00,0x00,0x00,0x09,
0x39,0x00,0x00,0x00,0x19,0x02,0x00,0x3d,0x02,0x00,0x00,0x00,0x01,0x00,0x0a,0x40,
0x72,0x61,0x77,0x5f,0x76,0x61,0x6c,0x75,0x65,0x00,0x00,0x00,0x00,0xe6,0x00,0x03,
0x00,0x08,0x00,0x00,0x00,0x00,0x00,0x00,0x00,0x70,0x39,0x00,0x00,0x00,0x19,0x03,
0x00,0x1d,0x04,0x01,0x07,0x05,0x1d,0x06,0x02,0x32,0x03,0x03,0x03,0x33,0x03,0x04,
0x06,0x04,0x23,0x03,0x01,0x02,0x03,0x01,0x03,0x02,0x03,0x04,0x20,0x32,0x03,0x05,
0x01,0x06,0x04,0x32,0x03,0x06,0x01,0x28,0x03,0x00,0x06,0x5c,0x03,0x00,0x26,0x00,
0x37,0x01,0x03,0x02,0x03,0x04,0x10,0x32,0x03,0x05,0x01,0x06,0x04,0x32,0x03,0x06,
0x01,0x28,0x03,0x00,0x06,0x5c,0x03,0x01,0x26,0x00,0x1d,0x01,0x03,0x02,0x03,0x04,
0x08,0x32,0x03,0x05,0x01,0x06,0x04,0x32,0x03,0x06,0x01,0x28,0x03,0x00,0x06,0x5c,
0x03,0x02,0x26,0x00,0x03,0x5c,0x03,0x03,0x3d,0x03,0x00,0x04,0x00,0x00,0x02,0x4f,
0x4b,0x00,0x00,0x00,0x07,0x54,0x6f,0x6f,0x20,0x46,0x61,0x72,0x00,0x00,0x00,0x09,
0x54,0x6f,0x6f,0x20,0x43,0x6c,0x6f,0x73,0x65,0x00,0x00,0x00,0x09,0x4e,0x6f,0x74,
0x20,0x46,0x6f,0x75,0x6e,0x64,0x00,0x00,0x07,0x00,0x04,0x40,0x69,0x32,0x63,0x00,
0x00,0x08,0x49,0x32,0x43,0x5f,0x41,0x44,0x44,0x52,0x00,0x00,0x0a,0x52,0x45,0x47,
0x5f,0x53,0x54,0x41,0x54,0x55,0x53,0x00,0x00,0x04,0x72,0x65,0x61,0x64,0x00,0x00,
0x05,0x62,0x79,0x74,0x65,0x73,0x00,0x00,0x01,0x26,0x00,0x00,0x02,0x21,0x3d,0x00,
0x00,0x00,0x02,0x27,0x00,0x01,0x00,0x13,0x00,0x06,0x00,0x00,0x00,0x00,0x00,0xac,
0x03,0x01,0x19,0x1e,0x01,0x00,0x10,0x01,0x01,0x06,0x02,0x10,0x03,0x02,0x03,0x04,
0x12,0x10,0x05,0x03,0x03,0x06,0x1e,0x10,0x07,0x04,0x03,0x08,0x22,0x10,0x09,0x05,
0x03,0x0a,0x40,0x10,0x0b,0x06,0x03,0x0c,0x41,0x10,0x0d,0x07,0x03,0x0e,0x7c,0x10,
0x0f,0x08,0x03,0x10,0x7d,0x10,0x11,0x09,0x03,0x12,0x7e,0x5e,0x01,0x09,0x1e,0x01,
0x0a,0x5c,0x01,0x00,0x06,0x02,0x5c,0x03,0x01,0x07,0x04,0x5c,0x05,0x02,0x08,0x06,
0x5c,0x07,0x03,0x09,0x08,0x5e,0x01,0x04,0x1e,0x01,0x0b,0x5c,0x01,0x00,0x02,0x02,
0x04,0x5c,0x03,0x01,0x02,0x04,0x05,0x5c,0x05,0x02,0x02,0x06,0x06,0x5c,0x07,0x03,
0x02,0x08,0x07,0x5e,0x01,0x04,0x1e,0x01,0x0c,0x10,0x02,0x0d,0x10,0x03,0x0e,0x10,
0x04,0x0f,0x10,0x05,0x10,0x10,0x06,0x11,0x10,0x07,0x12,0x2f,0x01,0x13,0x06,0x6b,
0x01,0x14,0x00,0x6b,0x01,0x15,0x01,0x30,0x01,0x16,0x6b,0x01,0x17,0x02,0x6b,0x01,
0x18,0x03,0x6b,0x01,0x19,0x04,0x6b,0x01,0x1a,0x05,0x3d,0x00,0x00,0x08,0x00,0x00,
0x02,0x67,0x32,0x00,0x00,0x00,0x02,0x67,0x34,0x00,0x00,0x00,0x02,0x67,0x38,0x00,
0x00,0x00,0x03,0x67,0x31,0x36,0x00,0x05,0x00,0x00,0x00,0x00,0x00,0x00,0xd0,0x40,
0x05,0x00,0x00,0x00,0x00,0x00,0x00,0xc0,0x40,0x05,0x00,0x00,0x00,0x00,0x00,0x00,
0xb0,0x40,0x05,0x00,0x00,0x00,0x00,0x00,0x00,0xa0,0x40,0x00,0x1b,0x00,0x04,0x41,
0x44,0x44,0x52,0x00,0x00,0x07,0x43,0x48,0x49,0x50,0x5f,0x49,0x44,0x00,0x00,0x08,
0x41,0x43,0x43,0x5f,0x44,0x41,0x54,0x41,0x00,0x00,0x08,0x53,0x54,0x45,0x50,0x5f,
0x43,0x4e,0x54,0x00,0x00,0x09,0x54,0x45,0x4d,0x50,0x5f,0x44,0x41,0x54,0x41,0x00,
0x00,0x08,0x41,0x43,0x43,0x5f,0x43,0x4f,0x4e,0x46,0x00,0x00,0x09,0x41,0x43,0x43,
0x5f,0x52,0x41,0x4e,0x47,0x45,0x00,0x00,0x08,0x50,0x57,0x52,0x5f,0x43,0x4f,0x4e,
0x46,0x00,0x00,0x08,0x50,0x57,0x52,0x5f,0x43,0x54,0x52,0x4c,0x00,0x00,0x03,0x43,
0x4d,0x44,0x00,0x00,0x03,0x52,0x45,0x47,0x00,0x00,0x09,0x52,0x41,0x4e,0x47,0x45,
0x5f,0x4d,0x41,0x50,0x00,0x00,0x07,0x4c,0x53,0x42,0x5f,0x4d,0x41,0x50,0x00,0x00,
0x05,0x61,0x63,0x63,0x65,0x6c,0x00,0x00,0x09,0x61,0x63,0x63,0x65,0x6c,0x5f,0x72,
0x61,0x77,0x00,0x00,0x0b,0x74,0x65,0x6d,0x70,0x65,0x72,0x61,0x74,0x75,0x72,0x65,
0x00,0x00,0x08,0x73,0x77,0x5f,0x73,0x74,0x65,0x70,0x73,0x00,0x00,0x08,0x68,0x77,
0x5f,0x73,0x74,0x65,0x70,0x73,0x00,0x00,0x04,0x74,0x69,0x6c,0x74,0x00,0x00,0x0b,
0x61,0x74,0x74,0x72,0x5f,0x72,0x65,0x61,0x64,0x65,0x72,0x00,0x00,0x0a,0x69,0x6e,
0x69,0x74,0x69,0x61,0x6c,0x69,0x7a,0x65,0x00,0x00,0x04,0x72,0x65,0x61,0x64,0x00,
0x00,0x07,0x70,0x72,0x69,0x76,0x61,0x74,0x65,0x00,0x00,0x0b,0x75,0x70,0x64,0x61,
0x74,0x65,0x5f,0x74,0x69,0x6c,0x74,0x00,0x00,0x13,0x75,0x70,0x64,0x61,0x74,0x65,
0x5f,0x73,0x77,0x5f,0x70,0x65,0x64,0x6f,0x6d,0x65,0x74,0x65,0x72,0x00,0x00,0x0a,
0x64,0x65,0x63,0x6f,0x64,0x65,0x5f,0x73,0x31,0x36,0x00,0x00,0x09,0x77,0x72,0x69,
0x74,0x65,0x5f,0x72,0x65,0x67,0x00,0x00,0x00,0x02,0x9f,0x00,0x08,0x00,0x0e,0x00,
0x00,0x00,0x00,0x00,0x00,0x01,0x31,0x39,0x04,0x00,0x04,0x3a,0x04,0x00,0x27,0x04,
0x00,0x06,0x10,0x04,0x01,0x26,0x00,0x03,0x3c,0x04,0x00,0x3b,0x10,0x08,0x00,0x01,
0x09,0x04,0x5e,0x08,0x01,0x01,0x02,0x08,0x1a,0x01,0x02,0x10,0x08,0x03,0x02,0x09,
0x00,0x10,0x0a,0x04,0x02,0x0b,0x00,0x10,0x0c,0x05,0x02,0x0d,0x00,0x5e,0x08,0x03,
0x1a,0x08,0x06,0x10,0x08,0x03,0x06,0x09,0x10,0x0a,0x04,0x06,0x0b,0x10,0x0c,0x05,
0x06,0x0d,0x5e,0x08,0x03,0x1a,0x08,0x07,0x06,0x08,0x1a,0x08,0x08,0x5c,0x08,0x01,
0x1a,0x08,0x09,0x06,0x08,0x1a,0x08,0x0a,0x06,0x08,0x1a,0x08,0x0b,0x14,0x08,0x1a,
0x08,0x0c,0x01,0x08,0x04,0x33,0x08,0x0d,0x01,0x05,0x08,0x1d,0x08,0x0e,0x01,0x09,
0x05,0x23,0x08,0x27,0x08,0x00,0x02,0x07,0x08,0x01,0x06,0x08,0x1d,0x08,0x0f,0x01,
0x09,0x05,0x23,0x08,0x27,0x08,0x00,0x03,0x02,0x08,0x02,0x1a,0x08,0x10,0x19,0x08,
0x02,0x1d,0x09,0x11,0x07,0x0a,0x1d,0x0b,0x12,0x10,0x0c,0x13,0x23,0x0b,0x32,0x08,
0x14,0x03,0x01,0x07,0x08,0x01,0x08,0x07,0x33,0x08,0x15,0x27,0x08,0x00,0x0d,0x24,
0x08,0x07,0x33,0x08,0x16,0x03,0x09,0x16,0x32,0x08,0x17,0x01,0x28,0x08,0x00,0x08,
0x5c,0x09,0x03,0x2f,0x08,0x18,0x01,0x40,0x1d,0x09,0x12,0x10,0x0a,0x19,0x23,0x09,
0x03,0x0a,0xb6,0x2f,0x08,0x1a,0x02,0x02,0x09,0x04,0x2f,0x08,0x1b,0x01,0x1d,0x09,
0x12,0x10,0x0a,0x1c,0x23,0x09,0x06,0x0a,0x2f,0x08,0x1a,0x02,0x02,0x09,0x05,0x2f,
0x08,0x1b,0x01,0x1d,0x09,0x12,0x10,0x0a,0x1d,0x23,0x09,0x03,0x0a,0xa8,0x2f,0x08,
0x1a,0x02,0x1d,0x09,0x12,0x10,0x0a,0x1e,0x23,0x09,0x01,0x0a,0x06,0x2f,0x08,0x1a,
0x02,0x1d,0x09,0x12,0x10,0x0a,0x1f,0x23,0x09,0x0b,0x0a,0x2f,0x08,0x1a,0x02,0x02,
0x09,0x04,0x2f,0x08,0x1b,0x01,0x3d,0x08,0x00,0x06,0x05,0x00,0x00,0x00,0x00,0x00,
0x00,0x00,0x00,0x00,0x00,0x07,0x55,0x6e,0x6b,0x6e,0x6f,0x77,0x6e,0x00,0x05,0x00,
0x00,0x00,0x00,0x00,0x00,0xc0,0x40,0x00,0x00,0x10,0x42,0x4d,0x41,0x34,0x35,0x36,
0x20,0x6e,0x6f,0x74,0x20,0x66,0x6f,0x75,0x6e,0x64,0x00,0x05,0x9a,0x99,0x99,0x99,
0x99,0x99,0xa9,0x3f,0x05,0x7b,0x14,0xae,0x47,0xe1,0x7a,0x94,0x3f,0x00,0x20,0x00,
0x05,0x72,0x61,0x6e,0x67,0x65,0x00,0x00,0x02,0x67,0x34,0x00,0x00,0x04,0x40,0x69,
0x32,0x63,0x00,0x00,0x01,0x78,0x00,0x00,0x01,0x79,0x00,0x00,0x01,0x7a,0x00,0x00,
0x06,0x40,0x61,0x63,0x63,0x65,0x6c,0x00,0x00,0x0a,0x40,0x61,0x63,0x63,0x65,0x6c,
0x5f,0x72,0x61,0x77,0x00,0x00,0x0c,0x40,0x74,0x65,0x6d,0x70,0x65,0x72,0x61,0x74,
0x75,0x72,0x65,0x00,0x00,0x05,0x40,0x74,0x69,0x6c,0x74,0x00,0x00,0x09,0x40,0x68,
0x77,0x5f,0x73,0x74,0x65,0x70,0x73,0x00,0x00,0x09,0x40,0x73,0x77,0x5f,0x73,0x74,
0x65,0x70,0x73,0x00,0x00,0x0a,0x40,0x73,0x74,0x65,0x70,0x5f,0x66,0x6c,0x61,0x67,
0x00,0x00,0x04,0x74,0x6f,0x5f,0x73,0x00,0x00,0x09,0x52,0x41,0x4e,0x47,0x45,0x5f,
0x4d,0x41,0x50,0x00,0x00,0x07,0x4c,0x53,0x42,0x5f,0x4d,0x41,0x50,0x00,0x00,0x0a,
0x40,0x6c,0x73,0x62,0x5f,0x70,0x65,0x72,0x5f,0x67,0x00,0x00,0x04,0x41,0x44,0x44,
0x52,0x00,0x00,0x03,0x52,0x45,0x47,0x00,0x00,0x07,0x43,0x48,0x49,0x50,0x5f,0x49,
0x44,0x00,0x00,0x04,0x72,0x65,0x61,0x64,0x00,0x00,0x01,0x21,0x00,0x00,0x03,0x6f,
0x72,0x64,0x00,0x00,0x02,0x21,0x3d,0x00,0x00,0x04,0x70,0x75,0x74,0x73,0x00,0x00,
0x03,0x43,0x4d,0x44,0x00,0x00,0x09,0x77,0x72,0x69,0x74,0x65,0x5f,0x72,0x65,0x67,
0x00,0x00,0x05,0x73,0x6c,0x65,0x65,0x70,0x00,0x00,0x08,0x50,0x57,0x52,0x5f,0x43,
0x4f,0x4e,0x46,0x00,0x00,0x08,0x41,0x43,0x43,0x5f,0x43,0x4f,0x4e,0x46,0x00,0x00,
0x09,0x41,0x43,0x43,0x5f,0x52,0x41,0x4e,0x47,0x45,0x00,0x00,0x08,0x50,0x57,0x52,
0x5f,0x43,0x54,0x52,0x4c,0x00,0x00,0x00,0x02,0x65,0x00,0x06,0x00,0x0d,0x00,0x00,
0x00,0x00,0x00,0x00,0x01,0x7d,0x39,0x00,0x00,0x00,0x19,0x06,0x00,0x1d,0x07,0x01,
0x0c,0x08,0x1d,0x09,0x02,0x10,0x0a,0x03,0x23,0x09,0x32,0x06,0x04,0x03,0x01,0x02,
0x06,0x01,0x06,0x02,0x33,0x06,0x05,0x27,0x06,0x00,0x0a,0x01,0x06,0x02,0x33,0x06,
0x06,0x0c,0x07,0x4e,0x06,0x28,0x06,0x00,0x01,0x42,0x19,0x06,0x07,0x10,0x07,0x08,
0x24,0x09,0x02,0x33,0x09,0x09,0x01,0x0a,0x02,0x07,0x0b,0x23,0x0a,0x33,0x0a,0x09,
0x2f,0x08,0x0a,0x02,0x25,0x06,0x19,0x06,0x07,0x10,0x07,0x0b,0x01,0x09,0x02,0x08,
0x0a,0x23,0x09,0x33,0x09,0x09,0x01,0x0a,0x02,0x09,0x0b,0x23,0x0a,0x33,0x0a,0x09,
0x2f,0x08,0x0a,0x02,0x25,0x06,0x19,0x06,0x07,0x10,0x07,0x0c,0x01,0x09,0x02,0x0a,
0x0a,0x23,0x09,0x33,0x09,0x09,0x01,0x0a,0x02,0x0b,0x0b,0x23,0x0a,0x33,0x0a,0x09,
0x2f,0x08,0x0a,0x02,0x25,0x06,0x19,0x06,0x0d,0x10,0x07,0x08,0x19,0x08,0x07,0x10,
0x09,0x08,0x23,0x08,0x19,0x09,0x0e,0x4c,0x08,0x25,0x06,0x19,0x06,0x0d,0x10,0x07,
0x0b,0x19,0x08,0x07,0x10,0x09,0x0b,0x23,0x08,0x19,0x09,0x0e,0x4c,0x08,0x25,0x06,
0x19,0x06,0x0d,0x10,0x07,0x0c,0x19,0x08,0x07,0x10,0x09,0x0c,0x23,0x08,0x19,0x09,
0x0e,0x4c,0x08,0x25,0x06,0x30,0x06,0x0f,0x30,0x06,0x10,0x19,0x06,0x00,0x1d,0x07,
0x01,0x09,0x08,0x1d,0x09,0x02,0x10,0x0a,0x11,0x23,0x09,0x32,0x06,0x04,0x03,0x01,
0x03,0x06,0x01,0x06,0x03,0x28,0x06,0x00,0x0a,0x01,0x06,0x03,0x33,0x06,0x06,0x09,
0x07,0x51,0x06,0x28,0x06,0x00,0x33,0x24,0x06,0x03,0x33,0x06,0x09,0x01,0x07,0x03,
0x07,0x08,0x23,0x07,0x33,0x07,0x09,0x03,0x08,0x08,0x32,0x07,0x12,0x01,0x32,0x06,
0x13,0x01,0x01,0x07,0x03,0x08,0x08,0x23,0x07,0x33,0x07,0x09,0x03,0x08,0x10,0x32,
0x07,0x12,0x01,0x32,0x06,0x13,0x01,0x1a,0x06,0x14,0x19,0x06,0x00,0x1d,0x07,0x01,
0x07,0x08,0x1d,0x09,0x02,0x10,0x0a,0x15,0x23,0x09,0x32,0x06,0x04,0x03,0x01,0x04,
0x06,0x01,0x06,0x04,0x28,0x06,0x00,0x2a,0x24,0x06,0x04,0x33,0x06,0x09,0x01,0x05,
0x06,0x01,0x06,0x05,0x03,0x07,0x7f,0x50,0x06,0x28,0x06,0x00,0x0c,0x01,0x06,0x05,
0x0e,0x07,0x01,0x00,0x47,0x06,0x01,0x05,0x06,0x01,0x06,0x05,0x46,0x06,0x17,0x1a,
0x06,0x16,0x41,0x00,0x00,0x00,0x17,0x00,0x04,0x40,0x69,0x32,0x63,0x00,0x00,0x04,
0x41,0x44,0x44,0x52,0x00,0x00,0x03,0x52,0x45,0x47,0x00,0x00,0x08,0x41,0x43,0x43,
0x5f,0x44,0x41,0x54,0x41,0x00,0x00,0x04,0x72,0x65,0x61,0x64,0x00,0x00,0x01,0x21,
0x00,0x00,0x06,0x6c,0x65,0x6e,0x67,0x74,0x68,0x00,0x00,0x0a,0x40,0x61,0x63,0x63,
0x65,0x6c,0x5f,0x72,0x61,0x77,0x00,0x00,0x01,0x78,0x00,0x00,0x03,0x6f,0x72,0x64,
0x00,0x00,0x0a,0x64,0x65,0x63,0x6f,0x64,0x65,0x5f,0x73,0x31,0x36,0x00,0x00,0x01,
0x79,0x00,0x00,0x01,0x7a,0x00,0x00,0x06,0x40,0x61,0x63,0x63,0x65,0x6c,0x00,0x00,
0x0a,0x40,0x6c,0x73,0x62,0x5f,0x70,0x65,0x72,0x5f,0x67,0x00,0x00,0x0b,0x75,0x70,
0x64,0x61,0x74,0x65,0x5f,0x74,0x69,0x6c,0x74,0x00,0x00,0x13,0x75,0x70,0x64,0x61,
0x74,0x65,0x5f,0x73,0x77,0x5f,0x70,0x65,0x64,0x6f,0x6d,0x65,0x74,0x65,0x72,0x00,
0x00,0x08,0x53,0x54,0x45,0x50,0x5f,0x43,0x4e,0x54,0x00,0x00,0x02,0x3c,0x3c,0x00,
0x00,0x01,0x7c,0x00,0x00,0x09,0x40,0x68,0x77,0x5f,0x73,0x74,0x65,0x70,0x73,0x00,
0x00,0x09,0x54,0x45,0x4d,0x50,0x5f,0x44,0x41,0x54,0x41,0x00,0x00,0x0c,0x40,0x74,
0x65,0x6d,0x70,0x65,0x72,0x61,0x74,0x75,0x72,0x65,0x00,0x00,0x00,0x01,0xb7,0x00,
0x05,0x00,0x08,0x00,0x00,0x00,0x00,0x00,0x00,0x01,0x0e,0x39,0x00,0x00,0x00,0x19,
0x05,0x00,0x10,0x06,0x01,0x23,0x05,0x06,0x06,0x4e,0x05,0x28,0x05,0x00,0x0f,0x19,
0x05,0x00,0x10,0x06,0x01,0x23,0x05,0x32,0x05,0x02,0x00,0x26,0x00,0x08,0x19,0x05,
0x00,0x10,0x06,0x01,0x23,0x05,0x01,0x02,0x05,0x19,0x05,0x00,0x10,0x06,0x03,0x23,
0x05,0x06,0x06,0x4e,0x05,0x28,0x05,0x00,0x0f,0x19,0x05,0x00,0x10,0x06,0x03,0x23,
0x05,0x32,0x05,0x02,0x00,0x26,0x00,0x08,0x19,0x05,0x00,0x10,0x06,0x03,0x23,0x05,
0x01,0x03,0x05,0x19,0x05,0x00,0x10,0x06,0x04,0x23,0x05,0x06,0x06,0x4e,0x05,0x28,
0x05,0x00,0x0f,0x19,0x05,0x00,0x10,0x06,0x04,0x23,0x05,0x32,0x05,0x02,0x00,0x26,
0x00,0x08,0x19,0x05,0x00,0x10,0x06,0x04,0x23,0x05,0x01,0x04,0x05,0x01,0x05,0x04,
0x01,0x06,0x02,0x50,0x05,0x28,0x05,0x00,0x08,0x01,0x05,0x04,0x01,0x06,0x03,0x50,
0x05,0x28,0x05,0x00,0x1f,0x19,0x05,0x00,0x10,0x06,0x04,0x23,0x05,0x06,0x06,0x50,
0x05,0x28,0x05,0x00,0x06,0x5c,0x05,0x00,0x26,0x00,0x03,0x5c,0x05,0x01,0x1a,0x05,
0x05,0x26,0x00,0x53,0x01,0x05,0x02,0x01,0x06,0x03,0x50,0x05,0x28,0x05,0x00,0x08,
0x01,0x05,0x02,0x01,0x06,0x04,0x50,0x05,0x28,0x05,0x00,0x1f,0x19,0x05,0x00,0x10,
0x06,0x01,0x23,0x05,0x06,0x06,0x50,0x05,0x28,0x05,0x00,0x06,0x5c,0x05,0x02,0x26,
0x00,0x03,0x5c,0x05,0x03,0x1a,0x05,0x05,0x26,0x00,0x1c,0x19,0x05,0x00,0x10,0x06,
0x03,0x23,0x05,0x06,0x06,0x50,0x05,0x28,0x05,0x00,0x06,0x5c,0x05,0x04,0x26,0x00,
0x03,0x5c,0x05,0x05,0x1a,0x05,0x05,0x3d,0x05,0x00,0x06,0x00,0x00,0x0e,0x46,0x6c,
0x61,0x74,0x20,0x28,0x46,0x61,0x63,0x65,0x20,0x55,0x70,0x29,0x00,0x00,0x00,0x10,
0x46,0x6c,0x61,0x74,0x20,0x28,0x46,0x61,0x63,0x65,0x20,0x44,0x6f,0x77,0x6e,0x29,
0x00,0x00,0x00,0x11,0x4c,0x61,0x6e,0x64,0x73,0x63,0x61,0x70,0x65,0x20,0x28,0x52,
0x69,0x67,0x68,0x74,0x29,0x00,0x00,0x00,0x10,0x4c,0x61,0x6e,0x64,0x73,0x63,0x61,
0x70,0x65,0x20,0x28,0x4c,0x65,0x66,0x74,0x29,0x00,0x00,0x00,0x0f,0x50,0x6f,0x72,
0x74,0x72,0x61,0x69,0x74,0x20,0x28,0x44,0x6f,0x77,0x6e,0x29,0x00,0x00,0x00,0x0d,
0x50,0x6f,0x72,0x74,0x72,0x61,0x69,0x74,0x20,0x28,0x55,0x70,0x29,0x00,0x00,0x06,
0x00,0x06,0x40,0x61,0x63,0x63,0x65,0x6c,0x00,0x00,0x01,0x78,0x00,0x00,0x02,0x2d,
0x40,0x00,0x00,0x01,0x79,0x00,0x00,0x01,0x7a,0x00,0x00,0x05,0x40,0x74,0x69,0x6c,
0x74,0x00,0x00,0x00,0x00,0xe2,0x00,0x06,0x00,0x0a,0x00,0x00,0x00,0x00,0x00,0x00,
0x00,0x8a,0x39,0x00,0x00,0x00,0x19,0x06,0x00,0x10,0x07,0x01,0x23,0x06,0x01,0x02,
0x06,0x19,0x06,0x00,0x10,0x07,0x02,0x23,0x06,0x01,0x03,0x06,0x19,0x06,0x00,0x10,
0x07,0x03,0x23,0x06,0x01,0x04,0x06,0x01,0x06,0x02,0x01,0x07,0x02,0x4b,0x06,0x01,
0x07,0x03,0x01,0x08,0x03,0x4b,0x07,0x45,0x06,0x01,0x07,0x04,0x01,0x08,0x04,0x4b,
0x07,0x45,0x06,0x01,0x05,0x06,0x01,0x06,0x05,0x02,0x07,0x00,0x50,0x06,0x28,0x06,
0x00,0x06,0x19,0x06,0x04,0x33,0x06,0x05,0x28,0x06,0x00,0x11,0x19,0x06,0x06,0x46,
0x06,0x01,0x1a,0x06,0x06,0x13,0x06,0x1a,0x06,0x04,0x26,0x00,0x1d,0x01,0x06,0x05,
0x02,0x07,0x01,0x4e,0x06,0x28,0x06,0x00,0x03,0x19,0x06,0x04,0x28,0x06,0x00,0x08,
0x14,0x06,0x1a,0x06,0x04,0x26,0x00,0x02,0x11,0x06,0x3d,0x06,0x00,0x02,0x05,0x0a,
0xd7,0xa3,0x70,0x3d,0x0a,0xf7,0x3f,0x05,0x9a,0x99,0x99,0x99,0x99,0x99,0xf1,0x3f,
0x00,0x07,0x00,0x06,0x40,0x61,0x63,0x63,0x65,0x6c,0x00,0x00,0x01,0x78,0x00,0x00,
0x01,0x79,0x00,0x00,0x01,0x7a,0x00,0x00,0x0a,0x40,0x73,0x74,0x65,0x70,0x5f,0x66,
0x6c,0x61,0x67,0x00,0x00,0x01,0x21,0x00,0x00,0x09,0x40,0x73,0x77,0x5f,0x73,0x74,
0x65,0x70,0x73,0x00,0x00,0x00,0x00,0x55,0x00,0x05,0x00,0x08,0x00,0x00,0x00,0x00,
0x00,0x00,0x00,0x38,0x39,0x08,0x00,0x00,0x01,0x05,0x02,0x03,0x06,0x08,0x32,0x05,
0x00,0x01,0x01,0x06,0x01,0x32,0x05,0x01,0x01,0x01,0x04,0x05,0x01,0x05,0x04,0x0e,
0x06,0x7f,0xff,0x50,0x05,0x28,0x05,0x00,0x0e,0x01,0x05,0x04,0x0f,0x06,0x00,0x01,
0x00,0x00,0x47,0x05,0x26,0x00,0x03,0x01,0x05,0x04,0x3d,0x05,0x00,0x00,0x00,0x02,
0x00,0x02,0x3c,0x3c,0x00,0x00,0x01,0x7c,0x00,0x00,0x00,0x00,0x43,0x00,0x04,0x00,
0x08,0x00,0x00,0x00,0x00,0x00,0x00,0x00,0x19,0x39,0x08,0x00,0x00,0x19,0x04,0x00,
0x1d,0x05,0x01,0x01,0x06,0x01,0x01,0x07,0x02,0x52,0x06,0x02,0x32,0x04,0x02,0x02,
0x3d,0x04,0x00,0x00,0x00,0x03,0x00,0x04,0x40,0x69,0x32,0x63,0x00,0x00,0x04,0x41,
0x44,0x44,0x52,0x00,0x00,0x05,0x77,0x72,0x69,0x74,0x65,0x00,0x00,0x00,0x02,0x83,
0x00,0x01,0x00,0x0d,0x00,0x10,0x00,0x00,0x00,0x00,0x00,0xaf,0x03,0x01,0x76,0x1e,
0x01,0x00,0x03,0x01,0xd0,0x1e,0x01,0x01,0x03,0x01,0xe0,0x1e,0x01,0x02,0x03,0x01,
0x71,0x1e,0x01,0x03,0x03,0x01,0x70,0x1e,0x01,0x04,0x03,0x01,0x72,0x1e,0x01,0x05,
0x03,0x01,0x74,0x1e,0x01,0x06,0x03,0x01,0x75,0x1e,0x01,0x07,0x03,0x01,0x73,0x1e,
0x01,0x08,0x10,0x01,0x09,0x06,0x02,0x10,0x03,0x0a,0x07,0x04,0x10,0x05,0x0b,0x08,
0x06,0x10,0x07,0x0c,0x09,0x08,0x10,0x09,0x0d,0x0a,0x0a,0x10,0x0b,0x0e,0x0b,0x0c,
0x5e,0x01,0x06,0x1e,0x01,0x0f,0x10,0x02,0x10,0x10,0x03,0x11,0x10,0x04,0x12,0x10,
0x05,0x13,0x10,0x06,0x14,0x2f,0x01,0x15,0x05,0x6b,0x01,0x16,0x00,0x6b,0x01,0x17,
0x01,0x6b,0x01,0x18,0x02,0x6b,0x01,0x19,0x03,0x6b,0x01,0x1a,0x04,0x6b,0x01,0x1b,
0x05,0x6b,0x01,0x1c,0x06,0x6b,0x01,0x1d,0x07,0x6b,0x01,0x1e,0x08,0x6b,0x01,0x1f,
0x09,0x6b,0x01,0x20,0x0a,0x6b,0x01,0x21,0x0b,0x6b,0x01,0x22,0x0c,0x6b,0x01,0x23,
0x0d,0x6b,0x01,0x24,0x0e,0x6b,0x01,0x25,0x0f,0x3d,0x00,0x00,0x00,0x00,0x26,0x00,
0x04,0x41,0x44,0x44,0x52,0x00,0x00,0x06,0x52,0x45,0x47,0x5f,0x49,0x44,0x00,0x00,
0x09,0x52,0x45,0x47,0x5f,0x52,0x45,0x53,0x45,0x54,0x00,0x00,0x0e,0x52,0x45,0x47,
0x5f,0x43,0x54,0x52,0x4c,0x5f,0x47,0x41,0x53,0x5f,0x31,0x00,0x00,0x0e,0x52,0x45,
0x47,0x5f,0x43,0x54,0x52,0x4c,0x5f,0x47,0x41,0x53,0x5f,0x30,0x00,0x00,0x0c,0x52,
0x45,0x47,0x5f,0x43,0x54,0x52,0x4c,0x5f,0x48,0x55,0x4d,0x00,0x00,0x0d,0x52,0x45,
0x47,0x5f,0x43,0x54,0x52,0x4c,0x5f,0x4d,0x45,0x41,0x53,0x00,0x00,0x0a,0x52,0x45,
0x47,0x5f,0x43,0x4f,0x4e,0x46,0x49,0x47,0x00,0x00,0x0d,0x52,0x45,0x47,0x5f,0x41,
0x44,0x44,0x52,0x5f,0x50,0x41,0x47,0x45,0x00,0x00,0x04,0x6e,0x6f,0x6e,0x65,0x00,
0x00,0x02,0x78,0x31,0x00,0x00,0x02,0x78,0x32,0x00,0x00,0x02,0x78,0x34,0x00,0x00,
0x02,0x78,0x38,0x00,0x00,0x03,0x78,0x31,0x36,0x00,0x00,0x08,0x4f,0x53,0x52,0x53,
0x5f,0x4d,0x41,0x50,0x00,0x00,0x0b,0x74,0x65,0x6d,0x70,0x65,0x72,0x61,0x74,0x75,
0x72,0x65,0x00,0x00,0x08,0x68,0x75,0x6d,0x69,0x64,0x69,0x74,0x79,0x00,0x00,0x08,
0x70,0x72,0x65,0x73,0x73,0x75,0x72,0x65,0x00,0x00,0x0e,0x67,0x61,0x73,0x5f,0x72,
0x65,0x73,0x69,0x73,0x74,0x61,0x6e,0x63,0x65,0x00,0x00,0x09,0x67,0x61,0x73,0x5f,
0x73,0x63,0x6f,0x72,0x65,0x00,0x00,0x0b,0x61,0x74,0x74,0x72,0x5f,0x72,0x65,0x61,
0x64,0x65,0x72,0x00,0x00,0x0a,0x69,0x6e,0x69,0x74,0x69,0x61,0x6c,0x69,0x7a,0x65,
0x00,0x00,0x06,0x77,0x72,0x69,0x74,0x65,0x38,0x00,0x00,0x05,0x72,0x65,0x61,0x64,
0x38,0x00,0x00,0x06,0x72,0x65,0x61,0x64,0x31,0x36,0x00,0x00,0x05,0x72,0x65,0x73,
0x65,0x74,0x00,0x00,0x08,0x73,0x65,0x74,0x5f,0x70,0x61,0x67,0x65,0x00,0x00,0x07,
0x74,0x6f,0x5f,0x69,0x6e,0x74,0x38,0x00,0x00,0x08,0x74,0x6f,0x5f,0x69,0x6e,0x74,
0x31,0x36,0x00,0x00,0x11,0x72,0x65,0x61,0x64,0x5f,0x63,0x6f,0x65,0x66,0x66,0x69,
0x63,0x69,0x65,0x6e,0x74,0x73,0x00,0x00,0x0c,0x63,0x6f,0x6d,0x70,0x65,0x6e,0x73,
0x61,0x74,0x65,0x5f,0x74,0x00,0x00,0x0c,0x63,0x6f,0x6d,0x70,0x65,0x6e,0x73,0x61,
0x74,0x65,0x5f,0x70,0x00,0x00,0x0c,0x63,0x6f,0x6d,0x70,0x65,0x6e,0x73,0x61,0x74,
0x65,0x5f,0x68,0x00,0x00,0x0d,0x63,0x61,0x6c,0x63,0x5f,0x72,0x65,0x73,0x5f,0x68,
0x65,0x61,0x74,0x00,0x00,0x0e,0x63,0x6f,0x6d,0x70,0x65,0x6e,0x73,0x61,0x74,0x65,
0x5f,0x67,0x61,0x73,0x00,0x00,0x10,0x75,0x70,0x64,0x61,0x74,0x65,0x5f,0x69,0x61,
0x71,0x5f,0x73,0x63,0x6f,0x72,0x65,0x00,0x00,0x04,0x72,0x65,0x61,0x64,0x00,0x00,
0x00,0x02,0x65,0x00,0x08,0x00,0x0d,0x00,0x00,0x00,0x00,0x00,0x00,0x00,0xf2,0x39,
0x04,0x20,0x00,0x26,0x00,0x03,0x26,0x00,0x03,0x5e,0x02,0x00,0x1a,0x01,0x00,0x01,
0x08,0x02,0x10,0x09,0x01,0x23,0x08,0x27,0x08,0x00,0x03,0x1d,0x08,0x02,0x1a,0x08,
0x03,0x02,0x08,0x00,0x1a,0x08,0x04,0x02,0x08,0x00,0x1a,0x08,0x05,0x02,0x08,0x00,
0x1a,0x08,0x06,0x02,0x08,0x00,0x1a,0x08,0x07,0x02,0x08,0x00,0x1a,0x08,0x08,0x5c,
0x08,0x01,0x1a,0x08,0x09,0x02,0x08,0x00,0x1a,0x08,0x0a,0x06,0x08,0x1a,0x08,0x0b,
0x01,0x08,0x02,0x10,0x09,0x0c,0x23,0x08,0x27,0x08,0x00,0x03,0x10,0x08,0x0d,0x01,
0x04,0x08,0x01,0x08,0x02,0x10,0x09,0x0e,0x23,0x08,0x27,0x08,0x00,0x03,0x10,0x08,
0x0d,0x01,0x05,0x08,0x01,0x08,0x02,0x10,0x09,0x0f,0x23,0x08,0x27,0x08,0x00,0x03,
0x10,0x08,0x0d,0x01,0x06,0x08,0x1d,0x08,0x10,0x01,0x09,0x04,0x23,0x08,0x27,0x08,
0x00,0x02,0x07,0x08,0x1a,0x08,0x11,0x1d,0x08,0x10,0x01,0x09,0x05,0x23,0x08,0x27,
0x08,0x00,0x02,0x07,0x08,0x1a,0x08,0x12,0x1d,0x08,0x10,0x01,0x09,0x06,0x23,0x08,
0x27,0x08,0x00,0x02,0x07,0x08,0x1a,0x08,0x13,0x30,0x08,0x14,0x1d,0x09,0x15,0x2f,
0x08,0x16,0x01,0x01,0x07,0x08,0x01,0x08,0x07,0x03,0x09,0x61,0x32,0x08,0x17,0x01,
0x28,0x08,0x00,0x18,0x5c,0x09,0x02,0x01,0x0a,0x07,0x03,0x0b,0x10,0x32,0x0a,0x18,
0x01,0x5d,0x09,0x5c,0x0a,0x03,0x5d,0x09,0x2f,0x08,0x19,0x01,0x30,0x08,0x1a,0x3d,
0x08,0x00,0x04,0x05,0x00,0x00,0x00,0x00,0x00,0x00,0x00,0x00,0x00,0x00,0x0e,0x43,
0x61,0x6c,0x69,0x62,0x72,0x61,0x74,0x69,0x6e,0x67,0x2e,0x2e,0x2e,0x00,0x00,0x00,
0x20,0x42,0x4d,0x45,0x36,0x38,0x38,0x3a,0x20,0x53,0x65,0x6e,0x73,0x6f,0x72,0x20,
0x6e,0x6f,0x74,0x20,0x66,0x6f,0x75,0x6e,0x64,0x20,0x28,0x49,0x44,0x3a,0x20,0x30,
0x78,0x00,0x00,0x00,0x01,0x29,0x00,0x00,0x1b,0x00,0x04,0x40,0x69,0x32,0x63,0x00,
0x00,0x07,0x61,0x64,0x64,0x72,0x65,0x73,0x73,0x00,0x00,0x04,0x41,0x44,0x44,0x52,
0x00,0x00,0x08,0x40,0x61,0x64,0x64,0x72,0x65,0x73,0x73,0x00,0x00,0x07,0x40,0x74,
0x5f,0x66,0x69,0x6e,0x65,0x00,0x00,0x0c,0x40,0x74,0x65,0x6d,0x70,0x65,0x72,0x61,
0x74,0x75,0x72,0x65,0x00,0x00,0x09,0x40,0x68,0x75,0x6d,0x69,0x64,0x69,0x74,0x79,
0x00,0x00,0x09,0x40,0x70,0x72,0x65,0x73,0x73,0x75,0x72,0x65,0x00,0x00,0x0f,0x40,
0x67,0x61,0x73,0x5f,0x72,0x65,0x73,0x69,0x73,0x74,0x61,0x6e,0x63,0x65,0x00,0x00,
0x0a,0x40,0x67,0x61,0x73,0x5f,0x73,0x63,0x6f,0x72,0x65,0x00,0x00,0x0e,0x40,0x67,
0x61,0x73,0x5f,0x72,0x65,0x66,0x65,0x72,0x65,0x6e,0x63,0x65,0x00,0x00,0x0e,0x40,
0x62,0x75,0x72,0x6e,0x5f,0x69,0x6e,0x5f,0x63,0x6f,0x75,0x6e,0x74,0x00,0x00,0x05,
0x6f,0x73,0x72,0x5f,0x74,0x00,0x00,0x02,0x78,0x31,0x00,0x00,0x05,0x6f,0x73,0x72,
0x5f,0x70,0x00,0x00,0x05,0x6f,0x73,0x72,0x5f,0x68,0x00,0x00,0x08,0x4f,0x53,0x52,
0x53,0x5f,0x4d,0x41,0x50,0x00,0x00,0x07,0x40,0x6f,0x73,0x72,0x73,0x5f,0x74,0x00,
0x00,0x07,0x40,0x6f,0x73,0x72,0x73,0x5f,0x70,0x00,0x00,0x07,0x40,0x6f,0x73,0x72,
0x73,0x5f,0x68,0x00,0x00,0x05,0x72,0x65,0x73,0x65,0x74,0x00,0x00,0x06,0x52,0x45,
0x47,0x5f,0x49,0x44,0x00,0x00,0x05,0x72,0x65,0x61,0x64,0x38,0x00,0x00,0x02,0x21,
0x3d,0x00,0x00,0x04,0x74,0x6f,0x5f,0x73,0x00,0x00,0x04,0x70,0x75,0x74,0x73,0x00,
0x00,0x11,0x72,0x65,0x61,0x64,0x5f,0x63,0x6f,0x65,0x66,0x66,0x69,0x63,0x69,0x65,
0x6e,0x74,0x73,0x00,0x00,0x00,0x00,0x47,0x00,0x04,0x00,0x08,0x00,0x00,0x00,0x00,
0x00,0x00,0x00,0x19,0x39,0x08,0x00,0x00,0x19,0x04,0x00,0x19,0x05,0x01,0x01,0x06,
0x01,0x01,0x07,0x02,0x52,0x06,0x02,0x32,0x04,0x02,0x02,0x3d,0x04,0x00,0x00,0x00,
0x03,0x00,0x04,0x40,0x69,0x32,0x63,0x00,0x00,0x08,0x40,0x61,0x64,0x64,0x72,0x65,
0x73,0x73,0x00,0x00,0x05,0x77,0x72,0x69,0x74,0x65,0x00,0x00,0x00,0x00,0x87,0x00,
0x03,0x00,0x08,0x00,0x00,0x00,0x01,0x00,0x00,0x00,0x35,0x39,0x04,0x00,0x00,0x19,
0x03,0x00,0x19,0x04,0x01,0x07,0x05,0x01,0x06,0x01,0x32,0x03,0x02,0x03,0x33,0x03,
0x03,0x06,0x04,0x23,0x03,0x26,0x00,0x16,0x2b,0x03,0x1d,0x04,0x04,0x2c,0x03,0x04,
0x27,0x04,0x00,0x03,0x26,0x00,0x05,0x06,0x03,0x26,0x00,0x02,0x2d,0x03,0x3d,0x03,
0x00,0x00,0x00,0x00,0x04,0x00,0x00,0x00,0x1a,0x00,0x00,0x00,0x1d,0x00,0x00,0x00,
0x05,0x00,0x04,0x40,0x69,0x32,0x63,0x00,0x00,0x08,0x40,0x61,0x64,0x64,0x72,0x65,
0x73,0x73,0x00,0x00,0x04,0x72,0x65,0x61,0x64,0x00,0x00,0x05,0x62,0x79,0x74,0x65,
0x73,0x00,0x00,0x0d,0x53,0x74,0x61,0x6e,0x64,0x61,0x72,0x64,0x45,0x72,0x72,0x6f,
0x72,0x00,0x00,0x00,0x00,0x6e,0x00,0x04,0x00,0x09,0x00,0x00,0x00,0x00,0x00,0x00,
0x00,0x30,0x39,0x04,0x00,0x00,0x19,0x04,0x00,0x19,0x05,0x01,0x08,0x06,0x01,0x07,
0x01,0x32,0x04,0x02,0x03,0x33,0x04,0x03,0x01,0x03,0x04,0x01,0x04,0x03,0x07,0x05,
0x23,0x04,0x03,0x05,0x08,0x32,0x04,0x04,0x01,0x24,0x05,0x03,0x32,0x04,0x05,0x01,
0x3d,0x04,0x00,0x00,0x00,0x06,0x00,0x04,0x40,0x69,0x32,0x63,0x00,0x00,0x08,0x40,
0x61,0x64,0x64,0x72,0x65,0x73,0x73,0x00,0x00,0x04,0x72,0x65,0x61,0x64,0x00,0x00,
0x05,0x62,0x79,0x74,0x65,0x73,0x00,0x00,0x02,0x3c,0x3c,0x00,0x00,0x01,0x7c,0x00,
0x00,0x00,0x00,0x51,0x00,0x02,0x00,0x06,0x00,0x00,0x00,0x00,0x00,0x00,0x00,0x17,
0x39,0x00,0x00,0x00,0x1d,0x03,0x00,0x03,0x04,0xb6,0x2f,0x02,0x01,0x02,0x02,0x03,
0x00,0x2f,0x02,0x02,0x01,0x3d,0x02,0x00,0x01,0x05,0x9a,0x99,0x99,0x99,0x99,0x99,
0xc9,0x3f,0x00,0x03,0x00,0x09,0x52,0x45,0x47,0x5f,0x52,0x45,0x53,0x45,0x54,0x00,
0x00,0x06,0x77,0x72,0x69,0x74,0x65,0x38,0x00,0x00,0x05,0x73,0x6c,0x65,0x65,0x70,
0x00,0x00,0x00,0x00,0x76,0x00,0x04,0x00,0x09,0x00,0x00,0x00,0x00,0x00,0x00,0x00,
0x39,0x39,0x04,0x00,0x00,0x1d,0x05,0x00,0x2f,0x04,0x01,0x01,0x01,0x03,0x04,0x1d,
0x05,0x00,0x01,0x06,0x01,0x07,0x07,0x4d,0x06,0x28,0x06,0x00,0x0d,0x01,0x06,0x03,
0x03,0x07,0x10,0x32,0x06,0x02,0x01,0x26,0x00,0x0a,0x01,0x06,0x03,0x03,0x07,0xef,
0x32,0x06,0x03,0x01,0x2f,0x04,0x04,0x02,0x3d,0x04,0x00,0x00,0x00,0x05,0x00,0x0d,
0x52,0x45,0x47,0x5f,0x41,0x44,0x44,0x52,0x5f,0x50,0x41,0x47,0x45,0x00,0x00,0x05,
0x72,0x65,0x61,0x64,0x38,0x00,0x00,0x01,0x7c,0x00,0x00,0x01,0x26,0x00,0x00,0x06,
0x77,0x72,0x69,0x74,0x65,0x38,0x00,0x00,0x00,0x00,0x35,0x00,0x03,0x00,0x06,0x00,
0x00,0x00,0x00,0x00,0x00,0x00,0x21,0x39,0x04,0x00,0x00,0x01,0x03,0x01,0x03,0x04,
0x7f,0x50,0x03,0x28,0x03,0x00,0x0c,0x01,0x03,0x01,0x0e,0x04,0x01,0x00,0x47,0x03,
0x26,0x00,0x03,0x01,0x03,0x01,0x3d,0x03,0x00,0x00,0x00,0x00,0x00,0x00,0x00,0x38,
0x00,0x03,0x00,0x06,0x00,0x00,0x00,0x00,0x00,0x00,0x00,0x24,0x39,0x04,0x00,0x00,
0x01,0x03,0x01,0x0e,0x04,0x7f,0xff,0x50,0x03,0x28,0x03,0x00,0x0e,0x01,0x03,0x01,
0x0f,0x04,0x00,0x01,0x00,0x00,0x47,0x03,0x26,0x00,0x03,0x01,0x03,0x01,0x3d,0x03,
0x00,0x00,0x00,0x00,0x00,0x00,0x02,0x97,0x00,0x02,0x00,0x06,0x00,0x00,0x00,0x00,
0x00,0x00,0x01,0x90,0x39,0x00,0x00,0x00,0x06,0x03,0x2f,0x02,0x00,0x01,0x03,0x03,
0xe9,0x2f,0x02,0x01,0x01,0x1a,0x02,0x02,0x03,0x04,0x8a,0x2f,0x03,0x01,0x01,0x2f,
0x02,0x03,0x01,0x1a,0x02,0x04,0x03,0x04,0x8c,0x2f,0x03,0x05,0x01,0x2f,0x02,0x06,
0x01,0x1a,0x02,0x07,0x03,0x03,0x8e,0x2f,0x02,0x01,0x01,0x1a,0x02,0x08,0x03,0x04,
0x90,0x2f,0x03,0x01,0x01,0x2f,0x02,0x03,0x01,0x1a,0x02,0x09,0x03,0x04,0x92,0x2f,
0x03,0x05,0x01,0x2f,0x02,0x06,0x01,0x1a,0x02,0x0a,0x03,0x04,0x94,0x2f,0x03,0x01,
0x01,0x2f,0x02,0x03,0x01,0x1a,0x02,0x0b,0x03,0x04,0x96,0x2f,0x03,0x01,0x01,0x2f,
0x02,0x03,0x01,0x1a,0x02,0x0c,0x03,0x04,0x99,0x2f,0x03,0x05,0x01,0x2f,0x02,0x06,
0x01,0x1a,0x02,0x0d,0x03,0x04,0x98,0x2f,0x03,0x05,0x01,0x2f,0x02,0x06,0x01,0x1a,
0x02,0x0e,0x03,0x04,0x9c,0x2f,0x03,0x01,0x01,0x2f,0x02,0x03,0x01,0x1a,0x02,0x0f,
0x03,0x04,0x9e,0x2f,0x03,0x01,0x01,0x2f,0x02,0x03,0x01,0x1a,0x02,0x10,0x03,0x03,
0xa0,0x2f,0x02,0x05,0x01,0x1a,0x02,0x11,0x03,0x03,0xe3,0x2f,0x02,0x05,0x01,0x0a,
0x03,0x32,0x02,0x12,0x01,0x03,0x04,0xe2,0x2f,0x03,0x05,0x01,0x03,0x04,0x0f,0x32,
0x03,0x13,0x01,0x32,0x02,0x14,0x01,0x1a,0x02,0x15,0x03,0x03,0xe1,0x2f,0x02,0x05,
0x01,0x0a,0x03,0x32,0x02,0x12,0x01,0x03,0x04,0xe2,0x2f,0x03,0x05,0x01,0x0a,0x04,
0x32,0x03,0x16,0x01,0x32,0x02,0x14,0x01,0x1a,0x02,0x17,0x03,0x04,0xe4,0x2f,0x03,
0x05,0x01,0x2f,0x02,0x06,0x01,0x1a,0x02,0x18,0x03,0x04,0xe5,0x2f,0x03,0x05,0x01,
0x2f,0x02,0x06,0x01,0x1a,0x02,0x19,0x03,0x04,0xe6,0x2f,0x03,0x05,0x01,0x2f,0x02,
0x06,0x01,0x1a,0x02,0x1a,0x03,0x03,0xe7,0x2f,0x02,0x05,0x01,0x1a,0x02,0x1b,0x03,
0x04,0xe8,0x2f,0x03,0x05,0x01,0x2f,0x02,0x06,0x01,0x1a,0x02,0x1c,0x03,0x04,0xed,
0x2f,0x03,0x05,0x01,0x2f,0x02,0x06,0x01,0x1a,0x02,0x1d,0x03,0x04,0xeb,0x2f,0x03,
0x01,0x01,0x2f,0x02,0x03,0x01,0x1a,0x02,0x1e,0x03,0x04,0xee,0x2f,0x03,0x05,0x01,
0x2f,0x02,0x06,0x01,0x1a,0x02,0x1f,0x07,0x03,0x2f,0x02,0x00,0x01,0x06,0x03,0x2f,
0x02,0x05,0x01,0x1a,0x02,0x20,0x08,0x03,0x2f,0x02,0x05,0x01,0x03,0x03,0x30,0x32,
0x02,0x13,0x01,0x0a,0x03,0x32,0x02,0x16,0x01,0x1a,0x02,0x21,0x06,0x03,0x2f,0x02,
0x00,0x01,0x3d,0x02,0x00,0x00,0x00,0x22,0x00,0x08,0x73,0x65,0x74,0x5f,0x70,0x61,
0x67,0x65,0x00,0x00,0x06,0x72,0x65,0x61,0x64,0x31,0x36,0x00,0x00,0x03,0x40,0x74,
0x31,0x00,0x00,0x08,0x74,0x6f,0x5f,0x69,0x6e,0x74,0x31,0x36,0x00,0x00,0x03,0x40,
0x74,0x32,0x00,0x00,0x05,0x72,0x65,0x61,0x64,0x38,0x00,0x00,0x07,0x74,0x6f,0x5f,
0x69,0x6e,0x74,0x38,0x00,0x00,0x03,0x40,0x74,0x33,0x00,0x00,0x03,0x40,0x70,0x31,
0x00,0x00,0x03,0x40,0x70,0x32,0x00,0x00,0x03,0x40,0x70,0x33,0x00,0x00,0x03,0x40,
0x70,0x34,0x00,0x00,0x03,0x40,0x70,0x35,0x00,0x00,0x03,0x40,0x70,0x36,0x00,0x00,
0x03,0x40,0x70,0x37,0x00,0x00,0x03,0x40,0x70,0x38,0x00,0x00,0x03,0x40,0x70,0x39,
0x00,0x00,0x04,0x40,0x70,0x31,0x30,0x00,0x00,0x02,0x3c,0x3c,0x00,0x00,0x01,0x26,
0x00,0x00,0x01,0x7c,0x00,0x00,0x03,0x40,0x68,0x31,0x00,0x00,0x02,0x3e,0x3e,0x00,
0x00,0x03,0x40,0x68,0x32,0x00,0x00,0x03,0x40,0x68,0x33,0x00,0x00,0x03,0x40,0x68,
0x34,0x00,0x00,0x03,0x40,0x68,0x35,0x00,0x00,0x03,0x40,0x68,0x36,0x00,0x00,0x03,
0x40,0x68,0x37,0x00,0x00,0x04,0x40,0x67,0x68,0x31,0x00,0x00,0x04,0x40,0x67,0x68,
0x32,0x00,0x00,0x04,0x40,0x67,0x68,0x33,0x00,0x00,0x0d,0x40,0x72,0x65,0x73,0x5f,
0x68,0x65,0x61,0x74,0x5f,0x76,0x61,0x6c,0x00,0x00,0x0f,0x40,0x72,0x65,0x73,0x5f,
0x68,0x65,0x61,0x74,0x5f,0x72,0x61,0x6e,0x67,0x65,0x00,0x00,0x00,0x00,0xcc,0x00,
0x05,0x00,0x0a,0x00,0x00,0x00,0x00,0x00,0x00,0x00,0x66,0x39,0x04,0x00,0x00,0x01,
0x05,0x01,0x02,0x06,0x00,0x4c,0x05,0x19,0x06,0x00,0x02,0x07,0x01,0x4c,0x06,0x47,
0x05,0x19,0x06,0x01,0x4b,0x05,0x01,0x03,0x05,0x01,0x05,0x01,0x02,0x06,0x02,0x4c,
0x05,0x19,0x06,0x00,0x02,0x07,0x03,0x4c,0x06,0x47,0x05,0x01,0x06,0x01,0x02,0x07,
0x02,0x4c,0x06,0x19,0x07,0x00,0x02,0x08,0x03,0x4c,0x07,0x47,0x06,0x4b,0x05,0x19,
0x06,0x02,0x02,0x07,0x04,0x4b,0x06,0x4b,0x05,0x01,0x04,0x05,0x01,0x05,0x03,0x01,
0x06,0x04,0x45,0x05,0x1a,0x05,0x03,0x19,0x05,0x03,0x02,0x06,0x05,0x4c,0x05,0x3d,
0x05,0x00,0x06,0x05,0x00,0x00,0x00,0x00,0x00,0x00,0xd0,0x40,0x05,0x00,0x00,0x00,
0x00,0x00,0x00,0x90,0x40,0x05,0x00,0x00,0x00,0x00,0x00,0x00,0x00,0x41,0x05,0x00,
0x00,0x00,0x00,0x00,0x00,0xc0,0x40,0x05,0x00,0x00,0x00,0x00,0x00,0x00,0x30,0x40,
0x05,0x00,0x00,0x00,0x00,0x00,0x00,0xb4,0x40,0x00,0x04,0x00,0x03,0x40,0x74,0x31,
0x00,0x00,0x03,0x40,0x74,0x32,0x00,0x00,0x03,0x40,0x74,0x33,0x00,0x00,0x07,0x40,
0x74,0x5f,0x66,0x69,0x6e,0x65,0x00,0x00,0x00,0x02,0x30,0x00,0x07,0x00,0x0c,0x00,
0x00,0x00,0x00,0x00,0x00,0x01,0x3c,0x39,0x04,0x00,0x00,0x19,0x07,0x00,0x02,0x08,
0x00,0x4c,0x07,0x02,0x08,0x01,0x47,0x07,0x01,0x03,0x07,0x01,0x07,0x03,0x01,0x08,
0x03,0x4b,0x07,0x19,0x08,0x01,0x02,0x09,0x02,0x4c,0x08,0x4b,0x07,0x01,0x04,0x07,
0x01,0x07,0x04,0x01,0x08,0x03,0x19,0x09,0x02,0x4b,0x08,0x02,0x09,0x00,0x4b,0x08,
0x45,0x07,0x01,0x04,0x07,0x01,0x07,0x04,0x02,0x08,0x03,0x4c,0x07,0x19,0x08,0x03,
0x02,0x09,0x04,0x4b,0x08,0x45,0x07,0x01,0x04,0x07,0x19,0x07,0x04,0x01,0x08,0x03,
0x4b,0x07,0x01,0x08,0x03,0x4b,0x07,0x02,0x08,0x05,0x4c,0x07,0x19,0x08,0x05,0x01,
0x09,0x03,0x4b,0x08,0x45,0x07,0x02,0x08,0x06,0x4c,0x07,0x01,0x03,0x07,0x02,0x07,
0x07,0x01,0x08,0x03,0x02,0x09,0x08,0x4c,0x08,0x45,0x07,0x19,0x08,0x06,0x4b,0x07,
0x01,0x03,0x07,0x01,0x07,0x03,0x06,0x08,0x4d,0x07,0x28,0x07,0x00,0x04,0x06,0x07,
0x3d,0x07,0x02,0x07,0x09,0x01,0x08,0x01,0x47,0x07,0x01,0x05,0x07,0x01,0x07,0x05,
0x01,0x08,0x04,0x02,0x09,0x0a,0x4c,0x08,0x47,0x07,0x02,0x08,0x0b,0x4b,0x07,0x01,
0x08,0x03,0x4c,0x07,0x01,0x05,0x07,0x19,0x07,0x07,0x01,0x08,0x05,0x4b,0x07,0x01,
0x08,0x05,0x4b,0x07,0x02,0x08,0x0c,0x4c,0x07,0x01,0x03,0x07,0x01,0x07,0x05,0x19,
0x08,0x08,0x02,0x09,0x08,0x4c,0x08,0x4b,0x07,0x01,0x04,0x07,0x01,0x07,0x05,0x02,
0x08,0x0d,0x4c,0x07,0x01,0x08,0x05,0x02,0x09,0x0d,0x4c,0x08,0x4b,0x07,0x01,0x08,
0x05,0x02,0x09,0x0d,0x4c,0x08,0x4b,0x07,0x19,0x08,0x09,0x02,0x09,0x02,0x4c,0x08,
0x4b,0x07,0x01,0x06,0x07,0x01,0x07,0x05,0x01,0x08,0x03,0x01,0x09,0x04,0x45,0x08,
0x01,0x09,0x06,0x45,0x08,0x19,0x09,0x0a,0x02,0x0a,0x0e,0x4b,0x09,0x45,0x08,0x02,
0x09,0x0f,0x4c,0x08,0x45,0x07,0x01,0x05,0x07,0x01,0x07,0x05,0x02,0x08,0x10,0x4c,
0x07,0x3d,0x07,0x00,0x11,0x05,0x00,0x00,0x00,0x00,0x00,0x00,0x00,0x40,0x05,0x00,
0x00,0x00,0x00,0x00,0x40,0xef,0x40,0x05,0x00,0x00,0x00,0x00,0x00,0x00,0x00,0x41,
0x05,0x00,0x00,0x00,0x00,0x00,0x00,0x10,0x40,0x05,0x00,0x00,0x00,0x00,0x00,0x00,
0xf0,0x40,0x05,0x00,0x00,0x00,0x00,0x00,0x00,0xd0,0x40,0x05,0x00,0x00,0x00,0x00,
0x00,0x00,0x20,0x41,0x05,0x00,0x00,0x00,0x00,0x00,0x00,0xf0,0x3f,0x05,0x00,0x00,
0x00,0x00,0x00,0x00,0xe0,0x40,0x05,0x00,0x00,0x00,0x00,0x00,0x00,0x30,0x41,0x05,
0x00,0x00,0x00,0x00,0x00,0x00,0xb0,0x40,0x05,0x00,0x00,0x00,0x00,0x00,0x6a,0xb8,
0x40,0x05,0x00,0x00,0x00,0x00,0x00,0x00,0xe0,0x41,0x05,0x00,0x00,0x00,0x00,0x00,
0x00,0x70,0x40,0x05,0x00,0x00,0x00,0x00,0x00,0x00,0x60,0x40,0x05,0x00,0x00,0x00,
0x00,0x00,0x00,0x30,0x40,0x05,0x00,0x00,0x00,0x00,0x00,0x00,0x59,0x40,0x00,0x0b,
0x00,0x07,0x40,0x74,0x5f,0x66,0x69,0x6e,0x65,0x00,0x00,0x03,0x40,0x70,0x36,0x00,
0x00,0x03,0x40,0x70,0x35,0x00,0x00,0x03,0x40,0x70,0x34,0x00,0x00,0x03,0x40,0x70,
0x33,0x00,0x00,0x03,0x40,0x70,0x32,0x00,0x00,0x03,0x40,0x70,0x31,0x00,0x00,0x03,
0x40,0x70,0x39,0x00,0x00,0x03,0x40,0x70,0x38,0x00,0x00,0x04,0x40,0x70,0x31,0x30,
0x00,0x00,0x03,0x40,0x70,0x37,0x00,0x00,0x00,0x01,0x33,0x00,0x07,0x00,0x0d,0x00,
0x00,0x00,0x00,0x00,0x00,0x00,0xa4,0x39,0x08,0x00,0x00,0x01,0x07,0x01,0x19,0x08,
0x00,0x02,0x09,0x00,0x4b,0x08,0x19,0x09,0x01,0x02,0x0a,0x01,0x4c,0x09,0x01,0x0a,
0x02,0x4b,0x09,0x45,0x08,0x47,0x07,0x01,0x04,0x07,0x01,0x07,0x04,0x19,0x08,0x02,
0x02,0x09,0x02,0x4c,0x08,0x02,0x09,0x03,0x19,0x0a,0x03,0x02,0x0b,0x04,0x4c,0x0a,
0x01,0x0b,0x02,0x4b,0x0a,0x45,0x09,0x19,0x0a,0x04,0x02,0x0b,0x05,0x4c,0x0a,0x01,
0x0b,0x02,0x4b,0x0a,0x01,0x0b,0x02,0x4b,0x0a,0x45,0x09,0x4b,0x08,0x4b,0x07,0x01,
0x05,0x07,0x01,0x07,0x05,0x19,0x08,0x05,0x02,0x09,0x04,0x4c,0x08,0x19,0x09,0x06,
0x02,0x0a,0x06,0x4c,0x09,0x01,0x0a,0x02,0x4b,0x09,0x45,0x08,0x01,0x09,0x05,0x4b,
0x08,0x01,0x09,0x05,0x4b,0x08,0x45,0x07,0x01,0x06,0x07,0x01,0x07,0x06,0x02,0x08,
0x07,0x50,0x07,0x28,0x07,0x00,0x03,0x02,0x06,0x07,0x01,0x07,0x06,0x02,0x08,0x08,
0x4e,0x07,0x28,0x07,0x00,0x03,0x02,0x06,0x08,0x3d,0x06,0x00,0x09,0x05,0x00,0x00,
0x00,0x00,0x00,0x00,0x30,0x40,0x05,0x00,0x00,0x00,0x00,0x00,0x00,0x00,0x40,0x05,
0x00,0x00,0x00,0x00,0x00,0x00,0x10,0x41,0x05,0x00,0x00,0x00,0x00,0x00,0x00,0xf0,
0x3f,0x05,0x00,0x00,0x00,0x00,0x00,0x00,0xd0,0x40,0x05,0x00,0x00,0x00,0x00,0x00,
0x00,0x30,0x41,0x05,0x00,0x00,0x00,0x00,0x00,0x00,0x40,0x41,0x05,0x00,0x00,0x00,
0x00,0x00,0x00,0x59,0x40,0x05,0x00,0x00,0x00,0x00,0x00,0x00,0x00,0x00,0x00,0x07,
0x00,0x03,0x40,0x68,0x31,0x00,0x00,0x03,0x40,0x68,0x33,0x00,0x00,0x03,0x40,0x68,
0x32,0x00,0x00,0x03,0x40,0x68,0x34,0x00,0x00,0x03,0x40,0x68,0x35,0x00,0x00,0x03,
0x40,0x68,0x36,0x00,0x00,0x03,0x40,0x68,0x37,0x00,0x00,0x00,0x01,0x48,0x00,0x09,
0x00,0x0f,0x00,0x00,0x00,0x00,0x00,0x00,0x00,0x9c,0x39,0x04,0x00,0x00,0x19,0x09,
0x00,0x02,0x0a,0x00,0x4c,0x09,0x02,0x0a,0x01,0x45,0x09,0x01,0x03,0x09,0x19,0x09,
0x01,0x02,0x0a,0x02,0x4c,0x09,0x02,0x0a,0x03,0x4b,0x09,0x02,0x0a,0x04,0x45,0x09,
0x01,0x04,0x09,0x19,0x09,0x02,0x02,0x0a,0x05,0x4c,0x09,0x01,0x05,0x09,0x01,0x09,
0x03,0x02,0x0a,0x06,0x01,0x0b,0x04,0x01,0x0c,0x01,0x4b,0x0b,0x45,0x0a,0x4b,0x09,
0x01,0x06,0x09,0x01,0x09,0x06,0x01,0x0a,0x05,0x02,0x0b,0x07,0x4b,0x0a,0x45,0x09,
0x01,0x07,0x09,0x01,0x09,0x07,0x02,0x0a,0x08,0x02,0x0b,0x08,0x19,0x0c,0x03,0x45,
0x0b,0x4c,0x0a,0x4b,0x09,0x02,0x0a,0x06,0x02,0x0b,0x06,0x19,0x0c,0x04,0x02,0x0d,
0x09,0x4b,0x0c,0x45,0x0b,0x4c,0x0a,0x4b,0x09,0x33,0x09,0x05,0x01,0x08,0x09,0x01,
0x09,0x08,0x03,0x0a,0xff,0x50,0x09,0x28,0x09,0x00,0x06,0x03,0x09,0xff,0x26,0x00,
0x03,0x01,0x09,0x08,0x3d,0x09,0x00,0x0a,0x05,0x00,0x00,0x00,0x00,0x00,0x00,0x30,
0x40,0x05,0x00,0x00,0x00,0x00,0x00,0x80,0x48,0x40,0x05,0x00,0x00,0x00,0x00,0x00,
0x00,0xe0,0x40,0x05,0xfc,0xa9,0xf1,0xd2,0x4d,0x62,0x40,0x3f,0x05,0x55,0xc1,0xa8,
0xa4,0x4e,0x40,0x63,0x3f,0x05,0x00,0x00,0x00,0x00,0x00,0x00,0x90,0x40,0x05,0x00,
0x00,0x00,0x00,0x00,0x00,0xf0,0x3f,0x05,0x00,0x00,0x00,0x00,0x00,0x00,0x39,0x40,
0x05,0x00,0x00,0x00,0x00,0x00,0x00,0x10,0x40,0x05,0xfc,0xa9,0xf1,0xd2,0x4d,0x62,
0x60,0x3f,0x00,0x06,0x00,0x04,0x40,0x67,0x68,0x31,0x00,0x00,0x04,0x40,0x67,0x68,
0x32,0x00,0x00,0x04,0x40,0x67,0x68,0x33,0x00,0x00,0x0f,0x40,0x72,0x65,0x73,0x5f,
0x68,0x65,0x61,0x74,0x5f,0x72,0x61,0x6e,0x67,0x65,0x00,0x00,0x0d,0x40,0x72,0x65,
0x73,0x5f,0x68,0x65,0x61,0x74,0x5f,0x76,0x61,0x6c,0x00,0x00,0x04,0x74,0x6f,0x5f,
0x69,0x00,0x00,0x00,0x00,0xf7,0x00,0x07,0x00,0x17,0x00,0x00,0x00,0x00,0x00,0x00,
0x00,0x86,0x39,0x08,0x00,0x00,0x01,0x07,0x01,0x06,0x08,0x4d,0x07,0x28,0x07,0x00,
0x04,0x06,0x07,0x3d,0x07,0x02,0x07,0x00,0x02,0x08,0x00,0x02,0x09,0x00,0x02,0x0a,
0x00,0x02,0x0b,0x00,0x02,0x0c,0x01,0x02,0x0d,0x00,0x02,0x0e,0x02,0x02,0x0f,0x00,
0x02,0x10,0x00,0x02,0x11,0x03,0x02,0x12,0x04,0x02,0x13,0x00,0x02,0x14,0x01,0x02,
0x15,0x00,0x02,0x16,0x00,0x53,0x04,0x07,0x10,0x02,0x07,0x05,0x02,0x08,0x06,0x19,
0x09,0x00,0x4b,0x08,0x45,0x07,0x01,0x08,0x04,0x01,0x09,0x02,0x23,0x08,0x4b,0x07,
0x01,0x05,0x07,0x01,0x07,0x05,0x02,0x08,0x07,0x4b,0x07,0x01,0x08,0x01,0x02,0x09,
0x07,0x45,0x08,0x4c,0x07,0x01,0x06,0x07,0x01,0x07,0x06,0x07,0x08,0x01,0x09,0x02,
0x32,0x08,0x01,0x01,0x4b,0x07,0x3d,0x07,0x00,0x08,0x05,0x00,0x00,0x00,0x00,0x00,
0x00,0xf0,0x3f,0x05,0xae,0x47,0xe1,0x7a,0x14,0xae,0xef,0x3f,0x05,0x58,0x39,0xb4,
0xc8,0x76,0xbe,0xef,0x3f,0x05,0x56,0x0e,0x2d,0xb2,0x9d,0xef,0xef,0x3f,0x05,0xd7,
0xa3,0x70,0x3d,0x0a,0xd7,0xef,0x3f,0x05,0x00,0x00,0x00,0x00,0x00,0xf0,0x94,0x40,
0x05,0x00,0x00,0x00,0x00,0x00,0x00,0x14,0x40,0x05,0x00,0x00,0x00,0x00,0x00,0x40,
0x5f,0x40,0x00,0x02,0x00,0x0d,0x40,0x72,0x65,0x73,0x5f,0x68,0x65,0x61,0x74,0x5f,
0x76,0x61,0x6c,0x00,0x00,0x02,0x3c,0x3c,0x00,0x00,0x00,0x01,0xb7,0x00,0x0a,0x00,
0x0e,0x00,0x00,0x00,0x00,0x00,0x00,0x00,0xf3,0x39,0x08,0x00,0x00,0x19,0x0a,0x00,
0x03,0x0b,0x0a,0x4e,0x0a,0x28,0x0a,0x00,0x1f,0x01,0x0a,0x01,0x19,0x0b,0x01,0x50,
0x0a,0x28,0x0a,0x00,0x03,0x1a,0x01,0x01,0x19,0x0a,0x00,0x46,0x0a,0x01,0x1a,0x0a,
0x00,0x5c,0x0a,0x00,0x1a,0x0a,0x02,0x40,0x02,0x04,0x01,0x01,0x0a,0x02,0x01,0x0b,
0x04,0x47,0x0a,0x01,0x05,0x0a,0x01,0x0a,0x05,0x06,0x0b,0x4e,0x0a,0x28,0x0a,0x00,
0x0a,0x01,0x0a,0x05,0x32,0x0a,0x03,0x00,0x01,0x05,0x0a,0x02,0x0a,0x02,0x01,0x0b,
0x05,0x02,0x0c,0x03,0x4b,0x0b,0x47,0x0a,0x01,0x06,0x0a,0x01,0x0a,0x06,0x02,0x0b,
0x04,0x4e,0x0a,0x28,0x0a,0x00,0x03,0x02,0x06,0x04,0x01,0x0a,0x01,0x19,0x0b,0x01,
0x4c,0x0a,0x02,0x0b,0x05,0x4b,0x0a,0x01,0x07,0x0a,0x01,0x0a,0x07,0x02,0x0b,0x05,
0x50,0x0a,0x28,0x0a,0x00,0x03,0x02,0x07,0x05,0x01,0x0a,0x07,0x01,0x0b,0x06,0x45,
0x0a,0x01,0x08,0x0a,0x01,0x0a,0x08,0x03,0x0b,0x5a,0x50,0x0a,0x28,0x0a,0x00,0x06,
0x5c,0x0a,0x06,0x26,0x00,0x27,0x01,0x0a,0x08,0x03,0x0b,0x4b,0x50,0x0a,0x28,0x0a,
0x00,0x06,0x5c,0x0a,0x07,0x26,0x00,0x15,0x01,0x0a,0x08,0x03,0x0b,0x32,0x50,0x0a,
0x28,0x0a,0x00,0x06,0x5c,0x0a,0x08,0x26,0x00,0x03,0x5c,0x0a,0x09,0x01,0x09,0x0a,
0x5c,0x0a,0x0a,0x01,0x0b,0x08,0x5d,0x0a,0x5c,0x0b,0x0b,0x5d,0x0a,0x01,0x0b,0x09,
0x5d,0x0a,0x5c,0x0b,0x0c,0x5d,0x0a,0x1a,0x0a,0x02,0x3d,0x0a,0x00,0x0d,0x00,0x00,
0x0e,0x43,0x61,0x6c,0x69,0x62,0x72,0x61,0x74,0x69,0x6e,0x67,0x2e,0x2e,0x2e,0x00,
0x05,0x00,0x00,0x00,0x00,0x00,0x00,0x44,0x40,0x05,0x00,0x00,0x00,0x00,0x00,0x00,
0x39,0x40,0x05,0x00,0x00,0x00,0x00,0x00,0x00,0xe0,0x3f,0x05,0x00,0x00,0x00,0x00,
0x00,0x00,0x00,0x00,0x05,0x00,0x00,0x00,0x00,0x00,0xc0,0x52,0x40,0x00,0x00,0x09,
0x45,0x78,0x63,0x65,0x6c,0x6c,0x65,0x6e,0x74,0x00,0x00,0x00,0x04,0x47,0x6f,0x6f,
0x64,0x00,0x00,0x00,0x07,0x41,0x76,0x65,0x72,0x61,0x67,0x65,0x00,0x00,0x00,0x0a,
0x56,0x65,0x6e,0x74,0x69,0x6c,0x61,0x74,0x65,0x21,0x00,0x00,0x00,0x00,0x00,0x00,
0x00,0x02,0x20,0x5b,0x00,0x00,0x00,0x01,0x5d,0x00,0x00,0x04,0x00,0x0e,0x40,0x62,
0x75,0x72,0x6e,0x5f,0x69,0x6e,0x5f,0x63,0x6f,0x75,0x6e,0x74,0x00,0x00,0x0e,0x40,
0x67,0x61,0x73,0x5f,0x72,0x65,0x66,0x65,0x72,0x65,0x6e,0x63,0x65,0x00,0x00,0x0a,
0x40,0x67,0x61,0x73,0x5f,0x73,0x63,0x6f,0x72,0x65,0x00,0x00,0x02,0x2d,0x40,0x00,
0x00,0x00,0x02,0xd9,0x00,0x0a,0x00,0x0f,0x00,0x03,0x00,0x00,0x00,0x00,0x01,0x8a,
0x39,0x00,0x00,0x00,0x06,0x0b,0x2f,0x0a,0x00,0x01,0x1d,0x0b,0x01,0x19,0x0c,0x02,
0x2f,0x0a,0x03,0x02,0x0e,0x0b,0x01,0x2c,0x2f,0x0a,0x04,0x01,0x01,0x02,0x0a,0x03,
0x0a,0x5a,0x03,0x0b,0x63,0x64,0x0a,0x62,0x0b,0x00,0x34,0x0a,0x05,0x00,0x03,0x0a,
0x64,0x03,0x0b,0x6d,0x64,0x0a,0x62,0x0b,0x01,0x34,0x0a,0x05,0x00,0x1d,0x0b,0x06,
0x03,0x0c,0x30,0x2f,0x0a,0x03,0x02,0x1d,0x0b,0x07,0x06,0x0c,0x2f,0x0a,0x03,0x02,
0x19,0x0a,0x08,0x0b,0x0b,0x32,0x0a,0x09,0x01,0x19,0x0b,0x0a,0x08,0x0c,0x32,0x0b,
0x09,0x01,0x32,0x0a,0x0b,0x01,0x07,0x0b,0x32,0x0a,0x0b,0x01,0x01,0x03,0x0a,0x1d,
0x0b,0x0c,0x01,0x0c,0x03,0x2f,0x0a,0x03,0x02,0x14,0x04,0x03,0x0a,0x64,0x62,0x0b,
0x02,0x34,0x0a,0x0d,0x00,0x01,0x0a,0x04,0x27,0x0a,0x00,0x01,0x42,0x03,0x0b,0x22,
0x2f,0x0a,0x0e,0x01,0x03,0x0b,0x0c,0x32,0x0a,0x09,0x01,0x03,0x0c,0x23,0x2f,0x0b,
0x0e,0x01,0x0a,0x0c,0x32,0x0b,0x09,0x01,0x32,0x0a,0x0b,0x01,0x03,0x0c,0x24,0x2f,
0x0b,0x0e,0x01,0x0a,0x0c,0x32,0x0b,0x0f,0x01,0x32,0x0a,0x0b,0x01,0x01,0x05,0x0a,
0x01,0x0b,0x05,0x2f,0x0a,0x10,0x01,0x1a,0x0a,0x11,0x03,0x0b,0x1f,0x2f,0x0a,0x0e,
0x01,0x03,0x0b,0x0c,0x32,0x0a,0x09,0x01,0x03,0x0c,0x20,0x2f,0x0b,0x0e,0x01,0x0a,
0x0c,0x32,0x0b,0x09,0x01,0x32,0x0a,0x0b,0x01,0x03,0x0c,0x21,0x2f,0x0b,0x0e,0x01,
0x0a,0x0c,0x32,0x0b,0x0f,0x01,0x32,0x0a,0x0b,0x01,0x01,0x06,0x0a,0x01,0x0b,0x06,
0x2f,0x0a,0x12,0x01,0x1a,0x0a,0x13,0x03,0x0b,0x25,0x2f,0x0a,0x0e,0x01,0x03,0x0b,
0x08,0x32,0x0a,0x09,0x01,0x03,0x0c,0x26,0x2f,0x0b,0x0e,0x01,0x32,0x0a,0x0b,0x01,
0x01,0x07,0x0a,0x01,0x0b,0x07,0x19,0x0c,0x11,0x2f,0x0a,0x14,0x02,0x1a,0x0a,0x15,
0x03,0x0b,0x2c,0x2f,0x0a,0x0e,0x01,0x01,0x08,0x0a,0x03,0x0b,0x2d,0x2f,0x0a,0x0e,
0x01,0x01,0x09,0x0a,0x01,0x0a,0x09,0x03,0x0b,0x20,0x32,0x0a,0x16,0x01,0x06,0x0b,
0x32,0x0a,0x17,0x01,0x28,0x0a,0x00,0x31,0x01,0x0b,0x08,0x08,0x0c,0x32,0x0b,0x09,
0x01,0x01,0x0c,0x09,0x0c,0x0d,0x32,0x0c,0x0f,0x01,0x32,0x0b,0x0b,0x01,0x01,0x0c,
0x09,0x03,0x0d,0x0f,0x32,0x0c,0x16,0x01,0x2f,0x0a,0x18,0x02,0x1a,0x0a,0x19,0x19,
0x0b,0x19,0x19,0x0c,0x15,0x2f,0x0a,0x1a,0x02,0x41,0x00,0x00,0x00,0x1b,0x00,0x08,
0x73,0x65,0x74,0x5f,0x70,0x61,0x67,0x65,0x00,0x00,0x0c,0x52,0x45,0x47,0x5f,0x43,
0x54,0x52,0x4c,0x5f,0x48,0x55,0x4d,0x00,0x00,0x07,0x40,0x6f,0x73,0x72,0x73,0x5f,
0x68,0x00,0x00,0x06,0x77,0x72,0x69,0x74,0x65,0x38,0x00,0x00,0x0d,0x63,0x61,0x6c,
0x63,0x5f,0x72,0x65,0x73,0x5f,0x68,0x65,0x61,0x74,0x00,0x00,0x04,0x65,0x61,0x63,
0x68,0x00,0x00,0x0e,0x52,0x45,0x47,0x5f,0x43,0x54,0x52,0x4c,0x5f,0x47,0x41,0x53,
0x5f,0x31,0x00,0x00,0x0e,0x52,0x45,0x47,0x5f,0x43,0x54,0x52,0x4c,0x5f,0x47,0x41,
0x53,0x5f,0x30,0x00,0x00,0x07,0x40,0x6f,0x73,0x72,0x73,0x5f,0x74,0x00,0x00,0x02,
0x3c,0x3c,0x00,0x00,0x07,0x40,0x6f,0x73,0x72,0x73,0x5f,0x70,0x00,0x00,0x01,0x7c,
0x00,0x00,0x0d,0x52,0x45,0x47,0x5f,0x43,0x54,0x52,0x4c,0x5f,0x4d,0x45,0x41,0x53,
0x00,0x00,0x05,0x74,0x69,0x6d,0x65,0x73,0x00,0x00,0x05,0x72,0x65,0x61,0x64,0x38,
0x00,0x00,0x02,0x3e,0x3e,0x00,0x00,0x0c,0x63,0x6f,0x6d,0x70,0x65,0x6e,0x73,0x61,
0x74,0x65,0x5f,0x74,0x00,0x00,0x0c,0x40,0x74,0x65,0x6d,0x70,0x65,0x72,0x61,0x74,
0x75,0x72,0x65,0x00,0x00,0x0c,0x63,0x6f,0x6d,0x70,0x65,0x6e,0x73,0x61,0x74,0x65,
0x5f,0x70,0x00,0x00,0x09,0x40,0x70,0x72,0x65,0x73,0x73,0x75,0x72,0x65,0x00,0x00,
0x0c,0x63,0x6f,0x6d,0x70,0x65,0x6e,0x73,0x61,0x74,0x65,0x5f,0x68,0x00,0x00,0x09,
0x40,0x68,0x75,0x6d,0x69,0x64,0x69,0x74,0x79,0x00,0x00,0x01,0x26,0x00,0x00,0x02,
0x21,0x3d,0x00,0x00,0x0e,0x63,0x6f,0x6d,0x70,0x65,0x6e,0x73,0x61,0x74,0x65,0x5f,
0x67,0x61,0x73,0x00,0x00,0x0f,0x40,0x67,0x61,0x73,0x5f,0x72,0x65,0x73,0x69,0x73,
0x74,0x61,0x6e,0x63,0x65,0x00,0x00,0x10,0x75,0x70,0x64,0x61,0x74,0x65,0x5f,0x69,
0x61,0x71,0x5f,0x73,0x63,0x6f,0x72,0x65,0x00,0x00,0x00,0x00,0x2e,0x00,0x03,0x00,
0x07,0x00,0x00,0x00,0x00,0x00,0x00,0x00,0x11,0x39,0x04,0x00,0x00,0x01,0x04,0x01,
0x21,0x05,0x02,0x00,0x2f,0x03,0x00,0x02,0x3d,0x03,0x00,0x00,0x00,0x01,0x00,0x06,
0x77,0x72,0x69,0x74,0x65,0x38,0x00,0x00,0x00,0x00,0x2d,0x00,0x03,0x00,0x07,0x00,
0x00,0x00,0x00,0x00,0x00,0x00,0x10,0x39,0x04,0x00,0x00,0x01,0x04,0x01,0x03,0x05,
0x59,0x2f,0x03,0x00,0x02,0x3d,0x03,0x00,0x00,0x00,0x01,0x00,0x06,0x77,0x72,0x69,
0x74,0x65,0x38,0x00,0x00,0x00,0x00,0x65,0x00,0x02,0x00,0x05,0x00,0x00,0x00,0x00,
0x00,0x00,0x00,0x2f,0x39,0x00,0x00,0x00,0x03,0x03,0x1d,0x2f,0x02,0x00,0x01,0x03,
0x03,0x80,0x32,0x02,0x01,0x01,0x06,0x03,0x32,0x02,0x02,0x01,0x28,0x02,0x00,0x0a,
0x13,0x02,0x22,0x02,0x04,0x00,0x11,0x02,0x43,0x02,0x02,0x03,0x00,0x2f,0x02,0x03,
0x01,0x3d,0x02,0x00,0x01,0x05,0x7b,0x14,0xae,0x47,0xe1,0x7a,0x84,0x3f,0x00,0x04,
0x00,0x05,0x72,0x65,0x61,0x64,0x38,0x00,0x00,0x01,0x26,0x00,0x00,0x02,0x21,0x3d,
0x00,0x00,0x05,0x73,0x6c,0x65,0x65,0x70,0x00,0x00,0x00,0x01,0x9a,0x00,0x01,0x00,
0x0d,0x00,0x09,0x00,0x00,0x00,0x00,0x00,0x77,0x03,0x01,0x76,0x1e,0x01,0x00,0x03,
0x01,0xd0,0x1e,0x01,0x01,0x03,0x01,0xe0,0x1e,0x01,0x02,0x03,0x01,0xf3,0x1e,0x01,
0x03,0x03,0x01,0xf4,0x1e,0x01,0x04,0x03,0x01,0xf5,0x1e,0x01,0x05,0x03,0x01,0x88,
0x1e,0x01,0x06,0x10,0x01,0x07,0x06,0x02,0x10,0x03,0x08,0x07,0x04,0x10,0x05,0x09,
0x08,0x06,0x10,0x07,0x0a,0x09,0x08,0x10,0x09,0x0b,0x0a,0x0a,0x10,0x0b,0x0c,0x0b,
0x0c,0x5e,0x01,0x06,0x1e,0x01,0x0d,0x6b,0x01,0x0e,0x00,0x6b,0x01,0x0f,0x01,0x6b,
0x01,0x10,0x02,0x6b,0x01,0x11,0x03,0x30,0x01,0x12,0x6b,0x01,0x13,0x04,0x6b,0x01,
0x14,0x05,0x6b,0x01,0x15,0x06,0x6b,0x01,0x16,0x07,0x6b,0x01,0x17,0x08,0x3d,0x00,
0x00,0x00,0x00,0x18,0x00,0x04,0x41,0x44,0x44,0x52,0x00,0x00,0x06,0x52,0x45,0x47,
0x5f,0x49,0x44,0x00,0x00,0x09,0x52,0x45,0x47,0x5f,0x52,0x45,0x53,0x45,0x54,0x00,
0x00,0x0a,0x52,0x45,0x47,0x5f,0x53,0x54,0x41,0x54,0x55,0x53,0x00,0x00,0x0d,0x52,
0x45,0x47,0x5f,0x43,0x54,0x52,0x4c,0x5f,0x4d,0x45,0x41,0x53,0x00,0x00,0x0a,0x52,
0x45,0x47,0x5f,0x43,0x4f,0x4e,0x46,0x49,0x47,0x00,0x00,0x09,0x52,0x45,0x47,0x5f,
0x43,0x41,0x4c,0x49,0x42,0x00,0x00,0x04,0x6e,0x6f,0x6e,0x65,0x00,0x00,0x02,0x78,
0x31,0x00,0x00,0x02,0x78,0x32,0x00,0x00,0x02,0x78,0x34,0x00,0x00,0x02,0x78,0x38,
0x00,0x00,0x03,0x78,0x31,0x36,0x00,0x00,0x08,0x4f,0x53,0x52,0x53,0x5f,0x4d,0x41,
0x50,0x00,0x00,0x0a,0x69,0x6e,0x69,0x74,0x69,0x61,0x6c,0x69,0x7a,0x65,0x00,0x00,
0x04,0x72,0x65,0x61,0x64,0x00,0x00,0x0b,0x74,0x65,0x6d,0x70,0x65,0x72,0x61,0x74,
0x75,0x72,0x65,0x00,0x00,0x08,0x70,0x72,0x65,0x73,0x73,0x75,0x72,0x65,0x00,0x00,
0x07,0x70,0x72,0x69,0x76,0x61,0x74,0x65,0x00,0x00,0x11,0x72,0x65,0x61,0x64,0x5f,
0x63,0x6f,0x65,0x66,0x66,0x69,0x63,0x69,0x65,0x6e,0x74,0x73,0x00,0x00,0x09,0x72,
0x65,0x61,0x64,0x31,0x36,0x5f,0x6c,0x65,0x00,0x00,0x08,0x74,0x6f,0x5f,0x69,0x6e,
0x74,0x31,0x36,0x00,0x00,0x16,0x63,0x6f,0x6d,0x70,0x65,0x6e,0x73,0x61,0x74,0x65,
0x5f,0x74,0x65,0x6d,0x70,0x65,0x72,0x61,0x74,0x75,0x72,0x65,0x00,0x00,0x13,0x63,
0x6f,0x6d,0x70,0x65,0x6e,0x73,0x61,0x74,0x65,0x5f,0x70,0x72,0x65,0x73,0x73,0x75,
0x72,0x65,0x00,0x00,0x00,0x02,0x2f,0x00,0x09,0x00,0x0d,0x00,0x01,0x00,0x01,0x00,
0x00,0x00,0xfc,0x39,0x04,0x20,0x00,0x26,0x00,0x03,0x26,0x00,0x03,0x5e,0x02,0x00,
0x1a,0x01,0x00,0x01,0x09,0x02,0x10,0x0a,0x01,0x23,0x09,0x27,0x09,0x00,0x03,0x1d,
0x09,0x02,0x1a,0x09,0x03,0x02,0x09,0x00,0x1a,0x09,0x04,0x02,0x09,0x00,0x1a,0x09,
0x05,0x02,0x09,0x00,0x1a,0x09,0x06,0x01,0x09,0x02,0x10,0x0a,0x07,0x23,0x09,0x27,
0x09,0x00,0x03,0x10,0x09,0x08,0x01,0x04,0x09,0x01,0x09,0x02,0x10,0x0a,0x09,0x23,
0x09,0x27,0x09,0x00,0x03,0x10,0x09,0x0a,0x01,0x05,0x09,0x19,0x09,0x00,0x19,0x0a,
0x03,0x1d,0x0b,0x0b,0x03,0x0c,0xb6,0x52,0x0b,0x02,0x32,0x09,0x0c,0x02,0x02,0x0a,
0x01,0x2f,0x09,0x0d,0x01,0x26,0x00,0x14,0x2b,0x09,0x1d,0x0a,0x0e,0x2c,0x09,0x0a,
0x27,0x0a,0x00,0x03,0x26,0x00,0x03,0x26,0x00,0x02,0x2d,0x09,0x06,0x06,0x0b,0x09,
0x62,0x0a,0x00,0x34,0x09,0x0f,0x00,0x01,0x09,0x06,0x03,0x0a,0x58,0x32,0x09,0x10,
0x01,0x28,0x09,0x00,0x08,0x5c,0x0a,0x02,0x2f,0x09,0x11,0x01,0x40,0x30,0x09,0x12,
0x1d,0x09,0x13,0x01,0x0a,0x04,0x23,0x09,0x27,0x09,0x00,0x02,0x07,0x09,0x01,0x07,
0x09,0x1d,0x09,0x13,0x01,0x0a,0x05,0x23,0x09,0x27,0x09,0x00,0x02,0x09,0x09,0x01,
0x08,0x09,0x01,0x09,0x07,0x0b,0x0a,0x32,0x09,0x14,0x01,0x01,0x0a,0x08,0x08,0x0b,
0x32,0x0a,0x14,0x01,0x32,0x09,0x15,0x01,0x1a,0x09,0x16,0x19,0x09,0x00,0x19,0x0a,
0x03,0x1d,0x0b,0x17,0x06,0x0c,0x52,0x0b,0x02,0x32,0x09,0x0c,0x02,0x3d,0x09,0x00,
0x00,0x00,0x00,0x58,0x00,0x00,0x00,0x72,0x00,0x00,0x00,0x75,0x00,0x03,0x05,0x00,
0x00,0x00,0x00,0x00,0x00,0x00,0x00,0x05,0x9a,0x99,0x99,0x99,0x99,0x99,0xc9,0x3f,
0x00,0x00,0x18,0x42,0x4d,0x50,0x32,0x38,0x30,0x3a,0x20,0x53,0x65,0x6e,0x73,0x6f,
0x72,0x20,0x6e,0x6f,0x74,0x20,0x66,0x6f,0x75,0x6e,0x64,0x00,0x00,0x18,0x00,0x04,
0x40,0x69,0x32,0x63,0x00,0x00,0x07,0x61,0x64,0x64,0x72,0x65,0x73,0x73,0x00,0x00,
0x04,0x41,0x44,0x44,0x52,0x00,0x00,0x08,0x40,0x61,0x64,0x64,0x72,0x65,0x73,0x73,
0x00,0x00,0x07,0x40,0x74,0x5f,0x66,0x69,0x6e,0x65,0x00,0x00,0x0c,0x40,0x74,0x65,
0x6d,0x70,0x65,0x72,0x61,0x74,0x75,0x72,0x65,0x00,0x00,0x09,0x40,0x70,0x72,0x65,
0x73,0x73,0x75,0x72,0x65,0x00,0x00,0x05,0x6f,0x73,0x72,0x5f,0x74,0x00,0x00,0x02,
0x78,0x31,0x00,0x00,0x05,0x6f,0x73,0x72,0x5f,0x70,0x00,0x00,0x02,0x78,0x34,0x00,
0x00,0x09,0x52,0x45,0x47,0x5f,0x52,0x45,0x53,0x45,0x54,0x00,0x00,0x05,0x77,0x72,
0x69,0x74,0x65,0x00,0x00,0x05,0x73,0x6c,0x65,0x65,0x70,0x00,0x00,0x0d,0x53,0x74,
0x61,0x6e,0x64,0x61,0x72,0x64,0x45,0x72,0x72,0x6f,0x72,0x00,0x00,0x05,0x74,0x69,
0x6d,0x65,0x73,0x00,0x00,0x02,0x21,0x3d,0x00,0x00,0x04,0x70,0x75,0x74,0x73,0x00,
0x00,0x11,0x72,0x65,0x61,0x64,0x5f,0x63,0x6f,0x65,0x66,0x66,0x69,0x63,0x69,0x65,
0x6e,0x74,0x73,0x00,0x00,0x08,0x4f,0x53,0x52,0x53,0x5f,0x4d,0x41,0x50,0x00,0x00,
0x02,0x3c,0x3c,0x00,0x00,0x01,0x7c,0x00,0x00,0x0a,0x40,0x62,0x61,0x73,0x65,0x5f,
0x63,0x74,0x72,0x6c,0x00,0x00,0x0a,0x52,0x45,0x47,0x5f,0x43,0x4f,0x4e,0x46,0x49,
0x47,0x00,0x00,0x00,0x00,0x90,0x00,0x03,0x00,0x08,0x00,0x00,0x00,0x00,0x00,0x00,
0x00,0x41,0x39,0x00,0x00,0x00,0x19,0x03,0x00,0x19,0x04,0x01,0x07,0x05,0x1d,0x06,
0x02,0x32,0x03,0x03,0x03,0x01,0x02,0x03,0x01,0x03,0x02,0x28,0x03,0x00,0x1b,0x01,
0x03,0x02,0x33,0x03,0x04,0x06,0x04,0x23,0x03,0x22,0x03,0x06,0x00,0x03,0x04,0x58,
0x4d,0x03,0x28,0x03,0x00,0x04,0x11,0x03,0x43,0x03,0x02,0x04,0x00,0x2f,0x03,0x05,
0x01,0x3d,0x03,0x00,0x01,0x05,0x9a,0x99,0x99,0x99,0x99,0x99,0xb9,0x3f,0x00,0x06,
0x00,0x04,0x40,0x69,0x32,0x63,0x00,0x00,0x08,0x40,0x61,0x64,0x64,0x72,0x65,0x73,
0x73,0x00,0x00,0x06,0x52,0x45,0x47,0x5f,0x49,0x44,0x00,0x00,0x04,0x72,0x65,0x61,
0x64,0x00,0x00,0x05,0x62,0x79,0x74,0x65,0x73,0x00,0x00,0x05,0x73,0x6c,0x65,0x65,
0x70,0x00,0x00,0x00,0x01,0xb1,0x00,0x07,0x00,0x0d,0x00,0x01,0x00,0x00,0x00,0x00,
0x00,0xe7,0x39,0x00,0x00,0x00,0x19,0x07,0x00,0x29,0x07,0x00,0x03,0x26,0x00,0x01,
0x42,0x19,0x07,0x01,0x19,0x08,0x02,0x1d,0x09,0x03,0x19,0x0a,0x00,0x07,0x0b,0x32,
0x0a,0x04,0x01,0x52,0x09,0x02,0x32,0x07,0x05,0x02,0x14,0x02,0x03,0x07,0x0a,0x62,
0x08,0x00,0x34,0x07,0x06,0x00,0x01,0x07,0x02,0x27,0x07,0x00,0x01,0x42,0x19,0x07,
0x01,0x19,0x08,0x02,0x0c,0x09,0x03,0x0a,0xf7,0x32,0x07,0x07,0x03,0x01,0x03,0x07,
0x01,0x07,0x03,0x33,0x07,0x08,0x27,0x07,0x00,0x0a,0x01,0x07,0x03,0x33,0x07,0x09,
0x0c,0x08,0x4e,0x07,0x28,0x07,0x00,0x01,0x42,0x01,0x07,0x03,0x33,0x07,0x0a,0x01,
0x04,0x07,0x24,0x07,0x04,0x03,0x08,0x0c,0x32,0x07,0x0b,0x01,0x01,0x08,0x04,0x07,
0x09,0x23,0x08,0x0a,0x09,0x32,0x08,0x0b,0x01,0x32,0x07,0x04,0x01,0x01,0x08,0x04,
0x08,0x09,0x23,0x08,0x0a,0x09,0x32,0x08,0x0c,0x01,0x32,0x07,0x04,0x01,0x01,0x05,
0x07,0x01,0x07,0x04,0x09,0x08,0x23,0x07,0x03,0x08,0x0c,0x32,0x07,0x0b,0x01,0x01,
0x08,0x04,0x0a,0x09,0x23,0x08,0x0a,0x09,0x32,0x08,0x0b,0x01,0x32,0x07,0x04,0x01,
0x01,0x08,0x04,0x0b,0x09,0x23,0x08,0x0a,0x09,0x32,0x08,0x0c,0x01,0x32,0x07,0x04,
0x01,0x01,0x06,0x07,0x01,0x08,0x06,0x2f,0x07,0x0d,0x01,0x1a,0x07,0x0e,0x01,0x08,
0x05,0x2f,0x07,0x0f,0x01,0x1a,0x07,0x10,0x41,0x00,0x00,0x00,0x11,0x00,0x0a,0x40,
0x62,0x61,0x73,0x65,0x5f,0x63,0x74,0x72,0x6c,0x00,0x00,0x04,0x40,0x69,0x32,0x63,
0x00,0x00,0x08,0x40,0x61,0x64,0x64,0x72,0x65,0x73,0x73,0x00,0x00,0x0d,0x52,0x45,
0x47,0x5f,0x43,0x54,0x52,0x4c,0x5f,0x4d,0x45,0x41,0x53,0x00,0x00,0x01,0x7c,0x00,
0x00,0x05,0x77,0x72,0x69,0x74,0x65,0x00,0x00,0x05,0x74,0x69,0x6d,0x65,0x73,0x00,
0x00,0x04,0x72,0x65,0x61,0x64,0x00,0x00,0x04,0x6e,0x69,0x6c,0x3f,0x00,0x00,0x06,
0x6c,0x65,0x6e,0x67,0x74,0x68,0x00,0x00,0x05,0x62,0x79,0x74,0x65,0x73,0x00,0x00,
0x02,0x3c,0x3c,0x00,0x00,0x02,0x3e,0x3e,0x00,0x00,0x16,0x63,0x6f,0x6d,0x70,0x65,
0x6e,0x73,0x61,0x74,0x65,0x5f,0x74,0x65,0x6d,0x70,0x65,0x72,0x61,0x74,0x75,0x72,
0x65,0x00,0x00,0x0c,0x40,0x74,0x65,0x6d,0x70,0x65,0x72,0x61,0x74,0x75,0x72,0x65,
0x00,0x00,0x13,0x63,0x6f,0x6d,0x70,0x65,0x6e,0x73,0x61,0x74,0x65,0x5f,0x70,0x72,
0x65,0x73,0x73,0x75,0x72,0x65,0x00,0x00,0x09,0x40,0x70,0x72,0x65,0x73,0x73,0x75,
0x72,0x65,0x00,0x00,0x00,0x00,0xa1,0x00,0x03,0x00,0x08,0x00,0x00,0x00,0x00,0x00,
0x00,0x00,0x48,0x39,0x00,0x00,0x00,0x19,0x03,0x00,0x19,0x04,0x01,0x07,0x05,0x1d,
0x06,0x02,0x32,0x03,0x03,0x03,0x01,0x02,0x03,0x01,0x03,0x02,0x28,0x03,0x00,0x14,
0x01,0x03,0x02,0x06,0x04,0x32,0x03,0x04,0x01,0x03,0x04,0x08,0x32,0x03,0x05,0x01,
0x06,0x04,0x4d,0x03,0x28,0x03,0x00,0x0a,0x13,0x03,0x22,0x03,0x02,0x00,0x11,0x03,
0x43,0x03,0x02,0x04,0x00,0x2f,0x03,0x06,0x01,0x3d,0x03,0x00,0x01,0x05,0x7b,0x14,
0xae,0x47,0xe1,0x7a,0x94,0x3f,0x00,0x07,0x00,0x04,0x40,0x69,0x32,0x63,0x00,0x00,
0x08,0x40,0x61,0x64,0x64,0x72,0x65,0x73,0x73,0x00,0x00,0x0a,0x52,0x45,0x47,0x5f,
0x53,0x54,0x41,0x54,0x55,0x53,0x00,0x00,0x04,0x72,0x65,0x61,0x64,0x00,0x00,0x07,
0x67,0x65,0x74,0x62,0x79,0x74,0x65,0x00,0x00,0x01,0x26,0x00,0x00,0x05,0x73,0x6c,
0x65,0x65,0x70,0x00,0x00,0x00,0x00,0x2c,0x00,0x02,0x00,0x03,0x00,0x00,0x00,0x00,
0x00,0x00,0x00,0x09,0x39,0x00,0x00,0x00,0x19,0x02,0x00,0x3d,0x02,0x00,0x00,0x00,
0x01,0x00,0x0c,0x40,0x74,0x65,0x6d,0x70,0x65,0x72,0x61,0x74,0x75,0x72,0x65,0x00,
0x00,0x00,0x00,0x29,0x00,0x02,0x00,0x03,0x00,0x00,0x00,0x00,0x00,0x00,0x00,0x09,
0x39,0x00,0x00,0x00,0x19,0x02,0x00,0x3d,0x02,0x00,0x00,0x00,0x01,0x00,0x09,0x40,
0x70,0x72,0x65,0x73,0x73,0x75,0x72,0x65,0x00,0x00,0x00,0x01,0xd6,0x00,0x04,0x00,
0x09,0x00,0x00,0x00,0x00,0x00,0x00,0x00,0xfd,0x39,0x00,0x00,0x00,0x19,0x04,0x00,
0x19,0x05,0x01,0x03,0x06,0x18,0x1d,0x07,0x02,0x32,0x04,0x03,0x03,0x01,0x02,0x04,
0x01,0x04,0x02,0x11,0x05,0x4d,0x04,0x27,0x04,0x00,0x0b,0x01,0x04,0x02,0x33,0x04,
0x04,0x03,0x05,0x18,0x4e,0x04,0x28,0x04,0x00,0x01,0x40,0x01,0x04,0x02,0x33,0x04,
0x05,0x01,0x03,0x04,0x01,0x05,0x03,0x06,0x06,0x2f,0x04,0x06,0x02,0x1a,0x04,0x07,
0x01,0x06,0x03,0x08,0x07,0x2f,0x05,0x06,0x02,0x2f,0x04,0x08,0x01,0x1a,0x04,0x09,
0x01,0x06,0x03,0x0a,0x07,0x2f,0x05,0x06,0x02,0x2f,0x04,0x08,0x01,0x1a,0x04,0x0a,
0x01,0x05,0x03,0x0c,0x06,0x2f,0x04,0x06,0x02,0x1a,0x04,0x0b,0x01,0x06,0x03,0x03,
0x07,0x08,0x2f,0x05,0x06,0x02,0x2f,0x04,0x08,0x01,0x1a,0x04,0x0c,0x01,0x06,0x03,
0x03,0x07,0x0a,0x2f,0x05,0x06,0x02,0x2f,0x04,0x08,0x01,0x1a,0x04,0x0d,0x01,0x06,
0x03,0x03,0x07,0x0c,0x2f,0x05,0x06,0x02,0x2f,0x04,0x08,0x01,0x1a,0x04,0x0e,0x01,
0x06,0x03,0x03,0x07,0x0e,0x2f,0x05,0x06,0x02,0x2f,0x04,0x08,0x01,0x1a,0x04,0x0f,
0x01,0x06,0x03,0x03,0x07,0x10,0x2f,0x05,0x06,0x02,0x2f,0x04,0x08,0x01,0x1a,0x04,
0x10,0x01,0x06,0x03,0x03,0x07,0x12,0x2f,0x05,0x06,0x02,0x2f,0x04,0x08,0x01,0x1a,
0x04,0x11,0x01,0x06,0x03,0x03,0x07,0x14,0x2f,0x05,0x06,0x02,0x2f,0x04,0x08,0x01,
0x1a,0x04,0x12,0x01,0x06,0x03,0x03,0x07,0x16,0x2f,0x05,0x06,0x02,0x2f,0x04,0x08,
0x01,0x1a,0x04,0x13,0x3d,0x04,0x00,0x00,0x00,0x14,0x00,0x04,0x40,0x69,0x32,0x63,
0x00,0x00,0x08,0x40,0x61,0x64,0x64,0x72,0x65,0x73,0x73,0x00,0x00,0x09,0x52,0x45,
0x47,0x5f,0x43,0x41,0x4c,0x49,0x42,0x00,0x00,0x04,0x72,0x65,0x61,0x64,0x00,0x00,
0x06,0x6c,0x65,0x6e,0x67,0x74,0x68,0x00,0x00,0x05,0x62,0x79,0x74,0x65,0x73,0x00,
0x00,0x09,0x72,0x65,0x61,0x64,0x31,0x36,0x5f,0x6c,0x65,0x00,0x00,0x07,0x40,0x64,
0x69,0x67,0x5f,0x74,0x31,0x00,0x00,0x08,0x74,0x6f,0x5f,0x69,0x6e,0x74,0x31,0x36,
0x00,0x00,0x07,0x40,0x64,0x69,0x67,0x5f,0x74,0x32,0x00,0x00,0x07,0x40,0x64,0x69,
0x67,0x5f,0x74,0x33,0x00,0x00,0x07,0x40,0x64,0x69,0x67,0x5f,0x70,0x31,0x00,0x00,
0x07,0x40,0x64,0x69,0x67,0x5f,0x70,0x32,0x00,0x00,0x07,0x40,0x64,0x69,0x67,0x5f,
0x70,0x33,0x00,0x00,0x07,0x40,0x64,0x69,0x67,0x5f,0x70,0x34,0x00,0x00,0x07,0x40,
0x64,0x69,0x67,0x5f,0x70,0x35,0x00,0x00,0x07,0x40,0x64,0x69,0x67,0x5f,0x70,0x36,
0x00,0x00,0x07,0x40,0x64,0x69,0x67,0x5f,0x70,0x37,0x00,0x00,0x07,0x40,0x64,0x69,
0x67,0x5f,0x70,0x38,0x00,0x00,0x07,0x40,0x64,0x69,0x67,0x5f,0x70,0x39,0x00,0x00,
0x00,0x00,0x41,0x00,0x04,0x00,0x08,0x00,0x00,0x00,0x00,0x00,0x00,0x00,0x24,0x39,
0x08,0x00,0x00,0x01,0x04,0x01,0x01,0x05,0x02,0x46,0x05,0x01,0x23,0x04,0x03,0x05,
0x08,0x32,0x04,0x00,0x01,0x01,0x05,0x01,0x01,0x06,0x02,0x23,0x05,0x32,0x04,0x01,
0x01,0x3d,0x04,0x00,0x00,0x00,0x02,0x00,0x02,0x3c,0x3c,0x00,0x00,0x01,0x7c,0x00,
0x00,0x00,0x00,0x38,0x00,0x03,0x00,0x06,0x00,0x00,0x00,0x00,0x00,0x00,0x00,0x24,
0x39,0x04,0x00,0x00,0x01,0x03,0x01,0x0e,0x04,0x7f,0xff,0x50,0x03,0x28,0x03,0x00,
0x0e,0x01,0x03,0x01,0x0f,0x04,0x00,0x01,0x00,0x00,0x47,0x03,0x26,0x00,0x03,0x01,
0x03,0x01,0x3d,0x03,0x00,0x00,0x00,0x00,0x00,0x00,0x00,0xc1,0x00,0x06,0x00,0x0a,
0x00,0x00,0x00,0x00,0x00,0x00,0x00,0x58,0x39,0x04,0x00,0x00,0x01,0x06,0x01,0x02,
0x07,0x00,0x4c,0x06,0x19,0x07,0x00,0x02,0x08,0x01,0x4c,0x07,0x47,0x06,0x19,0x07,
0x01,0x4b,0x06,0x01,0x03,0x06,0x01,0x06,0x01,0x02,0x07,0x02,0x4c,0x06,0x19,0x07,
0x00,0x02,0x08,0x03,0x4c,0x07,0x47,0x06,0x01,0x04,0x06,0x01,0x06,0x04,0x01,0x07,
0x04,0x4b,0x06,0x19,0x07,0x02,0x4b,0x06,0x01,0x05,0x06,0x01,0x06,0x03,0x01,0x07,
0x05,0x45,0x06,0x1a,0x06,0x03,0x19,0x06,0x03,0x02,0x07,0x04,0x4c,0x06,0x3d,0x06,
0x00,0x05,0x05,0x00,0x00,0x00,0x00,0x00,0x00,0xd0,0x40,0x05,0x00,0x00,0x00,0x00,
0x00,0x00,0x90,0x40,0x05,0x00,0x00,0x00,0x00,0x00,0x00,0x00,0x41,0x05,0x00,0x00,
0x00,0x00,0x00,0x00,0xc0,0x40,0x05,0x00,0x00,0x00,0x00,0x00,0x00,0xb4,0x40,0x00,
0x04,0x00,0x07,0x40,0x64,0x69,0x67,0x5f,0x74,0x31,0x00,0x00,0x07,0x40,0x64,0x69,
0x67,0x5f,0x74,0x32,0x00,0x00,0x07,0x40,0x64,0x69,0x67,0x5f,0x74,0x33,0x00,0x00,
0x07,0x40,0x74,0x5f,0x66,0x69,0x6e,0x65,0x00,0x00,0x00,0x02,0x00,0x00,0x06,0x00,
0x0a,0x00,0x00,0x00,0x00,0x00,0x00,0x01,0x0a,0x39,0x04,0x00,0x00,0x19,0x06,0x00,
0x02,0x07,0x00,0x4c,0x06,0x02,0x07,0x01,0x47,0x06,0x01,0x03,0x06,0x01,0x06,0x03,
0x01,0x07,0x03,0x4b,0x06,0x19,0x07,0x01,0x4b,0x06,0x02,0x07,0x02,0x4c,0x06,0x01,
0x04,0x06,0x01,0x06,0x04,0x01,0x07,0x03,0x19,0x08,0x02,0x4b,0x07,0x02,0x08,0x00,
0x4b,0x07,0x45,0x06,0x01,0x04,0x06,0x01,0x06,0x04,0x02,0x07,0x03,0x4c,0x06,0x19,
0x07,0x03,0x02,0x08,0x04,0x4b,0x07,0x45,0x06,0x01,0x04,0x06,0x19,0x06,0x04,0x01,
0x07,0x03,0x4b,0x06,0x01,0x07,0x03,0x4b,0x06,0x02,0x07,0x05,0x4c,0x06,0x19,0x07,
0x05,0x01,0x08,0x03,0x4b,0x07,0x45,0x06,0x02,0x07,0x05,0x4c,0x06,0x01,0x03,0x06,
0x02,0x06,0x06,0x01,0x07,0x03,0x02,0x08,0x02,0x4c,0x07,0x45,0x06,0x19,0x07,0x06,
0x4b,0x06,0x01,0x03,0x06,0x01,0x06,0x03,0x06,0x07,0x4d,0x06,0x28,0x06,0x00,0x05,
0x02,0x06,0x07,0x3d,0x06,0x02,0x06,0x08,0x01,0x07,0x01,0x47,0x06,0x01,0x05,0x06,
0x01,0x06,0x05,0x01,0x07,0x04,0x02,0x08,0x09,0x4c,0x07,0x47,0x06,0x02,0x07,0x0a,
0x4b,0x06,0x01,0x07,0x03,0x4c,0x06,0x01,0x05,0x06,0x19,0x06,0x07,0x01,0x07,0x05,
0x4b,0x06,0x01,0x07,0x05,0x4b,0x06,0x02,0x07,0x0b,0x4c,0x06,0x01,0x03,0x06,0x01,
0x06,0x05,0x19,0x07,0x08,0x4b,0x06,0x02,0x07,0x02,0x4c,0x06,0x01,0x04,0x06,0x01,
0x06,0x05,0x01,0x07,0x03,0x01,0x08,0x04,0x45,0x07,0x19,0x08,0x09,0x45,0x07,0x02,
0x08,0x0c,0x4c,0x07,0x45,0x06,0x01,0x05,0x06,0x01,0x06,0x05,0x02,0x07,0x0d,0x4c,
0x06,0x3d,0x06,0x00,0x0e,0x05,0x00,0x00,0x00,0x00,0x00,0x00,0x00,0x40,0x05,0x00,
0x00,0x00,0x00,0x00,0x40,0xef,0x40,0x05,0x00,0x00,0x00,0x00,0x00,0x00,0xe0,0x40,
0x05,0x00,0x00,0x00,0x00,0x00,0x00,0x10,0x40,0x05,0x00,0x00,0x00,0x00,0x00,0x00,
0xf0,0x40,0x05,0x00,0x00,0x00,0x00,0x00,0x00,0x20,0x41,0x05,0x00,0x00,0x00,0x00,
0x00,0x00,0xf0,0x3f,0x05,0x00,0x00,0x00,0x00,0x00,0x00,0x00,0x00,0x05,0x00,0x00,
0x00,0x00,0x00,0x00,0x30,0x41,0x05,0x00,0x00,0x00,0x00,0x00,0x00,0xb0,0x40,0x05,
0x00,0x00,0x00,0x00,0x00,0x6a,0xb8,0x40,0x05,0x00,0x00,0x00,0x00,0x00,0x00,0xe0,
0x41,0x05,0x00,0x00,0x00,0x00,0x00,0x00,0x30,0x40,0x05,0x00,0x00,0x00,0x00,0x00,
0x00,0x59,0x40,0x00,0x0a,0x00,0x07,0x40,0x74,0x5f,0x66,0x69,0x6e,0x65,0x00,0x00,
0x07,0x40,0x64,0x69,0x67,0x5f,0x70,0x36,0x00,0x00,0x07,0x40,0x64,0x69,0x67,0x5f,
0x70,0x35,0x00,0x00,0x07,0x40,0x64,0x69,0x67,0x5f,0x70,0x34,0x00,0x00,0x07,0x40,
0x64,0x69,0x67,0x5f,0x70,0x33,0x00,0x00,0x07,0x40,0x64,0x69,0x67,0x5f,0x70,0x32,
0x00,0x00,0x07,0x40,0x64,0x69,0x67,0x5f,0x70,0x31,0x00,0x00,0x07,0x40,0x64,0x69,
0x67,0x5f,0x70,0x39,0x00,0x00,0x07,0x40,0x64,0x69,0x67,0x5f,0x70,0x38,0x00,0x00,
0x07,0x40,0x64,0x69,0x67,0x5f,0x70,0x37,0x00,0x00,0x00,0x01,0x56,0x00,0x01,0x00,
0x11,0x00,0x04,0x00,0x00,0x00,0x00,0x00,0x6f,0x03,0x01,0x47,0x1e,0x01,0x00,0x07,
0x01,0x1e,0x01,0x01,0x03,0x01,0x7e,0x1e,0x01,0x02,0x03,0x01,0x28,0x1e,0x01,0x03,
0x03,0x01,0x36,0x1e,0x01,0x04,0x03,0x01,0x37,0x1e,0x01,0x05,0x03,0x01,0x1d,0x1e,
0x01,0x06,0x03,0x01,0x20,0x1e,0x01,0x07,0x10,0x01,0x08,0x06,0x02,0x10,0x03,0x09,
0x07,0x04,0x10,0x05,0x0a,0x08,0x06,0x10,0x07,0x0b,0x09,0x08,0x10,0x09,0x0c,0x0a,
0x0a,0x10,0x0b,0x0d,0x0b,0x0c,0x10,0x0d,0x0e,0x0c,0x0e,0x10,0x0f,0x0f,0x0d,0x10,
0x5e,0x01,0x08,0x1e,0x01,0x10,0x6b,0x01,0x11,0x00,0x6b,0x01,0x12,0x01,0x6b,0x01,
0x13,0x02,0x6b,0x01,0x14,0x03,0x3d,0x00,0x00,0x00,0x00,0x15,0x00,0x04,0x41,0x44,
0x44,0x52,0x00,0x00,0x0b,0x52,0x45,0x47,0x5f,0x43,0x48,0x49,0x50,0x5f,0x49,0x44,
0x00,0x00,0x07,0x52,0x45,0x47,0x5f,0x43,0x4d,0x44,0x00,0x00,0x0a,0x52,0x45,0x47,
0x5f,0x53,0x54,0x41,0x54,0x55,0x53,0x00,0x00,0x0e,0x52,0x45,0x47,0x5f,0x4f,0x53,
0x52,0x5f,0x43,0x4f,0x4e,0x46,0x49,0x47,0x00,0x00,0x0e,0x52,0x45,0x47,0x5f,0x4f,
0x44,0x52,0x5f,0x43,0x4f,0x4e,0x46,0x49,0x47,0x00,0x00,0x0d,0x52,0x45,0x47,0x5f,
0x54,0x45,0x4d,0x50,0x5f,0x44,0x41,0x54,0x41,0x00,0x00,0x0e,0x52,0x45,0x47,0x5f,
0x50,0x52,0x45,0x53,0x53,0x5f,0x44,0x41,0x54,0x41,0x00,0x00,0x02,0x78,0x31,0x00,
0x00,0x02,0x78,0x32,0x00,0x00,0x02,0x78,0x34,0x00,0x00,0x02,0x78,0x38,0x00,0x00,
0x03,0x78,0x31,0x36,0x00,0x00,0x03,0x78,0x33,0x32,0x00,0x00,0x03,0x78,0x36,0x34,
0x00,0x00,0x04,0x78,0x31,0x32,0x38,0x00,0x00,0x07,0x4f,0x53,0x52,0x5f,0x4d,0x41,
0x50,0x00,0x00,0x0a,0x69,0x6e,0x69,0x74,0x69,0x61,0x6c,0x69,0x7a,0x65,0x00,0x00,
0x04,0x72,0x65,0x61,0x64,0x00,0x00,0x0b,0x74,0x65,0x6d,0x70,0x65,0x72,0x61,0x74,
0x75,0x72,0x65,0x00,0x00,0x08,0x70,0x72,0x65,0x73,0x73,0x75,0x72,0x65,0x00,0x00,
0x00,0x01,0xee,0x00,0x09,0x00,0x10,0x00,0x00,0x00,0x00,0x00,0x00,0x00,0xfb,0x39,
0x04,0x20,0x00,0x26,0x00,0x03,0x26,0x00,0x03,0x5e,0x02,0x00,0x1a,0x01,0x00,0x01,
0x09,0x02,0x10,0x0a,0x01,0x23,0x09,0x27,0x09,0x00,0x03,0x1d,0x09,0x02,0x1a,0x09,
0x03,0x02,0x09,0x00,0x1a,0x09,0x04,0x02,0x09,0x00,0x1a,0x09,0x05,0x01,0x09,0x02,
0x10,0x0a,0x06,0x23,0x09,0x27,0x09,0x00,0x03,0x10,0x09,0x07,0x01,0x04,0x09,0x01,
0x09,0x02,0x10,0x0a,0x08,0x23,0x09,0x27,0x09,0x00,0x03,0x10,0x09,0x09,0x01,0x05,
0x09,0x19,0x09,0x00,0x19,0x0a,0x03,0x1d,0x0b,0x0a,0x03,0x0c,0xb6,0x52,0x0b,0x02,
0x32,0x09,0x0b,0x02,0x02,0x0a,0x01,0x2f,0x09,0x0c,0x01,0x19,0x09,0x00,0x19,0x0a,
0x03,0x07,0x0b,0x1d,0x0c,0x0d,0x32,0x09,0x0e,0x03,0x01,0x06,0x09,0x01,0x09,0x06,
0x33,0x09,0x0f,0x27,0x09,0x00,0x11,0x01,0x09,0x06,0x33,0x09,0x10,0x06,0x0a,0x23,
0x09,0x03,0x0a,0x50,0x32,0x09,0x11,0x01,0x28,0x09,0x00,0x01,0x40,0x1d,0x09,0x12,
0x01,0x0a,0x04,0x23,0x09,0x27,0x09,0x00,0x02,0x06,0x09,0x01,0x07,0x09,0x1d,0x09,
0x12,0x01,0x0a,0x05,0x23,0x09,0x27,0x09,0x00,0x02,0x09,0x09,0x01,0x08,0x09,0x19,
0x09,0x00,0x19,0x0a,0x03,0x1d,0x0b,0x13,0x03,0x0c,0x40,0x01,0x0d,0x07,0x09,0x0e,
0x32,0x0d,0x14,0x01,0x32,0x0c,0x15,0x01,0x01,0x0d,0x08,0x32,0x0c,0x15,0x01,0x52,
0x0b,0x02,0x32,0x09,0x0b,0x02,0x19,0x09,0x00,0x19,0x0a,0x03,0x1d,0x0b,0x16,0x06,
0x0c,0x52,0x0b,0x02,0x32,0x09,0x0b,0x02,0x3d,0x09,0x00,0x02,0x05,0x00,0x00,0x00,
0x00,0x00,0x00,0x00,0x00,0x05,0x9a,0x99,0x99,0x99,0x99,0x99,0xb9,0x3f,0x00,0x17,
0x00,0x04,0x40,0x69,0x32,0x63,0x00,0x00,0x07,0x61,0x64,0x64,0x72,0x65,0x73,0x73,
0x00,0x00,0x04,0x41,0x44,0x44,0x52,0x00,0x00,0x08,0x40,0x61,0x64,0x64,0x72,0x65,
0x73,0x73,0x00,0x00,0x0c,0x40,0x74,0x65,0x6d,0x70,0x65,0x72,0x61,0x74,0x75,0x72,
0x65,0x00,0x00,0x09,0x40,0x70,0x72,0x65,0x73,0x73,0x75,0x72,0x65,0x00,0x00,0x05,
0x6f,0x73,0x72,0x5f,0x74,0x00,0x00,0x02,0x78,0x31,0x00,0x00,0x05,0x6f,0x73,0x72,
0x5f,0x70,0x00,0x00,0x02,0x78,0x38,0x00,0x00,0x07,0x52,0x45,0x47,0x5f,0x43,0x4d,
0x44,0x00,0x00,0x05,0x77,0x72,0x69,0x74,0x65,0x00,0x00,0x05,0x73,0x6c,0x65,0x65,
0x70,0x00,0x00,0x0b,0x52,0x45,0x47,0x5f,0x43,0x48,0x49,0x50,0x5f,0x49,0x44,0x00,
0x00,0x04,0x72,0x65,0x61,0x64,0x00,0x00,0x01,0x21,0x00,0x00,0x05,0x62,0x79,0x74,
0x65,0x73,0x00,0x00,0x02,0x21,0x3d,0x00,0x00,0x07,0x4f,0x53,0x52,0x5f,0x4d,0x41,
0x50,0x00,0x00,0x0e,0x52,0x45,0x47,0x5f,0x4f,0x53,0x52,0x5f,0x43,0x4f,0x4e,0x46,
0x49,0x47,0x00,0x00,0x02,0x3c,0x3c,0x00,0x00,0x01,0x7c,0x00,0x00,0x0e,0x52,0x45,
0x47,0x5f,0x4f,0x44,0x52,0x5f,0x43,0x4f,0x4e,0x46,0x49,0x47,0x00,0x00,0x00,0x01,
0xb7,0x00,0x06,0x00,0x0b,0x00,0x00,0x00,0x00,0x00,0x00,0x01,0x00,0x39,0x00,0x00,
0x00,0x19,0x06,0x00,0x19,0x07,0x01,0x1d,0x08,0x02,0x07,0x09,0x52,0x08,0x02,0x32,
0x06,0x03,0x02,0x02,0x07,0x00,0x2f,0x06,0x04,0x01,0x19,0x06,0x00,0x19,0x07,0x01,
0x0c,0x08,0x1d,0x09,0x05,0x32,0x06,0x06,0x03,0x01,0x02,0x06,0x01,0x06,0x02,0x11,
0x07,0x4d,0x06,0x27,0x06,0x00,0x0a,0x01,0x06,0x02,0x33,0x06,0x07,0x0c,0x07,0x4e,
0x06,0x28,0x06,0x00,0x01,0x42,0x01,0x06,0x02,0x33,0x06,0x08,0x01,0x03,0x06,0x01,
0x06,0x03,0x08,0x07,0x23,0x06,0x03,0x07,0x10,0x32,0x06,0x09,0x01,0x01,0x07,0x03,
0x07,0x08,0x23,0x07,0x03,0x08,0x08,0x32,0x07,0x09,0x01,0x32,0x06,0x0a,0x01,0x24,
0x07,0x03,0x32,0x06,0x0a,0x01,0x01,0x04,0x06,0x01,0x06,0x03,0x0b,0x07,0x23,0x06,
0x03,0x07,0x10,0x32,0x06,0x09,0x01,0x01,0x07,0x03,0x0a,0x08,0x23,0x07,0x03,0x08,
0x08,0x32,0x07,0x09,0x01,0x32,0x06,0x0a,0x01,0x01,0x07,0x03,0x09,0x08,0x23,0x07,
0x32,0x06,0x0a,0x01,0x01,0x05,0x06,0x01,0x06,0x04,0x0f,0x07,0x00,0x7f,0xff,0xff,
0x50,0x06,0x28,0x06,0x00,0x0e,0x01,0x06,0x04,0x0f,0x07,0x01,0x00,0x00,0x00,0x47,
0x06,0x01,0x04,0x06,0x01,0x06,0x05,0x0f,0x07,0x00,0x7f,0xff,0xff,0x50,0x06,0x28,
0x06,0x00,0x0e,0x01,0x06,0x05,0x0f,0x07,0x01,0x00,0x00,0x00,0x47,0x06,0x01,0x05,
0x06,0x01,0x06,0x04,0x02,0x07,0x01,0x4c,0x06,0x1a,0x06,0x0b,0x01,0x06,0x05,0x02,
0x07,0x02,0x4c,0x06,0x02,0x07,0x03,0x4c,0x06,0x1a,0x06,0x0c,0x41,0x00,0x04,0x05,
0x9a,0x99,0x99,0x99,0x99,0x99,0xa9,0x3f,0x05,0x00,0x00,0x00,0x00,0x00,0x00,0xf0,
0x40,0x05,0x00,0x00,0x00,0x00,0x00,0x00,0x50,0x40,0x05,0x00,0x00,0x00,0x00,0x00,
0x00,0x59,0x40,0x00,0x0d,0x00,0x04,0x40,0x69,0x32,0x63,0x00,0x00,0x08,0x40,0x61,
0x64,0x64,0x72,0x65,0x73,0x73,0x00,0x00,0x0e,0x52,0x45,0x47,0x5f,0x4f,0x44,0x52,
0x5f,0x43,0x4f,0x4e,0x46,0x49,0x47,0x00,0x00,0x05,0x77,0x72,0x69,0x74,0x65,0x00,
0x00,0x05,0x73,0x6c,0x65,0x65,0x70,0x00,0x00,0x0d,0x52,0x45,0x47,0x5f,0x54,0x45,
0x4d,0x50,0x5f,0x44,0x41,0x54,0x41,0x00,0x00,0x04,0x72,0x65,0x61,0x64,0x00,0x00,
0x06,0x6c,0x65,0x6e,0x67,0x74,0x68,0x00,0x00,0x05,0x62,0x79,0x74,0x65,0x73,0x00,
0x00,0x02,0x3c,0x3c,0x00,0x00,0x01,0x7c,0x00,0x00,0x0c,0x40,0x74,0x65,0x6d,0x70,
0x65,0x72,0x61,0x74,0x75,0x72,0x65,0x00,0x00,0x09,0x40,0x70,0x72,0x65,0x73,0x73,
0x75,0x72,0x65,0x00,0x00,0x00,0x00,0x2c,0x00,0x02,0x00,0x03,0x00,0x00,0x00,0x00,
0x00,0x00,0x00,0x09,0x39,0x00,0x00,0x00,0x19,0x02,0x00,0x3d,0x02,0x00,0x00,0x00,
0x01,0x00,0x0c,0x40,0x74,0x65,0x6d,0x70,0x65,0x72,0x61,0x74,0x75,0x72,0x65,0x00,
0x00,0x00,0x00,0x29,0x00,0x02,0x00,0x03,0x00,0x00,0x00,0x00,0x00,0x00,0x00,0x09,
0x39,0x00,0x00,0x00,0x19,0x02,0x00,0x3d,0x02,0x00,0x00,0x00,0x01,0x00,0x09,0x40,
0x70,0x72,0x65,0x73,0x73,0x75,0x72,0x65,0x00,0x00,0x00,0x02,0x08,0x00,0x01,0x00,
0x13,0x00,0x09,0x00,0x00,0x00,0x00,0x00,0xec,0x10,0x02,0x00,0x10,0x03,0x01,0x2f,
0x01,0x02,0x02,0x10,0x01,0x03,0x06,0x02,0x0f,0x03,0x00,0x08,0x00,0x00,0x07,0x04,
0x52,0x02,0x03,0x10,0x03,0x04,0x07,0x04,0x0f,0x05,0x00,0x18,0x00,0x00,0x08,0x06,
0x52,0x04,0x03,0x10,0x05,0x05,0x08,0x06,0x0f,0x07,0x00,0x38,0x00,0x00,0x0a,0x08,
0x52,0x06,0x03,0x10,0x07,0x06,0x09,0x08,0x0f,0x09,0x00,0x78,0x00,0x00,0x03,0x0a,
0x08,0x52,0x08,0x03,0x10,0x09,0x07,0x0a,0x0a,0x0f,0x0b,0x00,0x03,0xe0,0x00,0x03,
0x0c,0x10,0x52,0x0a,0x03,0x10,0x0b,0x08,0x0b,0x0c,0x0f,0x0d,0x00,0x07,0xe0,0x00,
0x03,0x0e,0x20,0x52,0x0c,0x03,0x10,0x0d,0x09,0x0c,0x0e,0x0f,0x0f,0x00,0x0f,0xe0,
0x00,0x03,0x10,0x40,0x52,0x0e,0x03,0x10,0x0f,0x0a,0x0d,0x10,0x0f,0x11,0x00,0x1f,
0xe0,0x00,0x03,0x12,0x80,0x52,0x10,0x03,0x5e,0x01,0x08,0x1e,0x01,0x0b,0x10,0x01,
0x03,0x06,0x02,0x10,0x03,0x04,0x07,0x04,0x10,0x05,0x05,0x08,0x06,0x10,0x07,0x06,
0x09,0x08,0x10,0x09,0x07,0x0a,0x0a,0x10,0x0b,0x08,0x0b,0x0c,0x10,0x0d,0x09,0x0c,
0x0e,0x10,0x0f,0x0a,0x0d,0x10,0x5e,0x01,0x08,0x1e,0x01,0x0c,0x6b,0x01,0x0d,0x00,
0x6b,0x01,0x0e,0x01,0x30,0x01,0x0f,0x6b,0x01,0x10,0x02,0x6b,0x01,0x11,0x03,0x6b,
0x01,0x12,0x04,0x6b,0x01,0x13,0x05,0x6b,0x01,0x14,0x06,0x6b,0x01,0x15,0x07,0x6b,
0x01,0x16,0x08,0x3d,0x00,0x00,0x00,0x00,0x17,0x00,0x0b,0x74,0x65,0x6d,0x70,0x65,
0x72,0x61,0x74,0x75,0x72,0x65,0x00,0x00,0x08,0x70,0x72,0x65,0x73,0x73,0x75,0x72,
0x65,0x00,0x00,0x0b,0x61,0x74,0x74,0x72,0x5f,0x72,0x65,0x61,0x64,0x65,0x72,0x00,
0x00,0x02,0x78,0x31,0x00,0x00,0x02,0x78,0x32,0x00,0x00,0x02,0x78,0x34,0x00,0x00,
0x02,0x78,0x38,0x00,0x00,0x03,0x78,0x31,0x36,0x00,0x00,0x03,0x78,0x33,0x32,0x00,
0x00,0x03,0x78,0x36,0x34,0x00,0x00,0x04,0x78,0x31,0x32,0x38,0x00,0x00,0x07,0x4f,
0x53,0x52,0x5f,0x4d,0x41,0x50,0x00,0x00,0x08,0x52,0x41,0x54,0x45,0x5f,0x4d,0x41,
0x50,0x00,0x00,0x0a,0x69,0x6e,0x69,0x74,0x69,0x61,0x6c,0x69,0x7a,0x65,0x00,0x00,
0x04,0x72,0x65,0x61,0x64,0x00,0x00,0x07,0x70,0x72,0x69,0x76,0x61,0x74,0x65,0x00,
0x00,0x1a,0x63,0x6f,0x72,0x72,0x65,0x63,0x74,0x5f,0x74,0x65,0x6d,0x70,0x65,0x72,
0x61,0x74,0x75,0x72,0x65,0x5f,0x73,0x65,0x6e,0x73,0x6f,0x72,0x00,0x00,0x0d,0x67,
0x65,0x74,0x5f,0x72,0x61,0x77,0x5f,0x76,0x61,0x6c,0x75,0x65,0x00,0x00,0x1d,0x72,
0x65,0x61,0x64,0x5f,0x63,0x61,0x6c,0x69,0x62,0x72,0x61,0x74,0x69,0x6f,0x6e,0x5f,
0x63,0x6f,0x65,0x66,0x66,0x69,0x63,0x69,0x65,0x6e,0x74,0x73,0x00,0x00,0x08,0x77,
0x72,0x69,0x74,0x65,0x5f,0x75,0x38,0x00,0x00,0x07,0x72,0x65,0x61,0x64,0x5f,0x75,
0x38,0x00,0x00,0x0a,0x72,0x65,0x61,0x64,0x5f,0x62,0x6c,0x6f,0x63,0x6b,0x00,0x00,
0x0f,0x74,0x77,0x6f,0x73,0x5f,0x63,0x6f,0x6d,0x70,0x6c,0x65,0x6d,0x65,0x6e,0x74,
0x00,0x00,0x00,0x02,0x5b,0x00,0x09,0x00,0x0e,0x00,0x00,0x00,0x00,0x00,0x00,0x01,
0x39,0x39,0x04,0x20,0x00,0x26,0x00,0x03,0x26,0x00,0x03,0x5e,0x02,0x00,0x1a,0x01,
0x00,0x01,0x09,0x02,0x10,0x0a,0x01,0x23,0x09,0x27,0x09,0x00,0x03,0x03,0x09,0x77,
0x1a,0x09,0x02,0x01,0x09,0x02,0x10,0x0a,0x03,0x23,0x09,0x27,0x09,0x00,0x03,0x10,
0x09,0x04,0x1a,0x09,0x05,0x1d,0x09,0x06,0x01,0x0a,0x02,0x10,0x0b,0x07,0x23,0x0a,
0x23,0x09,0x27,0x09,0x00,0x08,0x1d,0x09,0x06,0x10,0x0a,0x08,0x23,0x09,0x01,0x04,
0x09,0x1d,0x09,0x09,0x01,0x0a,0x02,0x10,0x0b,0x0a,0x23,0x0a,0x23,0x09,0x27,0x09,
0x00,0x08,0x1d,0x09,0x09,0x10,0x0a,0x0b,0x23,0x09,0x01,0x05,0x09,0x24,0x09,0x04,
0x01,0x06,0x09,0x01,0x09,0x04,0x07,0x0a,0x23,0x09,0x1a,0x09,0x0c,0x01,0x09,0x04,
0x08,0x0a,0x23,0x09,0x1a,0x09,0x0d,0x01,0x09,0x05,0x0a,0x0a,0x32,0x09,0x0e,0x01,
0x01,0x07,0x09,0x03,0x0a,0x0c,0x03,0x0b,0x09,0x2f,0x09,0x0f,0x02,0x02,0x0a,0x00,
0x2f,0x09,0x10,0x01,0x30,0x09,0x11,0x0c,0x0a,0x01,0x0b,0x07,0x01,0x0c,0x06,0x32,
0x0b,0x12,0x01,0x2f,0x09,0x0f,0x02,0x0d,0x0a,0x03,0x0b,0x80,0x01,0x0c,0x07,0x32,
0x0b,0x12,0x01,0x01,0x0c,0x06,0x32,0x0b,0x12,0x01,0x2f,0x09,0x0f,0x02,0x06,0x08,
0x19,0x09,0x0d,0x03,0x0a,0x08,0x50,0x09,0x28,0x09,0x00,0x0c,0x01,0x09,0x08,0x0a,
0x0a,0x32,0x09,0x12,0x01,0x01,0x08,0x09,0x19,0x09,0x0d,0x03,0x0a,0x08,0x50,0x09,
0x28,0x09,0x00,0x0d,0x01,0x09,0x08,0x03,0x0a,0x08,0x32,0x09,0x12,0x01,0x01,0x08,
0x09,0x03,0x0a,0x09,0x01,0x0b,0x08,0x2f,0x09,0x0f,0x02,0x30,0x09,0x13,0x19,0x09,
0x05,0x10,0x0a,0x14,0x4d,0x09,0x28,0x09,0x00,0x09,0x03,0x0a,0x08,0x0d,0x0b,0x2f,
0x09,0x0f,0x02,0x19,0x09,0x0d,0x02,0x0a,0x01,0x4b,0x09,0x02,0x0a,0x02,0x4c,0x09,
0x02,0x0a,0x03,0x45,0x09,0x1a,0x09,0x15,0x3d,0x09,0x00,0x04,0x05,0x9a,0x99,0x99,
0x99,0x99,0x99,0xa9,0x3f,0x05,0x00,0x00,0x00,0x00,0x00,0x00,0xf8,0x3f,0x05,0x00,
0x00,0x00,0x00,0x00,0x40,0x8f,0x40,0x05,0x7b,0x14,0xae,0x47,0xe1,0x7a,0x84,0x3f,
0x00,0x16,0x00,0x04,0x40,0x69,0x32,0x63,0x00,0x00,0x04,0x61,0x64,0x64,0x72,0x00,
0x00,0x05,0x40,0x61,0x64,0x64,0x72,0x00,0x00,0x04,0x6d,0x6f,0x64,0x65,0x00,0x00,
0x07,0x63,0x6f,0x6d,0x6d,0x61,0x6e,0x64,0x00,0x00,0x05,0x40,0x6d,0x6f,0x64,0x65,
0x00,0x00,0x07,0x4f,0x53,0x52,0x5f,0x4d,0x41,0x50,0x00,0x00,0x03,0x6f,0x73,0x72,
0x00,0x00,0x03,0x78,0x36,0x34,0x00,0x00,0x08,0x52,0x41,0x54,0x45,0x5f,0x4d,0x41,
0x50,0x00,0x00,0x04,0x72,0x61,0x74,0x65,0x00,0x00,0x02,0x78,0x31,0x00,0x00,0x0d,
0x40,0x73,0x63,0x61,0x6c,0x65,0x5f,0x66,0x61,0x63,0x74,0x6f,0x72,0x00,0x00,0x08,
0x40,0x6f,0x73,0x72,0x5f,0x76,0x61,0x6c,0x00,0x00,0x02,0x3c,0x3c,0x00,0x00,0x08,
0x77,0x72,0x69,0x74,0x65,0x5f,0x75,0x38,0x00,0x00,0x05,0x73,0x6c,0x65,0x65,0x70,
0x00,0x00,0x1a,0x63,0x6f,0x72,0x72,0x65,0x63,0x74,0x5f,0x74,0x65,0x6d,0x70,0x65,
0x72,0x61,0x74,0x75,0x72,0x65,0x5f,0x73,0x65,0x6e,0x73,0x6f,0x72,0x00,0x00,0x01,
0x7c,0x00,0x00,0x1d,0x72,0x65,0x61,0x64,0x5f,0x63,0x61,0x6c,0x69,0x62,0x72,0x61,
0x74,0x69,0x6f,0x6e,0x5f,0x63,0x6f,0x65,0x66,0x66,0x69,0x63,0x69,0x65,0x6e,0x74,
0x73,0x00,0x00,0x0a,0x62,0x61,0x63,0x6b,0x67,0x72,0x6f,0x75,0x6e,0x64,0x00,0x00,
0x0a,0x40,0x77,0x61,0x69,0x74,0x5f,0x74,0x69,0x6d,0x65,0x00,0x00,0x00,0x02,0x05,
0x00,0x07,0x00,0x0f,0x00,0x00,0x00,0x01,0x00,0x00,0x01,0x0c,0x39,0x00,0x00,0x00,
0x19,0x07,0x00,0x10,0x08,0x01,0x4d,0x07,0x28,0x07,0x00,0x35,0x03,0x08,0x08,0x08,
0x09,0x2f,0x07,0x02,0x02,0x19,0x08,0x03,0x2f,0x07,0x04,0x01,0x09,0x08,0x2f,0x07,
0x05,0x01,0x01,0x02,0x07,0x03,0x08,0x08,0x07,0x09,0x2f,0x07,0x02,0x02,0x19,0x08,
0x03,0x2f,0x07,0x04,0x01,0x06,0x08,0x2f,0x07,0x05,0x01,0x01,0x03,0x07,0x26,0x00,
0x32,0x03,0x08,0x08,0x2f,0x07,0x06,0x01,0x01,0x04,0x07,0x01,0x07,0x04,0x03,0x08,
0x30,0x32,0x07,0x07,0x01,0x06,0x08,0x4d,0x07,0x28,0x07,0x00,0x04,0x14,0x07,0x3e,
0x07,0x09,0x08,0x2f,0x07,0x05,0x01,0x01,0x02,0x07,0x06,0x08,0x2f,0x07,0x05,0x01,
0x01,0x03,0x07,0x01,0x07,0x02,0x33,0x07,0x08,0x19,0x08,0x09,0x4c,0x07,0x01,0x05,
0x07,0x01,0x07,0x03,0x33,0x07,0x08,0x19,0x08,0x09,0x4c,0x07,0x01,0x06,0x07,0x19,
0x07,0x0a,0x02,0x08,0x00,0x4b,0x07,0x01,0x08,0x05,0x19,0x09,0x0b,0x4b,0x08,0x45,
0x07,0x1a,0x07,0x0c,0x19,0x07,0x0d,0x01,0x08,0x06,0x19,0x09,0x0e,0x01,0x0a,0x06,
0x19,0x0b,0x0f,0x01,0x0c,0x06,0x19,0x0d,0x10,0x4b,0x0c,0x45,0x0b,0x4b,0x0a,0x45,
0x09,0x4b,0x08,0x45,0x07,0x01,0x08,0x05,0x19,0x09,0x11,0x4b,0x08,0x45,0x07,0x01,
0x08,0x05,0x01,0x09,0x06,0x4b,0x08,0x19,0x09,0x12,0x01,0x0a,0x06,0x19,0x0b,0x13,
0x4b,0x0a,0x45,0x09,0x4b,0x08,0x45,0x07,0x1a,0x07,0x14,0x13,0x07,0x26,0x00,0x16,
0x2b,0x07,0x1d,0x08,0x15,0x2c,0x07,0x08,0x27,0x08,0x00,0x03,0x26,0x00,0x05,0x14,
0x07,0x26,0x00,0x02,0x2d,0x07,0x3d,0x07,0x00,0x00,0x00,0x00,0x04,0x00,0x00,0x00,
0xf1,0x00,0x00,0x00,0xf4,0x00,0x01,0x05,0x00,0x00,0x00,0x00,0x00,0x00,0xe0,0x3f,
0x00,0x16,0x00,0x05,0x40,0x6d,0x6f,0x64,0x65,0x00,0x00,0x07,0x63,0x6f,0x6d,0x6d,
0x61,0x6e,0x64,0x00,0x00,0x08,0x77,0x72,0x69,0x74,0x65,0x5f,0x75,0x38,0x00,0x00,
0x0a,0x40,0x77,0x61,0x69,0x74,0x5f,0x74,0x69,0x6d,0x65,0x00,0x00,0x05,0x73,0x6c,
0x65,0x65,0x70,0x00,0x00,0x0d,0x67,0x65,0x74,0x5f,0x72,0x61,0x77,0x5f,0x76,0x61,
0x6c,0x75,0x65,0x00,0x00,0x07,0x72,0x65,0x61,0x64,0x5f,0x75,0x38,0x00,0x00,0x01,
0x26,0x00,0x00,0x04,0x74,0x6f,0x5f,0x66,0x00,0x00,0x0d,0x40,0x73,0x63,0x61,0x6c,
0x65,0x5f,0x66,0x61,0x63,0x74,0x6f,0x72,0x00,0x00,0x03,0x40,0x63,0x30,0x00,0x00,
0x03,0x40,0x63,0x31,0x00,0x00,0x0c,0x40,0x74,0x65,0x6d,0x70,0x65,0x72,0x61,0x74,
0x75,0x72,0x65,0x00,0x00,0x04,0x40,0x63,0x30,0x30,0x00,0x00,0x04,0x40,0x63,0x31,
0x30,0x00,0x00,0x04,0x40,0x63,0x32,0x30,0x00,0x00,0x04,0x40,0x63,0x33,0x30,0x00,
0x00,0x04,0x40,0x63,0x30,0x31,0x00,0x00,0x04,0x40,0x63,0x31,0x31,0x00,0x00,0x04,
0x40,0x63,0x32,0x31,0x00,0x00,0x09,0x40,0x70,0x72,0x65,0x73,0x73,0x75,0x72,0x65,
0x00,0x00,0x0d,0x53,0x74,0x61,0x6e,0x64,0x61,0x72,0x64,0x45,0x72,0x72,0x6f,0x72,
0x00,0x00,0x00,0x00,0x54,0x00,0x02,0x00,0x06,0x00,0x00,0x00,0x00,0x00,0x00,0x00,
0x35,0x39,0x00,0x00,0x00,0x03,0x03,0x0e,0x03,0x04,0xa5,0x2f,0x02,0x00,0x02,0x03,
0x03,0x0f,0x03,0x04,0x96,0x2f,0x02,0x00,0x02,0x03,0x03,0x62,0x08,0x04,0x2f,0x02,
0x00,0x02,0x03,0x03,0x0e,0x06,0x04,0x2f,0x02,0x00,0x02,0x03,0x03,0x0f,0x06,0x04,
0x2f,0x02,0x00,0x02,0x3d,0x02,0x00,0x00,0x00,0x01,0x00,0x08,0x77,0x72,0x69,0x74,
0x65,0x5f,0x75,0x38,0x00,0x00,0x00,0x00,0x82,0x00,0x05,0x00,0x09,0x00,0x00,0x00,
0x00,0x00,0x00,0x00,0x46,0x39,0x04,0x00,0x00,0x01,0x06,0x01,0x09,0x07,0x2f,0x05,
0x00,0x02,0x01,0x03,0x05,0x24,0x05,0x03,0x03,0x06,0x10,0x32,0x05,0x01,0x01,0x01,
0x06,0x03,0x07,0x07,0x23,0x06,0x03,0x07,0x08,0x32,0x06,0x01,0x01,0x32,0x05,0x02,
0x01,0x01,0x06,0x03,0x08,0x07,0x23,0x06,0x32,0x05,0x02,0x01,0x01,0x04,0x05,0x01,
0x06,0x04,0x03,0x07,0x18,0x2f,0x05,0x03,0x02,0x3d,0x05,0x00,0x00,0x00,0x04,0x00,
0x0a,0x72,0x65,0x61,0x64,0x5f,0x62,0x6c,0x6f,0x63,0x6b,0x00,0x00,0x02,0x3c,0x3c,
0x00,0x00,0x01,0x7c,0x00,0x00,0x0f,0x74,0x77,0x6f,0x73,0x5f,0x63,0x6f,0x6d,0x70,
0x6c,0x65,0x6d,0x65,0x6e,0x74,0x00,0x00,0x00,0x02,0x17,0x00,0x04,0x00,0x09,0x00,
0x00,0x00,0x00,0x00,0x00,0x01,0x95,0x39,0x00,0x00,0x00,0x03,0x05,0x10,0x09,0x06,
0x2f,0x04,0x00,0x02,0x01,0x02,0x04,0x24,0x05,0x02,0x0a,0x06,0x32,0x05,0x01,0x01,
0x01,0x06,0x02,0x07,0x07,0x23,0x06,0x0a,0x07,0x32,0x06,0x02,0x01,0x32,0x05,0x03,
0x01,0x03,0x06,0x0c,0x2f,0x04,0x04,0x02,0x1a,0x04,0x05,0x01,0x05,0x02,0x07,0x06,
0x23,0x05,0x03,0x06,0x0f,0x32,0x05,0x06,0x01,0x03,0x06,0x08,0x32,0x05,0x01,0x01,
0x01,0x06,0x02,0x08,0x07,0x23,0x06,0x32,0x05,0x03,0x01,0x03,0x06,0x0c,0x2f,0x04,
0x04,0x02,0x1a,0x04,0x07,0x03,0x05,0x13,0x03,0x06,0x0f,0x2f,0x04,0x00,0x02,0x01,
0x03,0x04,0x24,0x05,0x03,0x03,0x06,0x0c,0x32,0x05,0x01,0x01,0x01,0x06,0x03,0x07,
0x07,0x23,0x06,0x0a,0x07,0x32,0x06,0x01,0x01,0x32,0x05,0x03,0x01,0x01,0x06,0x03,
0x08,0x07,0x23,0x06,0x0a,0x07,0x32,0x06,0x02,0x01,0x32,0x05,0x03,0x01,0x03,0x06,
0x14,0x2f,0x04,0x04,0x02,0x1a,0x04,0x08,0x01,0x05,0x03,0x08,0x06,0x23,0x05,0x03,
0x06,0x0f,0x32,0x05,0x06,0x01,0x03,0x06,0x10,0x32,0x05,0x01,0x01,0x01,0x06,0x03,
0x09,0x07,0x23,0x06,0x03,0x07,0x08,0x32,0x06,0x01,0x01,0x32,0x05,0x03,0x01,0x01,
0x06,0x03,0x0a,0x07,0x23,0x06,0x32,0x05,0x03,0x01,0x03,0x06,0x14,0x2f,0x04,0x04,
0x02,0x1a,0x04,0x09,0x01,0x05,0x03,0x0b,0x06,0x23,0x05,0x03,0x06,0x08,0x32,0x05,
0x01,0x01,0x01,0x06,0x03,0x0c,0x07,0x23,0x06,0x32,0x05,0x03,0x01,0x03,0x06,0x10,
0x2f,0x04,0x04,0x02,0x1a,0x04,0x0a,0x01,0x05,0x03,0x0d,0x06,0x23,0x05,0x03,0x06,
0x08,0x32,0x05,0x01,0x01,0x01,0x06,0x03,0x03,0x07,0x08,0x23,0x06,0x32,0x05,0x03,
0x01,0x03,0x06,0x10,0x2f,0x04,0x04,0x02,0x1a,0x04,0x0b,0x01,0x05,0x03,0x03,0x06,
0x09,0x23,0x05,0x03,0x06,0x08,0x32,0x05,0x01,0x01,0x01,0x06,0x03,0x03,0x07,0x0a,
0x23,0x06,0x32,0x05,0x03,0x01,0x03,0x06,0x10,0x2f,0x04,0x04,0x02,0x1a,0x04,0x0c,
0x01,0x05,0x03,0x03,0x06,0x0b,0x23,0x05,0x03,0x06,0x08,0x32,0x05,0x01,0x01,0x01,
0x06,0x03,0x03,0x07,0x0c,0x23,0x06,0x32,0x05,0x03,0x01,0x03,0x06,0x10,0x2f,0x04,
0x04,0x02,0x1a,0x04,0x0d,0x01,0x05,0x03,0x03,0x06,0x0d,0x23,0x05,0x03,0x06,0x08,
0x32,0x05,0x01,0x01,0x01,0x06,0x03,0x03,0x07,0x0e,0x23,0x06,0x32,0x05,0x03,0x01,
0x03,0x06,0x10,0x2f,0x04,0x04,0x02,0x1a,0x04,0x0e,0x3d,0x04,0x00,0x00,0x00,0x0f,
0x00,0x0a,0x72,0x65,0x61,0x64,0x5f,0x62,0x6c,0x6f,0x63,0x6b,0x00,0x00,0x02,0x3c,
0x3c,0x00,0x00,0x02,0x3e,0x3e,0x00,0x00,0x01,0x7c,0x00,0x00,0x0f,0x74,0x77,0x6f,
0x73,0x5f,0x63,0x6f,0x6d,0x70,0x6c,0x65,0x6d,0x65,0x6e,0x74,0x00,0x00,0x03,0x40,
0x63,0x30,0x00,0x00,0x01,0x26,0x00,0x00,0x03,0x40,0x63,0x31,0x00,0x00,0x04,0x40,
0x63,0x30,0x30,0x00,0x00,0x04,0x40,0x63,0x31,0x30,0x00,0x00,0x04,0x40,0x63,0x30,
0x31,0x00,0x00,0x04,0x40,0x63,0x31,0x31,0x00,0x00,0x04,0x40,0x63,0x32,0x30,0x00,
0x00,0x04,0x40,0x63,0x32,0x31,0x00,0x00,0x04,0x40,0x63,0x33,0x30,0x00,0x00,0x00,
0x00,0x44,0x00,0x04,0x00,0x08,0x00,0x00,0x00,0x00,0x00,0x00,0x00,0x19,0x39,0x08,
0x00,0x00,0x19,0x04,0x00,0x19,0x05,0x01,0x01,0x06,0x01,0x01,0x07,0x02,0x52,0x06,
0x02,0x32,0x04,0x02,0x02,0x3d,0x04,0x00,0x00,0x00,0x03,0x00,0x04,0x40,0x69,0x32,
0x63,0x00,0x00,0x05,0x40,0x61,0x64,0x64,0x72,0x00,0x00,0x05,0x77,0x72,0x69,0x74,
0x65,0x00,0x00,0x00,0x00,0x63,0x00,0x03,0x00,0x07,0x00,0x00,0x00,0x00,0x00,0x00,
0x00,0x29,0x39,0x04,0x00,0x00,0x19,0x03,0x00,0x19,0x04,0x01,0x01,0x05,0x01,0x52,
0x05,0x01,0x32,0x03,0x02,0x02,0x19,0x03,0x00,0x19,0x04,0x01,0x07,0x05,0x32,0x03,
0x03,0x02,0x33,0x03,0x04,0x06,0x04,0x23,0x03,0x3d,0x03,0x00,0x00,0x00,0x05,0x00,
0x04,0x40,0x69,0x32,0x63,0x00,0x00,0x05,0x40,0x61,0x64,0x64,0x72,0x00,0x00,0x05,
0x77,0x72,0x69,0x74,0x65,0x00,0x00,0x04,0x72,0x65,0x61,0x64,0x00,0x00,0x05,0x62,
0x79,0x74,0x65,0x73,0x00,0x00,0x00,0x00,0x60,0x00,0x04,0x00,0x08,0x00,0x00,0x00,
0x00,0x00,0x00,0x00,0x26,0x39,0x08,0x00,0x00,0x19,0x04,0x00,0x19,0x05,0x01,0x01,
0x06,0x01,0x52,0x06,0x01,0x32,0x04,0x02,0x02,0x19,0x04,0x00,0x19,0x05,0x01,0x01,
0x06,0x02,0x32,0x04,0x03,0x02,0x33,0x04,0x04,0x3d,0x04,0x00,0x00,0x00,0x05,0x00,
0x04,0x40,0x69,0x32,0x63,0x00,0x00,0x05,0x40,0x61,0x64,0x64,0x72,0x00,0x00,0x05,
0x77,0x72,0x69,0x74,0x65,0x00,0x00,0x04,0x72,0x65,0x61,0x64,0x00,0x00,0x05,0x62,
0x79,0x74,0x65,0x73,0x00,0x00,0x00,0x00,0x4e,0x00,0x05,0x00,0x09,0x00,0x00,0x00,
0x00,0x00,0x00,0x00,0x35,0x39,0x08,0x00,0x00,0x07,0x05,0x01,0x06,0x02,0x48,0x06,
0x01,0x32,0x05,0x00,0x01,0x01,0x04,0x05,0x01,0x05,0x01,0x01,0x06,0x04,0x51,0x05,
0x28,0x05,0x00,0x11,0x01,0x05,0x01,0x07,0x06,0x01,0x07,0x02,0x32,0x06,0x00,0x01,
0x47,0x05,0x26,0x00,0x03,0x01,0x05,0x01,0x3d,0x05,0x00,0x00,0x00,0x01,0x00,0x02,
0x3c,0x3c,0x00,0x00,0x00,0x00,0xc3,0x00,0x01,0x00,0x05,0x00,0x07,0x00,0x00,0x00,
0x00,0x00,0x2f,0x10,0x02,0x00,0x10,0x03,0x01,0x2f,0x01,0x02,0x02,0x10,0x02,0x03,
0x2f,0x01,0x04,0x01,0x6b,0x01,0x05,0x00,0x6b,0x01,0x06,0x01,0x6b,0x01,0x07,0x02,
0x6b,0x01,0x08,0x03,0x6b,0x01,0x09,0x04,0x6b,0x01,0x0a,0x05,0x6b,0x01,0x0b,0x06,
0x3d,0x00,0x00,0x00,0x00,0x0c,0x00,0x04,0x73,0x69,0x7a,0x65,0x00,0x00,0x06,0x6f,
0x66,0x66,0x73,0x65,0x74,0x00,0x00,0x0b,0x61,0x74,0x74,0x72,0x5f,0x72,0x65,0x61,
0x64,0x65,0x72,0x00,0x00,0x05,0x73,0x63,0x61,0x6c,0x65,0x00,0x00,0x0d,0x61,0x74,
0x74,0x72,0x5f,0x61,0x63,0x63,0x65,0x73,0x73,0x6f,0x72,0x00,0x00,0x0a,0x69,0x6e,
0x69,0x74,0x69,0x61,0x6c,0x69,0x7a,0x65,0x00,0x00,0x08,0x72,0x65,0x61,0x64,0x5f,
0x72,0x61,0x77,0x00,0x00,0x04,0x74,0x61,0x72,0x65,0x00,0x00,0x09,0x63,0x61,0x6c,
0x69,0x62,0x72,0x61,0x74,0x65,0x00,0x00,0x04,0x72,0x65,0x61,0x64,0x00,0x00,0x09,
0x73,0x65,0x74,0x5f,0x73,0x63,0x61,0x6c,0x65,0x00,0x00,0x09,0x67,0x65,0x74,0x5f,
0x73,0x63,0x61,0x6c,0x65,0x00,0x00,0x00,0x01,0x33,0x00,0x0a,0x00,0x14,0x00,0x00,
0x00,0x00,0x00,0x00,0x00,0xa1,0x39,0x00,0x00,0x14,0x3c,0x03,0x00,0x3c,0x04,0x01,
0x3a,0x05,0x02,0x27,0x05,0x00,0x05,0x0b,0x05,0x26,0x00,0x03,0x3c,0x05,0x02,0x3a,
0x06,0x03,0x27,0x06,0x00,0x09,0x0f,0x06,0xff,0xfd,0xd8,0x9f,0x26,0x00,0x03,0x3c,
0x06,0x03,0x3a,0x07,0x04,0x27,0x07,0x00,0x06,0x02,0x07,0x00,0x26,0x00,0x03,0x3c,
0x07,0x04,0x3b,0x10,0x0a,0x00,0x01,0x0b,0x03,0x10,0x0c,0x01,0x01,0x0d,0x04,0x10,
0x0e,0x02,0x01,0x0f,0x05,0x10,0x10,0x03,0x01,0x11,0x06,0x10,0x12,0x04,0x01,0x13,
0x07,0x5e,0x0a,0x05,0x01,0x01,0x0a,0x1a,0x03,0x05,0x1a,0x04,0x06,0x1a,0x05,0x07,
0x1a,0x06,0x08,0x1a,0x07,0x09,0x1d,0x0a,0x0a,0x19,0x0b,0x05,0x1d,0x0c,0x0a,0x1f,
0x0c,0x0b,0x32,0x0a,0x0c,0x02,0x01,0x08,0x0a,0x1d,0x0a,0x0a,0x19,0x0b,0x06,0x1d,
0x0c,0x0a,0x1f,0x0c,0x0d,0x32,0x0a,0x0c,0x02,0x01,0x09,0x0a,0x01,0x0a,0x09,0x06,
0x0b,0x32,0x0a,0x0e,0x01,0x3d,0x0a,0x00,0x01,0x05,0x00,0x00,0x00,0x00,0x00,0x48,
0x7a,0x40,0x00,0x0f,0x00,0x07,0x64,0x61,0x74,0x5f,0x70,0x69,0x6e,0x00,0x00,0x07,
0x63,0x6c,0x6b,0x5f,0x70,0x69,0x6e,0x00,0x00,0x04,0x73,0x69,0x7a,0x65,0x00,0x00,
0x06,0x6f,0x66,0x66,0x73,0x65,0x74,0x00,0x00,0x05,0x73,0x63,0x61,0x6c,0x65,0x00,
0x00,0x04,0x40,0x64,0x61,0x74,0x00,0x00,0x04,0x40,0x63,0x6c,0x6b,0x00,0x00,0x05,
0x40,0x73,0x69,0x7a,0x65,0x00,0x00,0x07,0x40,0x6f,0x66,0x66,0x73,0x65,0x74,0x00,
0x00,0x06,0x40,0x73,0x63,0x61,0x6c,0x65,0x00,0x00,0x04,0x47,0x50,0x49,0x4f,0x00,
0x00,0x02,0x49,0x4e,0x00,0x00,0x03,0x6e,0x65,0x77,0x00,0x00,0x03,0x4f,0x55,0x54,
0x00,0x00,0x05,0x77,0x72,0x69,0x74,0x65,0x00,0x00,0x00,0x00,0x7f,0x00,0x03,0x00,
0x07,0x00,0x00,0x00,0x00,0x00,0x00,0x00,0x34,0x39,0x00,0x00,0x00,0x11,0x02,0x01,
0x03,0x02,0x33,0x03,0x00,0x28,0x03,0x00,0x22,0x00,0x19,0x04,0x01,0x19,0x05,0x02,
0x2f,0x03,0x03,0x02,0x01,0x02,0x03,0x01,0x03,0x02,0x29,0x03,0x00,0x03,0x26,0x00,
0x07,0x02,0x04,0x00,0x2f,0x03,0x04,0x01,0x26,0xff,0xd4,0x3d,0x02,0x00,0x01,0x05,
0x7b,0x14,0xae,0x47,0xe1,0x7a,0x84,0x3f,0x00,0x05,0x00,0x04,0x6e,0x69,0x6c,0x3f,
0x00,0x00,0x04,0x40,0x64,0x61,0x74,0x00,0x00,0x04,0x40,0x63,0x6c,0x6b,0x00,0x00,
0x0e,0x68,0x78,0x37,0x31,0x31,0x5f,0x72,0x65,0x61,0x64,0x5f,0x72,0x61,0x77,0x00,
0x00,0x05,0x73,0x6c,0x65,0x65,0x70,0x00,0x00,0x00,0x00,0x4c,0x00,0x04,0x00,0x07,
0x00,0x01,0x00,0x00,0x00,0x00,0x00,0x26,0x39,0x00,0x20,0x00,0x26,0x00,0x03,0x26,
0x00,0x03,0x03,0x01,0x0a,0x06,0x03,0x01,0x04,0x01,0x62,0x05,0x00,0x34,0x04,0x00,
0x00,0x01,0x04,0x03,0x01,0x05,0x01,0x4c,0x04,0x1a,0x04,0x01,0x3d,0x04,0x00,0x00,
0x00,0x02,0x00,0x05,0x74,0x69,0x6d,0x65,0x73,0x00,0x00,0x07,0x40,0x6f,0x66,0x66,
0x73,0x65,0x74,0x00,0x00,0x00,0x00,0x4a,0x00,0x02,0x00,0x05,0x00,0x00,0x00,0x00,
0x00,0x00,0x00,0x1a,0x39,0x00,0x00,0x00,0x21,0x02,0x03,0x00,0x30,0x03,0x00,0x45,
0x02,0x22,0x02,0x03,0x00,0x02,0x03,0x00,0x2f,0x02,0x01,0x01,0x3d,0x02,0x00,0x01,
0x05,0x9a,0x99,0x99,0x99,0x99,0x99,0xa9,0x3f,0x00,0x02,0x00,0x08,0x72,0x65,0x61,
0x64,0x5f,0x72,0x61,0x77,0x00,0x00,0x05,0x73,0x6c,0x65,0x65,0x70,0x00,0x00,0x00,
0x00,0x8b,0x00,0x06,0x00,0x09,0x00,0x01,0x00,0x00,0x00,0x00,0x00,0x4c,0x39,0x04,
0x20,0x00,0x26,0x00,0x03,0x26,0x00,0x03,0x03,0x02,0x0a,0x01,0x06,0x01,0x06,0x07,
0x4d,0x06,0x28,0x06,0x00,0x05,0x02,0x06,0x00,0x3d,0x06,0x06,0x04,0x01,0x06,0x02,
0x62,0x07,0x00,0x34,0x06,0x00,0x00,0x01,0x06,0x04,0x01,0x07,0x02,0x4c,0x06,0x01,
0x05,0x06,0x01,0x06,0x05,0x19,0x07,0x01,0x47,0x06,0x33,0x06,0x02,0x01,0x07,0x01,
0x4c,0x06,0x1a,0x06,0x03,0x19,0x06,0x03,0x3d,0x06,0x00,0x01,0x05,0x00,0x00,0x00,
0x00,0x00,0x00,0xf0,0x3f,0x00,0x04,0x00,0x05,0x74,0x69,0x6d,0x65,0x73,0x00,0x00,
0x07,0x40,0x6f,0x66,0x66,0x73,0x65,0x74,0x00,0x00,0x04,0x74,0x6f,0x5f,0x66,0x00,
0x00,0x06,0x40,0x73,0x63,0x61,0x6c,0x65,0x00,0x00,0x00,0x00,0x4a,0x00,0x02,0x00,
0x05,0x00,0x00,0x00,0x00,0x00,0x00,0x00,0x1a,0x39,0x00,0x00,0x00,0x21,0x02,0x04,
0x00,0x30,0x03,0x00,0x45,0x02,0x22,0x02,0x04,0x00,0x02,0x03,0x00,0x2f,0x02,0x01,
0x01,0x3d,0x02,0x00,0x01,0x05,0x9a,0x99,0x99,0x99,0x99,0x99,0xa9,0x3f,0x00,0x02,
0x00,0x08,0x72,0x65,0x61,0x64,0x5f,0x72,0x61,0x77,0x00,0x00,0x05,0x73,0x6c,0x65,
0x65,0x70,0x00,0x00,0x00,0x00,0x61,0x00,0x05,0x00,0x08,0x00,0x01,0x00,0x00,0x00,
0x00,0x00,0x32,0x39,0x00,0x20,0x00,0x26,0x00,0x03,0x26,0x00,0x02,0x0b,0x01,0x06,
0x03,0x01,0x05,0x01,0x62,0x06,0x00,0x34,0x05,0x00,0x00,0x01,0x05,0x03,0x01,0x06,
0x01,0x4c,0x05,0x01,0x04,0x05,0x01,0x05,0x04,0x19,0x06,0x01,0x47,0x05,0x19,0x06,
0x02,0x4c,0x05,0x3d,0x05,0x00,0x00,0x00,0x03,0x00,0x05,0x74,0x69,0x6d,0x65,0x73,
0x00,0x00,0x07,0x40,0x6f,0x66,0x66,0x73,0x65,0x74,0x00,0x00,0x06,0x40,0x73,0x63,
0x61,0x6c,0x65,0x00,0x00,0x00,0x00,0x32,0x00,0x02,0x00,0x05,0x00,0x00,0x00,0x00,
0x00,0x00,0x00,0x13,0x39,0x00,0x00,0x00,0x21,0x02,0x03,0x00,0x30,0x03,0x00,0x45,
0x02,0x22,0x02,0x03,0x00,0x3d,0x02,0x00,0x00,0x00,0x01,0x00,0x08,0x72,0x65,0x61,
0x64,0x5f,0x72,0x61,0x77,0x00,0x00,0x00,0x00,0x29,0x00,0x03,0x00,0x04,0x00,0x00,
0x00,0x00,0x00,0x00,0x00,0x0c,0x39,0x04,0x00,0x00,0x01,0x03,0x01,0x1a,0x03,0x00,
0x3d,0x03,0x00,0x00,0x00,0x01,0x00,0x06,0x40,0x73,0x63,0x61,0x6c,0x65,0x00,0x00,
0x00,0x00,0x26,0x00,0x02,0x00,0x03,0x00,0x00,0x00,0x00,0x00,0x00,0x00,0x09,0x39,
0x00,0x00,0x00,0x19,0x02,0x00,0x3d,0x02,0x00,0x00,0x00,0x01,0x00,0x06,0x40,0x73,
0x63,0x61,0x6c,0x65,0x00,0x00,0x00,0x01,0xbc,0x00,0x01,0x00,0x09,0x00,0x0a,0x00,
0x00,0x00,0x00,0x00,0x75,0x0c,0x01,0x1e,0x01,0x00,0x0d,0x01,0x1e,0x01,0x01,0x07,
0x01,0x1e,0x01,0x02,0x0e,0x01,0x01,0x00,0x1e,0x01,0x03,0x0b,0x01,0x1e,0x01,0x04,
0x03,0x01,0x08,0x1e,0x01,0x05,0x03,0x01,0x18,0x1e,0x01,0x06,0x10,0x01,0x07,0x06,
0x02,0x10,0x03,0x08,0x07,0x04,0x10,0x05,0x09,0x08,0x06,0x10,0x07,0x0a,0x09,0x08,
0x5e,0x01,0x04,0x1e,0x01,0x0b,0x10,0x02,0x0c,0x2f,0x01,0x0d,0x01,0x6b,0x01,0x0e,
0x00,0x6b,0x01,0x0f,0x01,0x6b,0x01,0x10,0x02,0x6b,0x01,0x11,0x03,0x30,0x01,0x12,
0x6b,0x01,0x13,0x04,0x6b,0x01,0x14,0x05,0x6b,0x01,0x15,0x06,0x6b,0x01,0x16,0x07,
0x6b,0x01,0x17,0x08,0x6b,0x01,0x18,0x09,0x3d,0x00,0x00,0x00,0x00,0x19,0x00,0x0c,
0x52,0x45,0x47,0x5f,0x4d,0x41,0x4e,0x55,0x46,0x5f,0x49,0x44,0x00,0x00,0x0d,0x52,
0x45,0x47,0x5f,0x44,0x45,0x56,0x49,0x43,0x45,0x5f,0x49,0x44,0x00,0x00,0x0a,0x52,
0x45,0x47,0x5f,0x43,0x4f,0x4e,0x46,0x49,0x47,0x00,0x00,0x13,0x52,0x45,0x47,0x5f,
0x43,0x4f,0x4e,0x46,0x49,0x47,0x5f,0x53,0x48,0x55,0x54,0x44,0x4f,0x57,0x4e,0x00,
0x00,0x10,0x52,0x45,0x47,0x5f,0x41,0x4d,0x42,0x49,0x45,0x4e,0x54,0x5f,0x54,0x45,
0x4d,0x50,0x00,0x00,0x0e,0x52,0x45,0x47,0x5f,0x52,0x45,0x53,0x4f,0x4c,0x55,0x54,
0x49,0x4f,0x4e,0x00,0x00,0x0f,0x49,0x32,0x43,0x41,0x44,0x44,0x52,0x5f,0x44,0x45,
0x46,0x41,0x55,0x4c,0x54,0x00,0x00,0x03,0x6c,0x6f,0x77,0x00,0x00,0x06,0x6d,0x65,
0x64,0x69,0x75,0x6d,0x00,0x00,0x04,0x68,0x69,0x67,0x68,0x00,0x00,0x05,0x75,0x6c,
0x74,0x72,0x61,0x00,0x00,0x0b,0x52,0x45,0x53,0x4f,0x4c,0x55,0x54,0x49,0x4f,0x4e,
0x53,0x00,0x00,0x0b,0x74,0x65,0x6d,0x70,0x65,0x72,0x61,0x74,0x75,0x72,0x65,0x00,
0x00,0x0b,0x61,0x74,0x74,0x72,0x5f,0x72,0x65,0x61,0x64,0x65,0x72,0x00,0x00,0x0a,
0x69,0x6e,0x69,0x74,0x69,0x61,0x6c,0x69,0x7a,0x65,0x00,0x00,0x04,0x72,0x65,0x61,
0x64,0x00,0x00,0x04,0x77,0x61,0x6b,0x65,0x00,0x00,0x08,0x73,0x68,0x75,0x74,0x64,
0x6f,0x77,0x6e,0x00,0x00,0x07,0x70,0x72,0x69,0x76,0x61,0x74,0x65,0x00,0x00,0x0e,
0x73,0x65,0x74,0x5f,0x72,0x65,0x73,0x6f,0x6c,0x75,0x74,0x69,0x6f,0x6e,0x00,0x00,
0x0b,0x72,0x65,0x61,0x64,0x5f,0x74,0x65,0x6d,0x70,0x5f,0x63,0x00,0x00,0x05,0x72,
0x65,0x61,0x64,0x38,0x00,0x00,0x06,0x72,0x65,0x61,0x64,0x31,0x36,0x00,0x00,0x06,
0x77,0x72,0x69,0x74,0x65,0x38,0x00,0x00,0x07,0x77,0x72,0x69,0x74,0x65,0x31,0x36,
0x00,0x00,0x00,0x01,0x11,0x00,0x05,0x00,0x08,0x00,0x00,0x00,0x00,0x00,0x00,0x00,
0x5d,0x39,0x04,0x00,0x04,0x3a,0x04,0x00,0x27,0x04,0x00,0x06,0x10,0x04,0x01,0x26,
0x00,0x03,0x3c,0x04,0x00,0x3b,0x10,0x05,0x00,0x01,0x06,0x04,0x5e,0x05,0x01,0x01,
0x02,0x05,0x1a,0x01,0x02,0x11,0x05,0x1a,0x05,0x03,0x1d,0x06,0x04,0x2f,0x05,0x05,
0x01,0x03,0x06,0x54,0x4d,0x05,0x28,0x05,0x00,0x0d,0x1d,0x06,0x06,0x2f,0x05,0x05,
0x01,0x0e,0x06,0x04,0x00,0x4d,0x05,0x27,0x05,0x00,0x07,0x5c,0x06,0x00,0x2f,0x05,
0x07,0x01,0x30,0x05,0x08,0x01,0x06,0x04,0x2f,0x05,0x09,0x01,0x3d,0x05,0x00,0x01,
0x00,0x00,0x2a,0x57,0x61,0x72,0x6e,0x69,0x6e,0x67,0x3a,0x20,0x4d,0x43,0x50,0x39,
0x38,0x30,0x38,0x20,0x6e,0x6f,0x74,0x20,0x66,0x6f,0x75,0x6e,0x64,0x20,0x6f,0x72,
0x20,0x49,0x44,0x20,0x6d,0x69,0x73,0x6d,0x61,0x74,0x63,0x68,0x2e,0x00,0x00,0x0a,
0x00,0x0a,0x72,0x65,0x73,0x6f,0x6c,0x75,0x74,0x69,0x6f,0x6e,0x00,0x00,0x05,0x75,
0x6c,0x74,0x72,0x61,0x00,0x00,0x04,0x40,0x69,0x32,0x63,0x00,0x00,0x0c,0x40,0x74,
0x65,0x6d,0x70,0x65,0x72,0x61,0x74,0x75,0x72,0x65,0x00,0x00,0x0c,0x52,0x45,0x47,
0x5f,0x4d,0x41,0x4e,0x55,0x46,0x5f,0x49,0x44,0x00,0x00,0x06,0x72,0x65,0x61,0x64,
0x31,0x36,0x00,0x00,0x0d,0x52,0x45,0x47,0x5f,0x44,0x45,0x56,0x49,0x43,0x45,0x5f,
0x49,0x44,0x00,0x00,0x04,0x70,0x75,0x74,0x73,0x00,0x00,0x04,0x77,0x61,0x6b,0x65,
0x00,0x00,0x0e,0x73,0x65,0x74,0x5f,0x72,0x65,0x73,0x6f,0x6c,0x75,0x74,0x69,0x6f,
0x6e,0x00,0x00,0x00,0x00,0x3d,0x00,0x02,0x00,0x04,0x00,0x00,0x00,0x00,0x00,0x00,
0x00,0x0c,0x39,0x00,0x00,0x00,0x30,0x02,0x00,0x1a,0x02,0x01,0x3d,0x02,0x00,0x00,
0x00,0x02,0x00,0x0b,0x72,0x65,0x61,0x64,0x5f,0x74,0x65,0x6d,0x70,0x5f,0x63,0x00,
0x00,0x0c,0x40,0x74,0x65,0x6d,0x70,0x65,0x72,0x61,0x74,0x75,0x72,0x65,0x00,0x00,
0x00,0x00,0x94,0x00,0x04,0x00,0x08,0x00,0x00,0x00,0x00,0x00,0x00,0x00,0x31,0x39,
0x00,0x00,0x00,0x1d,0x05,0x00,0x2f,0x04,0x01,0x01,0x01,0x02,0x04,0x01,0x04,0x02,
0x1d,0x05,0x02,0x33,0x05,0x03,0x32,0x04,0x04,0x01,0x01,0x03,0x04,0x1d,0x05,0x00,
0x01,0x06,0x03,0x2f,0x04,0x05,0x02,0x02,0x05,0x00,0x2f,0x04,0x06,0x01,0x3d,0x04,
0x00,0x01,0x05,0xa4,0x70,0x3d,0x0a,0xd7,0xa3,0xd0,0x3f,0x00,0x07,0x00,0x0a,0x52,
0x45,0x47,0x5f,0x43,0x4f,0x4e,0x46,0x49,0x47,0x00,0x00,0x06,0x72,0x65,0x61,0x64,
0x31,0x36,0x00,0x00,0x13,0x52,0x45,0x47,0x5f,0x43,0x4f,0x4e,0x46,0x49,0x47,0x5f,
0x53,0x48,0x55,0x54,0x44,0x4f,0x57,0x4e,0x00,0x00,0x01,0x7e,0x00,0x00,0x01,0x26,
0x00,0x00,0x07,0x77,0x72,0x69,0x74,0x65,0x31,0x36,0x00,0x00,0x05,0x73,0x6c,0x65,
0x65,0x70,0x00,0x00,0x00,0x00,0x75,0x00,0x04,0x00,0x08,0x00,0x00,0x00,0x00,0x00,
0x00,0x00,0x27,0x39,0x00,0x00,0x00,0x1d,0x05,0x00,0x2f,0x04,0x01,0x01,0x01,0x02,
0x04,0x01,0x04,0x02,0x1d,0x05,0x02,0x32,0x04,0x03,0x01,0x01,0x03,0x04,0x1d,0x05,
0x00,0x01,0x06,0x03,0x2f,0x04,0x04,0x02,0x3d,0x04,0x00,0x00,0x00,0x05,0x00,0x0a,
0x52,0x45,0x47,0x5f,0x43,0x4f,0x4e,0x46,0x49,0x47,0x00,0x00,0x06,0x72,0x65,0x61,
0x64,0x31,0x36,0x00,0x00,0x13,0x52,0x45,0x47,0x5f,0x43,0x4f,0x4e,0x46,0x49,0x47,
0x5f,0x53,0x48,0x55,0x54,0x44,0x4f,0x57,0x4e,0x00,0x00,0x01,0x7c,0x00,0x00,0x07,
0x77,0x72,0x69,0x74,0x65,0x31,0x36,0x00,0x00,0x00,0x00,0x6b,0x00,0x04,0x00,0x08,
0x00,0x00,0x00,0x00,0x00,0x00,0x00,0x27,0x39,0x04,0x00,0x00,0x1d,0x04,0x00,0x01,
0x05,0x01,0x23,0x04,0x27,0x04,0x00,0x08,0x1d,0x04,0x00,0x10,0x05,0x01,0x23,0x04,
0x01,0x03,0x04,0x1d,0x05,0x02,0x01,0x06,0x03,0x2f,0x04,0x03,0x02,0x3d,0x04,0x00,
0x00,0x00,0x04,0x00,0x0b,0x52,0x45,0x53,0x4f,0x4c,0x55,0x54,0x49,0x4f,0x4e,0x53,
0x00,0x00,0x05,0x75,0x6c,0x74,0x72,0x61,0x00,0x00,0x0e,0x52,0x45,0x47,0x5f,0x52,
0x45,0x53,0x4f,0x4c,0x55,0x54,0x49,0x4f,0x4e,0x00,0x00,0x06,0x77,0x72,0x69,0x74,
0x65,0x38,0x00,0x00,0x00,0x00,0x9c,0x00,0x04,0x00,0x07,0x00,0x00,0x00,0x00,0x00,
0x00,0x00,0x5a,0x39,0x00,0x00,0x00,0x1d,0x05,0x00,0x2f,0x04,0x01,0x01,0x01,0x02,
0x04,0x01,0x04,0x02,0x0f,0x05,0x00,0x00,0xff,0xff,0x4d,0x04,0x28,0x04,0x00,0x01,
0x40,0x01,0x04,0x02,0x0e,0x05,0x0f,0xff,0x32,0x04,0x02,0x01,0x01,0x03,0x04,0x01,
0x04,0x03,0x02,0x05,0x00,0x4c,0x04,0x01,0x03,0x04,0x01,0x04,0x02,0x0e,0x05,0x10,
0x00,0x32,0x04,0x02,0x01,0x06,0x05,0x32,0x04,0x03,0x01,0x28,0x04,0x00,0x0c,0x01,
0x04,0x03,0x0e,0x05,0x01,0x00,0x47,0x04,0x01,0x03,0x04,0x3d,0x03,0x00,0x01,0x05,
0x00,0x00,0x00,0x00,0x00,0x00,0x30,0x40,0x00,0x04,0x00,0x10,0x52,0x45,0x47,0x5f,
0x41,0x4d,0x42,0x49,0x45,0x4e,0x54,0x5f,0x54,0x45,0x4d,0x50,0x00,0x00,0x06,0x72,
0x65,0x61,0x64,0x31,0x36,0x00,0x00,0x01,0x26,0x00,0x00,0x02,0x21,0x3d,0x00,0x00,
0x00,0x00,0x63,0x00,0x03,0x00,0x07,0x00,0x00,0x00,0x00,0x00,0x00,0x00,0x23,0x39,
0x04,0x00,0x00,0x19,0x03,0x00,0x1d,0x04,0x01,0x01,0x05,0x01,0x32,0x03,0x02,0x02,
0x19,0x03,0x00,0x1d,0x04,0x01,0x07,0x05,0x32,0x03,0x03,0x02,0x06,0x04,0x23,0x03,
0x3d,0x03,0x00,0x00,0x00,0x04,0x00,0x04,0x40,0x69,0x32,0x63,0x00,0x00,0x0f,0x49,
0x32,0x43,0x41,0x44,0x44,0x52,0x5f,0x44,0x45,0x46,0x41,0x55,0x4c,0x54,0x00,0x00,
0x05,0x77,0x72,0x69,0x74,0x65,0x00,0x00,0x08,0x72,0x65,0x61,0x64,0x66,0x72,0x6f,
0x6d,0x00,0x00,0x00,0x00,0x80,0x00,0x04,0x00,0x08,0x00,0x00,0x00,0x00,0x00,0x00,
0x00,0x37,0x39,0x04,0x00,0x00,0x19,0x04,0x00,0x1d,0x05,0x01,0x01,0x06,0x01,0x32,
0x04,0x02,0x02,0x19,0x04,0x00,0x1d,0x05,0x01,0x08,0x06,0x32,0x04,0x03,0x02,0x01,
0x03,0x04,0x24,0x04,0x03,0x03,0x05,0x08,0x32,0x04,0x04,0x01,0x01,0x05,0x03,0x07,
0x06,0x23,0x05,0x32,0x04,0x05,0x01,0x3d,0x04,0x00,0x00,0x00,0x06,0x00,0x04,0x40,
0x69,0x32,0x63,0x00,0x00,0x0f,0x49,0x32,0x43,0x41,0x44,0x44,0x52,0x5f,0x44,0x45,
0x46,0x41,0x55,0x4c,0x54,0x00,0x00,0x05,0x77,0x72,0x69,0x74,0x65,0x00,0x00,0x08,
0x72,0x65,0x61,0x64,0x66,0x72,0x6f,0x6d,0x00,0x00,0x02,0x3c,0x3c,0x00,0x00,0x01,
0x7c,0x00,0x00,0x00,0x00,0x4e,0x00,0x04,0x00,0x08,0x00,0x00,0x00,0x00,0x00,0x00,
0x00,0x19,0x39,0x08,0x00,0x00,0x19,0x04,0x00,0x1d,0x05,0x01,0x01,0x06,0x01,0x01,
0x07,0x02,0x52,0x06,0x02,0x32,0x04,0x02,0x02,0x3d,0x04,0x00,0x00,0x00,0x03,0x00,
0x04,0x40,0x69,0x32,0x63,0x00,0x00,0x0f,0x49,0x32,0x43,0x41,0x44,0x44,0x52,0x5f,
0x44,0x45,0x46,0x41,0x55,0x4c,0x54,0x00,0x00,0x05,0x77,0x72,0x69,0x74,0x65,0x00,
0x00,0x00,0x00,0x6f,0x00,0x04,0x00,0x0b,0x00,0x00,0x00,0x00,0x00,0x00,0x00,0x31,
0x39,0x08,0x00,0x00,0x19,0x04,0x00,0x1d,0x05,0x01,0x01,0x06,0x01,0x01,0x07,0x02,
0x03,0x08,0x08,0x32,0x07,0x02,0x01,0x03,0x08,0xff,0x32,0x07,0x03,0x01,0x01,0x08,
0x02,0x03,0x09,0xff,0x32,0x08,0x03,0x01,0x52,0x06,0x03,0x32,0x04,0x04,0x02,0x3d,
0x04,0x00,0x00,0x00,0x05,0x00,0x04,0x40,0x69,0x32,0x63,0x00,0x00,0x0f,0x49,0x32,
0x43,0x41,0x44,0x44,0x52,0x5f,0x44,0x45,0x46,0x41,0x55,0x4c,0x54,0x00,0x00,0x02,
0x3e,0x3e,0x00,0x00,0x01,0x26,0x00,0x00,0x05,0x77,0x72,0x69,0x74,0x65,0x00,0x00,
0x00,0x01,0x4e,0x00,0x01,0x00,0x08,0x00,0x04,0x00,0x00,0x00,0x00,0x00,0x67,0x03,
0x01,0x5b,0x1e,0x01,0x00,0x06,0x01,0x1e,0x01,0x01,0x03,0x01,0x5e,0x1e,0x01,0x02,
0x03,0x01,0x80,0x1e,0x01,0x03,0x03,0x01,0x41,0x1e,0x01,0x04,0x03,0x01,0x42,0x1e,
0x01,0x05,0x10,0x01,0x06,0x03,0x02,0x08,0x0a,0x03,0x52,0x02,0x02,0x10,0x03,0x07,
0x03,0x04,0x0c,0x0c,0x05,0x52,0x04,0x02,0x10,0x05,0x08,0x03,0x06,0x1e,0x03,0x07,
0x0f,0x52,0x06,0x02,0x5e,0x01,0x03,0x1e,0x01,0x09,0x10,0x02,0x0a,0x2f,0x01,0x0b,
0x01,0x6b,0x01,0x0c,0x00,0x6b,0x01,0x0d,0x01,0x6b,0x01,0x0e,0x02,0x30,0x01,0x0f,
0x6b,0x01,0x10,0x03,0x3d,0x00,0x00,0x00,0x00,0x11,0x00,0x04,0x41,0x44,0x44,0x52,
0x00,0x00,0x0e,0x45,0x4c,0x45,0x5f,0x53,0x54,0x41,0x54,0x55,0x53,0x5f,0x4c,0x53,
0x42,0x00,0x00,0x07,0x45,0x4c,0x45,0x5f,0x43,0x46,0x47,0x00,0x00,0x0a,0x53,0x4f,
0x46,0x54,0x5f,0x52,0x45,0x53,0x45,0x54,0x00,0x00,0x0d,0x54,0x4f,0x55,0x43,0x48,
0x5f,0x54,0x48,0x5f,0x42,0x41,0x53,0x45,0x00,0x00,0x0f,0x52,0x45,0x4c,0x45,0x41,
0x53,0x45,0x5f,0x54,0x48,0x5f,0x42,0x41,0x53,0x45,0x00,0x00,0x04,0x68,0x69,0x67,
0x68,0x00,0x00,0x06,0x6d,0x65,0x64,0x69,0x75,0x6d,0x00,0x00,0x03,0x6c,0x6f,0x77,
0x00,0x00,0x0b,0x53,0x45,0x4e,0x53,0x49,0x54,0x49,0x56,0x49,0x54,0x59,0x00,0x00,
0x0c,0x74,0x6f,0x75,0x63,0x68,0x65,0x64,0x5f,0x6d,0x61,0x73,0x6b,0x00,0x00,0x0b,
0x61,0x74,0x74,0x72,0x5f,0x72,0x65,0x61,0x64,0x65,0x72,0x00,0x00,0x0a,0x69,0x6e,
0x69,0x74,0x69,0x61,0x6c,0x69,0x7a,0x65,0x00,0x00,0x04,0x72,0x65,0x61,0x64,0x00,
0x00,0x08,0x74,0x6f,0x75,0x63,0x68,0x65,0x64,0x3f,0x00,0x00,0x07,0x70,0x72,0x69,
0x76,0x61,0x74,0x65,0x00,0x00,0x15,0x73,0x65,0x74,0x75,0x70,0x5f,0x64,0x65,0x66,
0x61,0x75,0x6c,0x74,0x5f,0x66,0x69,0x6c,0x74,0x65,0x72,0x73,0x00,0x00,0x00,0x01,
0xa7,0x00,0x0b,0x00,0x11,0x00,0x01,0x00,0x00,0x00,0x00,0x00,0xdb,0x39,0x04,0x00,
0x0c,0x3a,0x04,0x00,0x27,0x04,0x00,0x06,0x1d,0x04,0x01,0x26,0x00,0x03,0x3c,0x04,
0x00,0x3a,0x05,0x02,0x27,0x05,0x00,0x06,0x10,0x05,0x03,0x26,0x00,0x03,0x3c,0x05,
0x02,0x3a,0x06,0x04,0x27,0x06,0x00,0x06,0x10,0x06,0x03,0x26,0x00,0x03,0x3c,0x06,
0x04,0x3b,0x10,0x0b,0x00,0x01,0x0c,0x04,0x10,0x0d,0x02,0x01,0x0e,0x05,0x10,0x0f,
0x04,0x01,0x10,0x06,0x5e,0x0b,0x03,0x01,0x02,0x0b,0x1a,0x01,0x05,0x1a,0x04,0x06,
0x06,0x0b,0x1a,0x0b,0x07,0x1d,0x0b,0x08,0x01,0x0c,0x05,0x23,0x0b,0x27,0x0b,0x00,
0x08,0x1d,0x0b,0x08,0x10,0x0c,0x03,0x23,0x0b,0x01,0x07,0x0b,0x1d,0x0b,0x08,0x01,
0x0c,0x06,0x23,0x0b,0x27,0x0b,0x00,0x08,0x1d,0x0b,0x08,0x10,0x0c,0x03,0x23,0x0b,
0x01,0x08,0x0b,0x24,0x0b,0x07,0x01,0x09,0x0b,0x01,0x0b,0x08,0x07,0x0c,0x23,0x0b,
0x01,0x0a,0x0b,0x19,0x0b,0x05,0x19,0x0c,0x06,0x1d,0x0d,0x09,0x03,0x0e,0x63,0x32,
0x0b,0x0a,0x03,0x02,0x0c,0x00,0x2f,0x0b,0x0b,0x01,0x19,0x0b,0x05,0x19,0x0c,0x06,
0x1d,0x0d,0x0c,0x06,0x0e,0x32,0x0b,0x0a,0x03,0x30,0x0b,0x0d,0x03,0x0b,0x0c,0x62,
0x0c,0x00,0x34,0x0b,0x0e,0x00,0x19,0x0b,0x05,0x19,0x0c,0x06,0x1d,0x0d,0x0c,0x03,
0x0e,0x8f,0x32,0x0b,0x0a,0x03,0x3d,0x0b,0x00,0x01,0x05,0x7b,0x14,0xae,0x47,0xe1,
0x7a,0x84,0x3f,0x00,0x0f,0x00,0x07,0x61,0x64,0x64,0x72,0x65,0x73,0x73,0x00,0x00,
0x04,0x41,0x44,0x44,0x52,0x00,0x00,0x0b,0x74,0x6f,0x75,0x63,0x68,0x5f,0x6c,0x65,
0x76,0x65,0x6c,0x00,0x00,0x06,0x6d,0x65,0x64,0x69,0x75,0x6d,0x00,0x00,0x0d,0x72,
0x65,0x6c,0x65,0x61,0x73,0x65,0x5f,0x6c,0x65,0x76,0x65,0x6c,0x00,0x00,0x04,0x40,
0x69,0x32,0x63,0x00,0x00,0x08,0x40,0x61,0x64,0x64,0x72,0x65,0x73,0x73,0x00,0x00,
0x0d,0x40,0x74,0x6f,0x75,0x63,0x68,0x65,0x64,0x5f,0x6d,0x61,0x73,0x6b,0x00,0x00,
0x0b,0x53,0x45,0x4e,0x53,0x49,0x54,0x49,0x56,0x49,0x54,0x59,0x00,0x00,0x0a,0x53,
0x4f,0x46,0x54,0x5f,0x52,0x45,0x53,0x45,0x54,0x00,0x00,0x05,0x77,0x72,0x69,0x74,
0x65,0x00,0x00,0x05,0x73,0x6c,0x65,0x65,0x70,0x00,0x00,0x07,0x45,0x4c,0x45,0x5f,
0x43,0x46,0x47,0x00,0x00,0x15,0x73,0x65,0x74,0x75,0x70,0x5f,0x64,0x65,0x66,0x61,
0x75,0x6c,0x74,0x5f,0x66,0x69,0x6c,0x74,0x65,0x72,0x73,0x00,0x00,0x05,0x74,0x69,
0x6d,0x65,0x73,0x00,0x00,0x00,0x00,0x8a,0x00,0x03,0x00,0x09,0x00,0x00,0x00,0x00,
0x00,0x00,0x00,0x3a,0x39,0x04,0x00,0x00,0x19,0x03,0x00,0x19,0x04,0x01,0x1d,0x05,
0x02,0x01,0x06,0x01,0x08,0x07,0x4b,0x06,0x45,0x05,0x21,0x06,0x09,0x00,0x32,0x03,
0x03,0x03,0x19,0x03,0x00,0x19,0x04,0x01,0x1d,0x05,0x04,0x01,0x06,0x01,0x08,0x07,
0x4b,0x06,0x45,0x05,0x21,0x06,0x0a,0x00,0x32,0x03,0x03,0x03,0x3d,0x03,0x00,0x00,
0x00,0x05,0x00,0x04,0x40,0x69,0x32,0x63,0x00,0x00,0x08,0x40,0x61,0x64,0x64,0x72,
0x65,0x73,0x73,0x00,0x00,0x0d,0x54,0x4f,0x55,0x43,0x48,0x5f,0x54,0x48,0x5f,0x42,
0x41,0x53,0x45,0x00,0x00,0x05,0x77,0x72,0x69,0x74,0x65,0x00,0x00,0x0f,0x52,0x45,
0x4c,0x45,0x41,0x53,0x45,0x5f,0x54,0x48,0x5f,0x42,0x41,0x53,0x45,0x00,0x00,0x00,
0x00,0xbb,0x00,0x03,0x00,0x08,0x00,0x00,0x00,0x00,0x00,0x00,0x00,0x49,0x39,0x00,
0x00,0x00,0x02,0x04,0x00,0x2f,0x03,0x00,0x01,0x19,0x03,0x01,0x19,0x04,0x02,0x08,
0x05,0x1d,0x06,0x03,0x32,0x03,0x04,0x03,0x01,0x02,0x03,0x01,0x03,0x02,0x29,0x03,
0x00,0x03,0x26,0x00,0x01,0x42,0x01,0x03,0x02,0x07,0x04,0x32,0x03,0x05,0x01,0x03,
0x04,0x08,0x32,0x03,0x06,0x01,0x01,0x04,0x02,0x06,0x05,0x32,0x04,0x05,0x01,0x32,
0x03,0x07,0x01,0x1a,0x03,0x08,0x41,0x00,0x01,0x05,0xfc,0xa9,0xf1,0xd2,0x4d,0x62,
0x50,0x3f,0x00,0x09,0x00,0x05,0x73,0x6c,0x65,0x65,0x70,0x00,0x00,0x04,0x40,0x69,
0x32,0x63,0x00,0x00,0x08,0x40,0x61,0x64,0x64,0x72,0x65,0x73,0x73,0x00,0x00,0x0e,
0x45,0x4c,0x45,0x5f,0x53,0x54,0x41,0x54,0x55,0x53,0x5f,0x4c,0x53,0x42,0x00,0x00,
0x04,0x72,0x65,0x61,0x64,0x00,0x00,0x07,0x67,0x65,0x74,0x62,0x79,0x74,0x65,0x00,
0x00,0x02,0x3c,0x3c,0x00,0x00,0x01,0x7c,0x00,0x00,0x0d,0x40,0x74,0x6f,0x75,0x63,
0x68,0x65,0x64,0x5f,0x6d,0x61,0x73,0x6b,0x00,0x00,0x00,0x00,0x4e,0x00,0x03,0x00,
0x07,0x00,0x00,0x00,0x00,0x00,0x00,0x00,0x1c,0x39,0x04,0x00,0x00,0x19,0x03,0x00,
0x07,0x04,0x01,0x05,0x01,0x32,0x04,0x01,0x01,0x32,0x03,0x02,0x01,0x06,0x04,0x32,
0x03,0x03,0x01,0x3d,0x03,0x00,0x00,0x00,0x04,0x00,0x0d,0x40,0x74,0x6f,0x75,0x63,
0x68,0x65,0x64,0x5f,0x6d,0x61,0x73,0x6b,0x00,0x00,0x02,0x3c,0x3c,0x00,0x00,0x01,
0x26,0x00,0x00,0x02,0x21,0x3d,0x00,0x00,0x00,0x00,0x9e,0x00,0x02,0x00,0x11,0x00,
0x01,0x00,0x00,0x00,0x00,0x00,0x83,0x39,0x00,0x00,0x00,0x03,0x02,0x2b,0x07,0x03,
0x52,0x02,0x02,0x03,0x03,0x2c,0x07,0x04,0x52,0x03,0x02,0x03,0x04,0x2d,0x06,0x05,
0x52,0x04,0x02,0x03,0x05,0x2e,0x06,0x06,0x52,0x05,0x02,0x03,0x06,0x2f,0x07,0x07,
0x52,0x06,0x02,0x03,0x07,0x30,0x07,0x08,0x52,0x07,0x02,0x03,0x08,0x31,0x03,0x09,
0xff,0x52,0x08,0x02,0x03,0x09,0x32,0x08,0x0a,0x52,0x09,0x02,0x03,0x0a,0x33,0x06,
0x0b,0x52,0x0a,0x02,0x03,0x0b,0x34,0x06,0x0c,0x52,0x0b,0x02,0x03,0x0c,0x35,0x06,
0x0d,0x52,0x0c,0x02,0x03,0x0d,0x5b,0x06,0x0e,0x52,0x0d,0x02,0x03,0x0e,0x5c,0x03,
0x0f,0x10,0x52,0x0e,0x02,0x03,0x0f,0x5d,0x03,0x10,0x24,0x52,0x0f,0x02,0x52,0x02,
0x0e,0x62,0x03,0x00,0x34,0x02,0x00,0x00,0x3d,0x02,0x00,0x00,0x00,0x01,0x00,0x04,
0x65,0x61,0x63,0x68,0x00,0x00,0x00,0x00,0x44,0x00,0x04,0x00,0x09,0x00,0x00,0x00,
0x00,0x00,0x00,0x00,0x16,0x39,0x08,0x00,0x00,0x19,0x04,0x00,0x19,0x05,0x01,0x01,
0x06,0x01,0x01,0x07,0x02,0x32,0x04,0x02,0x03,0x3d,0x04,0x00,0x00,0x00,0x03,0x00,
0x04,0x40,0x69,0x32,0x63,0x00,0x00,0x08,0x40,0x61,0x64,0x64,0x72,0x65,0x73,0x73,
0x00,0x00,0x05,0x77,0x72,0x69,0x74,0x65,0x00,0x00,0x00,0x00,0x54,0x00,0x01,0x00,
0x01,0x00,0x05,0x00,0x00,0x00,0x00,0x00,0x16,0x6b,0x01,0x00,0x00,0x6b,0x01,0x01,
0x01,0x6b,0x01,0x02,0x02,0x6b,0x01,0x03,0x03,0x6b,0x01,0x04,0x04,0x3d,0x00,0x00,
0x00,0x00,0x05,0x00,0x0a,0x69,0x6e,0x69,0x74,0x69,0x61,0x6c,0x69,0x7a,0x65,0x00,
0x00,0x04,0x73,0x68,0x6f,0x77,0x00,0x00,0x02,0x6f,0x6e,0x00,0x00,0x05,0x63,0x6c,
0x65,0x61,0x72,0x00,0x00,0x06,0x61,0x6c,0x6c,0x5f,0x6f,0x6e,0x00,0x00,0x00,0x00,
0xc3,0x00,0x05,0x00,0x09,0x00,0x00,0x00,0x00,0x00,0x00,0x00,0x6e,0x39,0x00,0x00,
0x08,0x3a,0x03,0x00,0x27,0x03,0x00,0x06,0x03,0x03,0x15,0x26,0x00,0x03,0x3c,0x03,
0x00,0x3a,0x04,0x01,0x27,0x04,0x00,0x06,0x03,0x04,0x16,0x26,0x00,0x03,0x3c,0x04,
0x01,0x3b,0x10,0x05,0x00,0x01,0x06,0x03,0x10,0x07,0x01,0x01,0x08,0x04,0x5e,0x05,
0x02,0x01,0x01,0x05,0x1a,0x03,0x02,0x1a,0x04,0x03,0x1d,0x05,0x04,0x19,0x06,0x02,
0x1d,0x07,0x04,0x1f,0x07,0x05,0x32,0x05,0x06,0x02,0x1d,0x05,0x04,0x19,0x06,0x03,
0x1d,0x07,0x04,0x1f,0x07,0x05,0x32,0x05,0x06,0x02,0x1d,0x05,0x07,0x03,0x06,0x18,
0x06,0x07,0x32,0x05,0x06,0x02,0x1a,0x05,0x08,0x3d,0x05,0x00,0x00,0x00,0x09,0x00,
0x07,0x64,0x61,0x74,0x5f,0x70,0x69,0x6e,0x00,0x00,0x07,0x63,0x6c,0x6b,0x5f,0x70,
0x69,0x6e,0x00,0x00,0x02,0x40,0x64,0x00,0x00,0x02,0x40,0x63,0x00,0x00,0x04,0x47,
0x50,0x49,0x4f,0x00,0x00,0x03,0x4f,0x55,0x54,0x00,0x00,0x03,0x6e,0x65,0x77,0x00,
0x00,0x05,0x41,0x72,0x72,0x61,0x79,0x00,0x00,0x05,0x40,0x6c,0x65,0x64,0x73,0x00,
0x00,0x00,0x00,0x4b,0x00,0x02,0x00,0x07,0x00,0x00,0x00,0x00,0x00,0x00,0x00,0x13,
0x39,0x00,0x00,0x00,0x19,0x03,0x00,0x19,0x04,0x01,0x19,0x05,0x02,0x2f,0x02,0x03,
0x03,0x3d,0x02,0x00,0x00,0x00,0x04,0x00,0x02,0x40,0x64,0x00,0x00,0x02,0x40,0x63,
0x00,0x00,0x05,0x40,0x6c,0x65,0x64,0x73,0x00,0x00,0x0f,0x6d,0x79,0x39,0x32,0x32,
0x31,0x5f,0x74,0x72,0x61,0x6e,0x73,0x6d,0x69,0x74,0x00,0x00,0x00,0x00,0x97,0x00,
0x05,0x00,0x09,0x00,0x00,0x00,0x00,0x00,0x00,0x00,0x62,0x39,0x00,0x00,0x08,0x3a,
0x03,0x00,0x27,0x03,0x00,0x05,0x06,0x03,0x26,0x00,0x03,0x3c,0x03,0x00,0x3a,0x04,
0x01,0x27,0x04,0x00,0x06,0x03,0x04,0x28,0x26,0x00,0x03,0x3c,0x04,0x01,0x3b,0x10,
0x05,0x00,0x01,0x06,0x03,0x10,0x07,0x01,0x01,0x08,0x04,0x5e,0x05,0x02,0x01,0x01,
0x05,0x01,0x05,0x03,0x06,0x06,0x51,0x05,0x28,0x05,0x00,0x08,0x01,0x05,0x03,0x03,
0x06,0x18,0x4e,0x05,0x28,0x05,0x00,0x11,0x19,0x05,0x02,0x01,0x06,0x03,0x01,0x07,
0x04,0x25,0x05,0x30,0x05,0x03,0x26,0x00,0x02,0x11,0x05,0x3d,0x05,0x00,0x00,0x00,
0x04,0x00,0x02,0x69,0x64,0x00,0x00,0x0a,0x62,0x72,0x69,0x67,0x68,0x74,0x6e,0x65,
0x73,0x73,0x00,0x00,0x05,0x40,0x6c,0x65,0x64,0x73,0x00,0x00,0x04,0x73,0x68,0x6f,
0x77,0x00,0x00,0x00,0x00,0x41,0x00,0x03,0x00,0x07,0x00,0x00,0x00,0x00,0x00,0x00,
0x00,0x25,0x39,0x00,0x00,0x00,0x06,0x02,0x01,0x03,0x02,0x03,0x04,0x18,0x4e,0x03,
0x28,0x03,0x00,0x12,0x00,0x19,0x03,0x00,0x01,0x04,0x02,0x06,0x05,0x25,0x03,0x49,
0x02,0x03,0x01,0x26,0xff,0xe2,0x40,0x00,0x00,0x00,0x01,0x00,0x05,0x40,0x6c,0x65,
0x64,0x73,0x00,0x00,0x00,0x00,0x77,0x00,0x05,0x00,0x09,0x00,0x00,0x00,0x00,0x00,
0x00,0x00,0x47,0x39,0x00,0x00,0x04,0x3a,0x03,0x00,0x27,0x03,0x00,0x06,0x03,0x03,
0x28,0x26,0x00,0x03,0x3c,0x03,0x00,0x3b,0x10,0x05,0x00,0x01,0x06,0x03,0x5e,0x05,
0x01,0x01,0x01,0x05,0x06,0x04,0x01,0x05,0x04,0x03,0x06,0x18,0x4e,0x05,0x28,0x05,
0x00,0x13,0x00,0x19,0x05,0x01,0x01,0x06,0x04,0x01,0x07,0x03,0x25,0x05,0x49,0x04,
0x05,0x01,0x26,0xff,0xe1,0x30,0x05,0x02,0x3d,0x05,0x00,0x00,0x00,0x03,0x00,0x0a,
0x62,0x72,0x69,0x67,0x68,0x74,0x6e,0x65,0x73,0x73,0x00,0x00,0x05,0x40,0x6c,0x65,
0x64,0x73,0x00,0x00,0x04,0x73,0x68,0x6f,0x77,0x00,0x00,0x00,0x00,0xd4,0x00,0x01,
0x00,0x01,0x00,0x0f,0x00,0x00,0x00,0x00,0x00,0x3e,0x6b,0x01,0x00,0x00,0x6b,0x01,
0x01,0x01,0x6b,0x01,0x02,0x02,0x6b,0x01,0x03,0x03,0x6b,0x01,0x04,0x04,0x6b,0x01,
0x05,0x05,0x6b,0x01,0x06,0x06,0x6b,0x01,0x07,0x07,0x6b,0x01,0x08,0x08,0x6b,0x01,
0x09,0x09,0x6b,0x01,0x0a,0x0a,0x6b,0x01,0x0b,0x0b,0x6b,0x01,0x0c,0x0c,0x6b,0x01,
0x0d,0x0d,0x6b,0x01,0x0e,0x0e,0x3d,0x00,0x00,0x00,0x00,0x0f,0x00,0x0a,0x69,0x6e,
0x69,0x74,0x69,0x61,0x6c,0x69,0x7a,0x65,0x00,0x00,0x04,0x72,0x65,0x61,0x64,0x00,
0x00,0x05,0x77,0x72,0x69,0x74,0x65,0x00,0x00,0x08,0x64,0x61,0x74,0x65,0x74,0x69,
0x6d,0x65,0x00,0x00,0x08,0x73,0x74,0x72,0x5f,0x64,0x61,0x74,0x65,0x00,0x00,0x08,
0x73,0x74,0x72,0x5f,0x74,0x69,0x6d,0x65,0x00,0x00,0x0c,0x73,0x74,0x72,0x5f,0x64,
0x61,0x74,0x65,0x74,0x69,0x6d,0x65,0x00,0x00,0x04,0x79,0x65,0x61,0x72,0x00,0x00,
0x05,0x79,0x65,0x61,0x72,0x32,0x00,0x00,0x03,0x6d,0x6f,0x6e,0x00,0x00,0x04,0x6d,
0x64,0x61,0x79,0x00,0x00,0x04,0x77,0x64,0x61,0x79,0x00,0x00,0x04,0x68,0x6f,0x75,
0x72,0x00,0x00,0x03,0x6d,0x69,0x6e,0x00,0x00,0x03,0x73,0x65,0x63,0x00,0x00,0x00,
0x00,0x66,0x00,0x03,0x00,0x07,0x00,0x00,0x00,0x00,0x00,0x00,0x00,0x27,0x39,0x04,
0x00,0x00,0x1a,0x01,0x00,0x03,0x03,0x51,0x1a,0x03,0x01,0x19,0x03,0x00,0x19,0x04,
0x01,0x06,0x05,0x06,0x06,0x52,0x05,0x02,0x32,0x03,0x02,0x02,0x02,0x04,0x00,0x2f,
0x03,0x03,0x01,0x3d,0x03,0x00,0x01,0x05,0x9a,0x99,0x99,0x99,0x99,0x99,0xb9,0x3f,
0x00,0x04,0x00,0x04,0x40,0x69,0x32,0x63,0x00,0x00,0x08,0x40,0x61,0x64,0x64,0x72,
0x65,0x73,0x73,0x00,0x00,0x05,0x77,0x72,0x69,0x74,0x65,0x00,0x00,0x05,0x73,0x6c,
0x65,0x65,0x70,0x00,0x00,0x00,0x00,0xf8,0x00,0x04,0x00,0x0d,0x00,0x02,0x00,0x00,
0x00,0x00,0x00,0x91,0x39,0x00,0x00,0x00,0x19,0x04,0x00,0x19,0x05,0x01,0x0d,0x06,
0x0a,0x07,0x32,0x04,0x02,0x03,0x33,0x04,0x03,0x01,0x02,0x04,0x1d,0x04,0x04,0x33,
0x04,0x05,0x1a,0x04,0x06,0x01,0x04,0x02,0x0c,0x05,0x23,0x04,0x01,0x05,0x02,0x0b,
0x06,0x23,0x05,0x03,0x06,0x1f,0x32,0x05,0x07,0x01,0x01,0x06,0x02,0x09,0x07,0x23,
0x06,0x03,0x07,0x3f,0x32,0x06,0x07,0x01,0x01,0x07,0x02,0x0a,0x08,0x23,0x07,0x0d,
0x08,0x32,0x07,0x07,0x01,0x01,0x08,0x02,0x08,0x09,0x23,0x08,0x03,0x09,0x3f,0x32,
0x08,0x07,0x01,0x01,0x09,0x02,0x07,0x0a,0x23,0x09,0x03,0x0a,0x7f,0x32,0x09,0x07,
0x01,0x24,0x0a,0x02,0x03,0x0b,0x7f,0x32,0x0a,0x07,0x01,0x53,0x03,0x04,0x07,0x01,
0x04,0x03,0x62,0x05,0x00,0x34,0x04,0x08,0x00,0x19,0x04,0x06,0x62,0x05,0x01,0x34,
0x04,0x09,0x00,0x3d,0x04,0x00,0x00,0x00,0x0a,0x00,0x04,0x40,0x69,0x32,0x63,0x00,
0x00,0x08,0x40,0x61,0x64,0x64,0x72,0x65,0x73,0x73,0x00,0x00,0x04,0x72,0x65,0x61,
0x64,0x00,0x00,0x05,0x62,0x79,0x74,0x65,0x73,0x00,0x00,0x05,0x41,0x72,0x72,0x61,
0x79,0x00,0x00,0x03,0x6e,0x65,0x77,0x00,0x00,0x05,0x40,0x74,0x69,0x6d,0x65,0x00,
0x00,0x01,0x26,0x00,0x00,0x0f,0x65,0x61,0x63,0x68,0x5f,0x77,0x69,0x74,0x68,0x5f,
0x69,0x6e,0x64,0x65,0x78,0x00,0x00,0x03,0x6d,0x61,0x70,0x00,0x00,0x00,0x00,0x49,
0x00,0x04,0x00,0x0b,0x00,0x00,0x00,0x00,0x00,0x00,0x00,0x1b,0x39,0x08,0x00,0x00,
0x19,0x05,0x00,0x01,0x06,0x02,0x5c,0x08,0x00,0x01,0x09,0x01,0x2f,0x07,0x01,0x02,
0x01,0x04,0x07,0x25,0x05,0x3d,0x04,0x00,0x01,0x00,0x00,0x04,0x25,0x30,0x32,0x78,
0x00,0x00,0x02,0x00,0x05,0x40,0x74,0x69,0x6d,0x65,0x00,0x00,0x07,0x73,0x70,0x72,
0x69,0x6e,0x74,0x66,0x00,0x00,0x00,0x00,0x27,0x00,0x03,0x00,0x05,0x00,0x00,0x00,
0x00,0x00,0x00,0x00,0x0c,0x39,0x04,0x00,0x00,0x01,0x03,0x01,0x33,0x03,0x00,0x3d,
0x03,0x00,0x00,0x00,0x01,0x00,0x04,0x74,0x6f,0x5f,0x69,0x00,0x00,0x00,0x00,0xb0,
0x00,0x04,0x00,0x10,0x00,0x01,0x00,0x00,0x00,0x00,0x00,0x5c,0x39,0x04,0x00,0x00,
0x1d,0x04,0x00,0x33,0x04,0x01,0x01,0x03,0x04,0x01,0x04,0x01,0x62,0x05,0x00,0x34,
0x04,0x02,0x00,0x19,0x04,0x03,0x19,0x05,0x04,0x0a,0x06,0x01,0x07,0x03,0x0c,0x08,
0x23,0x07,0x01,0x08,0x03,0x0b,0x09,0x23,0x08,0x01,0x09,0x03,0x0a,0x0a,0x23,0x09,
0x01,0x0a,0x03,0x08,0x0b,0x23,0x0a,0x01,0x0b,0x03,0x09,0x0c,0x23,0x0b,0x01,0x0c,
0x03,0x07,0x0d,0x23,0x0c,0x24,0x0d,0x03,0x52,0x06,0x08,0x32,0x04,0x05,0x02,0x02,
0x05,0x00,0x2f,0x04,0x06,0x01,0x3d,0x04,0x00,0x01,0x05,0x9a,0x99,0x99,0x99,0x99,
0x99,0xb9,0x3f,0x00,0x07,0x00,0x05,0x41,0x72,0x72,0x61,0x79,0x00,0x00,0x03,0x6e,
0x65,0x77,0x00,0x00,0x04,0x65,0x61,0x63,0x68,0x00,0x00,0x04,0x40,0x69,0x32,0x63,
0x00,0x00,0x08,0x40,0x61,0x64,0x64,0x72,0x65,0x73,0x73,0x00,0x00,0x05,0x77,0x72,
0x69,0x74,0x65,0x00,0x00,0x05,0x73,0x6c,0x65,0x65,0x70,0x00,0x00,0x00,0x00,0x4b,
0x00,0x03,0x00,0x08,0x00,0x00,0x00,0x00,0x00,0x00,0x00,0x2a,0x39,0x04,0x00,0x00,
0x21,0x03,0x03,0x00,0x01,0x04,0x01,0x03,0x05,0x0a,0x4c,0x04,0x0a,0x05,0x32,0x04,
0x00,0x01,0x01,0x05,0x01,0x03,0x06,0x0a,0x32,0x05,0x01,0x01,0x32,0x04,0x02,0x01,
0x32,0x03,0x00,0x01,0x3d,0x03,0x00,0x00,0x00,0x03,0x00,0x02,0x3c,0x3c,0x00,0x00,
0x01,0x25,0x00,0x00,0x01,0x7c,0x00,0x00,0x00,0x00,0x24,0x00,0x02,0x00,0x04,0x00,
0x00,0x00,0x00,0x00,0x00,0x00,0x09,0x39,0x00,0x00,0x00,0x30,0x02,0x00,0x3d,0x02,
0x00,0x00,0x00,0x01,0x00,0x04,0x72,0x65,0x61,0x64,0x00,0x00,0x00,0x00,0x6a,0x00,
0x02,0x00,0x09,0x00,0x00,0x00,0x00,0x00,0x00,0x00,0x2b,0x39,0x00,0x00,0x00,0x5c,
0x03,0x00,0x19,0x04,0x00,0x06,0x05,0x23,0x04,0x33,0x04,0x01,0x19,0x05,0x00,0x07,
0x06,0x23,0x05,0x33,0x05,0x01,0x19,0x06,0x00,0x08,0x07,0x23,0x06,0x33,0x06,0x01,
0x2f,0x02,0x02,0x04,0x3d,0x02,0x00,0x01,0x00,0x00,0x0e,0x25,0x30,0x32,0x64,0x2d,
0x25,0x30,0x32,0x64,0x2d,0x25,0x30,0x32,0x64,0x00,0x00,0x03,0x00,0x05,0x40,0x74,
0x69,0x6d,0x65,0x00,0x00,0x04,0x74,0x6f,0x5f,0x69,0x00,0x00,0x07,0x73,0x70,0x72,
0x69,0x6e,0x74,0x66,0x00,0x00,0x00,0x00,0x6a,0x00,0x02,0x00,0x09,0x00,0x00,0x00,
0x00,0x00,0x00,0x00,0x2b,0x39,0x00,0x00,0x00,0x5c,0x03,0x00,0x19,0x04,0x00,0x0a,
0x05,0x23,0x04,0x33,0x04,0x01,0x19,0x05,0x00,0x0b,0x06,0x23,0x05,0x33,0x05,0x01,
0x19,0x06,0x00,0x0c,0x07,0x23,0x06,0x33,0x06,0x01,0x2f,0x02,0x02,0x04,0x3d,0x02,
0x00,0x01,0x00,0x00,0x0e,0x25,0x30,0x32,0x64,0x3a,0x25,0x30,0x32,0x64,0x3a,0x25,
0x30,0x32,0x64,0x00,0x00,0x03,0x00,0x05,0x40,0x74,0x69,0x6d,0x65,0x00,0x00,0x04,
0x74,0x6f,0x5f,0x69,0x00,0x00,0x07,0x73,0x70,0x72,0x69,0x6e,0x74,0x66,0x00,0x00,
0x00,0x00,0x94,0x00,0x02,0x00,0x0c,0x00,0x00,0x00,0x00,0x00,0x00,0x00,0x49,0x39,
0x00,0x00,0x00,0x5c,0x03,0x00,0x19,0x04,0x00,0x06,0x05,0x23,0x04,0x33,0x04,0x01,
0x19,0x05,0x00,0x07,0x06,0x23,0x05,0x33,0x05,0x01,0x19,0x06,0x00,0x08,0x07,0x23,
0x06,0x33,0x06,0x01,0x19,0x07,0x00,0x0a,0x08,0x23,0x07,0x33,0x07,0x01,0x19,0x08,
0x00,0x0b,0x09,0x23,0x08,0x33,0x08,0x01,0x19,0x09,0x00,0x0c,0x0a,0x23,0x09,0x33,
0x09,0x01,0x2f,0x02,0x02,0x07,0x3d,0x02,0x00,0x01,0x00,0x00,0x1a,0x32,0x30,0x25,
0x30,0x32,0x64,0x25,0x30,0x32,0x64,0x25,0x30,0x32,0x64,0x25,0x30,0x32,0x64,0x25,
0x30,0x32,0x64,0x25,0x30,0x32,0x64,0x00,0x00,0x03,0x00,0x05,0x40,0x74,0x69,0x6d,
0x65,0x00,0x00,0x04,0x74,0x6f,0x5f,0x69,0x00,0x00,0x07,0x73,0x70,0x72,0x69,0x6e,
0x74,0x66,0x00,0x00,0x00,0x00,0x39,0x00,0x02,0x00,0x05,0x00,0x00,0x00,0x00,0x00,
0x00,0x00,0x16,0x39,0x00,0x00,0x00,0x19,0x02,0x00,0x06,0x03,0x23,0x02,0x33,0x02,
0x01,0x0e,0x03,0x07,0xd0,0x45,0x02,0x3d,0x02,0x00,0x00,0x00,0x02,0x00,0x05,0x40,
0x74,0x69,0x6d,0x65,0x00,0x00,0x04,0x74,0x6f,0x5f,0x69,0x00,0x00,0x00,0x00,0x33,
0x00,0x02,0x00,0x05,0x00,0x00,0x00,0x00,0x00,0x00,0x00,0x10,0x39,0x00,0x00,0x00,
0x19,0x02,0x00,0x06,0x03,0x23,0x02,0x33,0x02,0x01,0x3d,0x02,0x00,0x00,0x00,0x02,
0x00,0x05,0x40,0x74,0x69,0x6d,0x65,0x00,0x00,0x04,0x74,0x6f,0x5f,0x69,0x00,0x00,
0x00,0x00,0x33,0x00,0x02,0x00,0x05,0x00,0x00,0x00,0x00,0x00,0x00,0x00,0x10,0x39,
0x00,0x00,0x00,0x19,0x02,0x00,0x07,0x03,0x23,0x02,0x33,0x02,0x01,0x3d,0x02,0x00,
0x00,0x00,0x02,0x00,0x05,0x40,0x74,0x69,0x6d,0x65,0x00,0x00,0x04,0x74,0x6f,0x5f,
0x69,0x00,0x00,0x00,0x00,0x33,0x00,0x02,0x00,0x05,0x00,0x00,0x00,0x00,0x00,0x00,
0x00,0x10,0x39,0x00,0x00,0x00,0x19,0x02,0x00,0x08,0x03,0x23,0x02,0x33,0x02,0x01,
0x3d,0x02,0x00,0x00,0x00,0x02,0x00,0x05,0x40,0x74,0x69,0x6d,0x65,0x00,0x00,0x04,
0x74,0x6f,0x5f,0x69,0x00,0x00,0x00,0x00,0x33,0x00,0x02,0x00,0x05,0x00,0x00,0x00,
0x00,0x00,0x00,0x00,0x10,0x39,0x00,0x00,0x00,0x19,0x02,0x00,0x09,0x03,0x23,0x02,
0x33,0x02,0x01,0x3d,0x02,0x00,0x00,0x00,0x02,0x00,0x05,0x40,0x74,0x69,0x6d,0x65,
0x00,0x00,0x04,0x74,0x6f,0x5f,0x69,0x00,0x00,0x00,0x00,0x33,0x00,0x02,0x00,0x05,
0x00,0x00,0x00,0x00,0x00,0x00,0x00,0x10,0x39,0x00,0x00,0x00,0x19,0x02,0x00,0x0a,
0x03,0x23,0x02,0x33,0x02,0x01,0x3d,0x02,0x00,0x00,0x00,0x02,0x00,0x05,0x40,0x74,
0x69,0x6d,0x65,0x00,0x00,0x04,0x74,0x6f,0x5f,0x69,0x00,0x00,0x00,0x00,0x33,0x00,
0x02,0x00,0x05,0x00,0x00,0x00,0x00,0x00,0x00,0x00,0x10,0x39,0x00,0x00,0x00,0x19,
0x02,0x00,0x0b,0x03,0x23,0x02,0x33,0x02,0x01,0x3d,0x02,0x00,0x00,0x00,0x02,0x00,
0x05,0x40,0x74,0x69,0x6d,0x65,0x00,0x00,0x04,0x74,0x6f,0x5f,0x69,0x00,0x00,0x00,
0x00,0x33,0x00,0x02,0x00,0x05,0x00,0x00,0x00,0x00,0x00,0x00,0x00,0x10,0x39,0x00,
0x00,0x00,0x19,0x02,0x00,0x0c,0x03,0x23,0x02,0x33,0x02,0x01,0x3d,0x02,0x00,0x00,
0x00,0x02,0x00,0x05,0x40,0x74,0x69,0x6d,0x65,0x00,0x00,0x04,0x74,0x6f,0x5f,0x69,
0x00,0x00,0x00,0x01,0xdb,0x00,0x01,0x00,0x03,0x00,0x0b,0x00,0x00,0x00,0x00,0x00,
0x8c,0x03,0x01,0x61,0x1e,0x01,0x00,0x06,0x01,0x03,0x02,0x10,0x52,0x01,0x02,0x1e,
0x01,0x01,0x07,0x01,0x0a,0x02,0x52,0x01,0x02,0x1e,0x01,0x02,0x09,0x01,0x06,0x02,
0x52,0x01,0x02,0x1e,0x01,0x03,0x08,0x01,0x08,0x02,0x52,0x01,0x02,0x1e,0x01,0x04,
0x03,0x01,0x46,0x06,0x02,0x52,0x01,0x02,0x1e,0x01,0x05,0x03,0x01,0x53,0x0c,0x02,
0x52,0x01,0x02,0x1e,0x01,0x06,0x03,0x01,0x51,0x08,0x02,0x52,0x01,0x02,0x1e,0x01,
0x07,0x03,0x01,0x54,0x09,0x02,0x52,0x01,0x02,0x1e,0x01,0x08,0x6b,0x01,0x09,0x00,
0x6b,0x01,0x0a,0x01,0x6b,0x01,0x0b,0x02,0x6b,0x01,0x0c,0x03,0x6b,0x01,0x0d,0x04,
0x30,0x01,0x0e,0x6b,0x01,0x0f,0x05,0x6b,0x01,0x10,0x06,0x6b,0x01,0x11,0x07,0x6b,
0x01,0x12,0x08,0x6b,0x01,0x13,0x09,0x6b,0x01,0x14,0x0a,0x3d,0x00,0x00,0x00,0x00,
0x15,0x00,0x08,0x49,0x32,0x43,0x5f,0x41,0x44,0x44,0x52,0x00,0x00,0x12,0x43,0x4d,
0x44,0x5f,0x53,0x54,0x41,0x52,0x54,0x5f,0x50,0x45,0x52,0x49,0x4f,0x44,0x49,0x43,
0x00,0x00,0x11,0x43,0x4d,0x44,0x5f,0x53,0x54,0x4f,0x50,0x5f,0x50,0x45,0x52,0x49,
0x4f,0x44,0x49,0x43,0x00,0x00,0x10,0x43,0x4d,0x44,0x5f,0x52,0x45,0x41,0x44,0x5f,
0x4d,0x45,0x41,0x53,0x55,0x52,0x45,0x00,0x00,0x12,0x43,0x4d,0x44,0x5f,0x47,0x45,
0x54,0x5f,0x44,0x41,0x54,0x41,0x5f,0x52,0x45,0x41,0x44,0x59,0x00,0x00,0x10,0x43,
0x4d,0x44,0x5f,0x53,0x45,0x54,0x5f,0x49,0x4e,0x54,0x45,0x52,0x56,0x41,0x4c,0x00,
0x00,0x0b,0x43,0x4d,0x44,0x5f,0x53,0x45,0x54,0x5f,0x41,0x53,0x43,0x00,0x00,0x10,
0x43,0x4d,0x44,0x5f,0x53,0x45,0x54,0x5f,0x41,0x4c,0x54,0x49,0x54,0x55,0x44,0x45,
0x00,0x00,0x13,0x43,0x4d,0x44,0x5f,0x53,0x45,0x54,0x5f,0x54,0x45,0x4d,0x50,0x5f,
0x4f,0x46,0x46,0x53,0x45,0x54,0x00,0x00,0x0a,0x69,0x6e,0x69,0x74,0x69,0x61,0x6c,
0x69,0x7a,0x65,0x00,0x00,0x04,0x72,0x65,0x61,0x64,0x00,0x00,0x03,0x63,0x6f,0x32,
0x00,0x00,0x0b,0x74,0x65,0x6d,0x70,0x65,0x72,0x61,0x74,0x75,0x72,0x65,0x00,0x00,
0x08,0x68,0x75,0x6d,0x69,0x64,0x69,0x74,0x79,0x00,0x00,0x07,0x70,0x72,0x69,0x76,
0x61,0x74,0x65,0x00,0x00,0x0c,0x73,0x65,0x74,0x75,0x70,0x5f,0x73,0x65,0x6e,0x73,
0x6f,0x72,0x00,0x00,0x0b,0x64,0x61,0x74,0x61,0x5f,0x72,0x65,0x61,0x64,0x79,0x3f,
0x00,0x00,0x0e,0x62,0x79,0x74,0x65,0x73,0x5f,0x74,0x6f,0x5f,0x66,0x6c,0x6f,0x61,
0x74,0x00,0x00,0x0b,0x73,0x65,0x6e,0x64,0x43,0x6f,0x6d,0x6d,0x61,0x6e,0x64,0x00,
0x00,0x0d,0x63,0x61,0x6c,0x63,0x75,0x6c,0x61,0x74,0x65,0x5f,0x63,0x72,0x63,0x00,
0x00,0x09,0x63,0x68,0x65,0x63,0x6b,0x5f,0x63,0x72,0x63,0x00,0x00,0x00,0x00,0x81,
0x00,0x04,0x00,0x07,0x00,0x00,0x00,0x00,0x00,0x00,0x00,0x2c,0x39,0x04,0x20,0x00,
0x26,0x00,0x03,0x26,0x00,0x03,0x5e,0x02,0x00,0x1a,0x01,0x00,0x02,0x04,0x00,0x02,
0x05,0x00,0x02,0x06,0x00,0x1a,0x04,0x01,0x1a,0x05,0x02,0x1a,0x06,0x03,0x1a,0x02,
0x04,0x14,0x04,0x1a,0x04,0x05,0x3d,0x04,0x00,0x01,0x05,0x00,0x00,0x00,0x00,0x00,
0x00,0x00,0x00,0x00,0x06,0x00,0x04,0x40,0x69,0x32,0x63,0x00,0x00,0x04,0x40,0x63,
0x6f,0x32,0x00,0x00,0x05,0x40,0x74,0x65,0x6d,0x70,0x00,0x00,0x05,0x40,0x68,0x75,
0x6d,0x69,0x00,0x00,0x08,0x40,0x6f,0x70,0x74,0x69,0x6f,0x6e,0x73,0x00,0x00,0x0c,
0x40,0x69,0x6e,0x69,0x74,0x69,0x61,0x6c,0x69,0x7a,0x65,0x64,0x00,0x00,0x00,0x01,
0xbb,0x00,0x03,0x00,0x0a,0x00,0x01,0x00,0x01,0x00,0x00,0x00,0xe2,0x39,0x00,0x00,
0x00,0x19,0x03,0x00,0x27,0x03,0x00,0x03,0x30,0x03,0x01,0x30,0x03,0x02,0x27,0x03,
0x00,0x01,0x42,0x19,0x03,0x03,0x1d,0x04,0x04,0x1d,0x05,0x05,0x32,0x03,0x06,0x02,
0x02,0x04,0x00,0x2f,0x03,0x07,0x01,0x19,0x03,0x03,0x1d,0x04,0x04,0x03,0x05,0x12,
0x32,0x03,0x08,0x02,0x33,0x03,0x09,0x01,0x02,0x03,0x06,0x03,0x09,0x04,0x0c,0x05,
0x03,0x06,0x09,0x03,0x07,0x0c,0x03,0x08,0x0f,0x52,0x03,0x06,0x62,0x04,0x00,0x34,
0x03,0x0a,0x00,0x24,0x04,0x02,0x01,0x05,0x02,0x07,0x06,0x23,0x05,0x01,0x06,0x02,
0x09,0x07,0x23,0x06,0x01,0x07,0x02,0x0a,0x08,0x23,0x07,0x2f,0x03,0x0b,0x04,0x1a,
0x03,0x0c,0x01,0x04,0x02,0x0c,0x05,0x23,0x04,0x01,0x05,0x02,0x0d,0x06,0x23,0x05,
0x01,0x06,0x02,0x03,0x07,0x09,0x23,0x06,0x01,0x07,0x02,0x03,0x08,0x0a,0x23,0x07,
0x2f,0x03,0x0b,0x04,0x1a,0x03,0x0d,0x01,0x04,0x02,0x03,0x05,0x0c,0x23,0x04,0x01,
0x05,0x02,0x03,0x06,0x0d,0x23,0x05,0x01,0x06,0x02,0x03,0x07,0x0f,0x23,0x06,0x01,
0x07,0x02,0x03,0x08,0x10,0x23,0x07,0x2f,0x03,0x0b,0x04,0x1a,0x03,0x0e,0x13,0x03,
0x3e,0x03,0x26,0x00,0x18,0x2b,0x03,0x1d,0x04,0x0f,0x2c,0x03,0x04,0x27,0x04,0x00,
0x03,0x26,0x00,0x07,0x14,0x03,0x3e,0x03,0x26,0x00,0x02,0x2d,0x03,0x3d,0x03,0x00,
0x00,0x00,0x00,0x16,0x00,0x00,0x00,0xc5,0x00,0x00,0x00,0xc8,0x00,0x01,0x05,0x7b,
0x14,0xae,0x47,0xe1,0x7a,0x84,0x3f,0x00,0x10,0x00,0x0c,0x40,0x69,0x6e,0x69,0x74,
0x69,0x61,0x6c,0x69,0x7a,0x65,0x64,0x00,0x00,0x0c,0x73,0x65,0x74,0x75,0x70,0x5f,
0x73,0x65,0x6e,0x73,0x6f,0x72,0x00,0x00,0x0b,0x64,0x61,0x74,0x61,0x5f,0x72,0x65,
0x61,0x64,0x79,0x3f,0x00,0x00,0x04,0x40,0x69,0x32,0x63,0x00,0x00,0x08,0x49,0x32,
0x43,0x5f,0x41,0x44,0x44,0x52,0x00,0x00,0x10,0x43,0x4d,0x44,0x5f,0x52,0x45,0x41,
0x44,0x5f,0x4d,0x45,0x41,0x53,0x55,0x52,0x45,0x00,0x00,0x05,0x77,0x72,0x69,0x74,
0x65,0x00,0x00,0x05,0x73,0x6c,0x65,0x65,0x70,0x00,0x00,0x04,0x72,0x65,0x61,0x64,
0x00,0x00,0x05,0x62,0x79,0x74,0x65,0x73,0x00,0x00,0x04,0x65,0x61,0x63,0x68,0x00,
0x00,0x0e,0x62,0x79,0x74,0x65,0x73,0x5f,0x74,0x6f,0x5f,0x66,0x6c,0x6f,0x61,0x74,
0x00,0x00,0x04,0x40,0x63,0x6f,0x32,0x00,0x00,0x05,0x40,0x74,0x65,0x6d,0x70,0x00,
0x00,0x05,0x40,0x68,0x75,0x6d,0x69,0x00,0x00,0x0d,0x53,0x74,0x61,0x6e,0x64,0x61,
0x72,0x64,0x45,0x72,0x72,0x6f,0x72,0x00,0x00,0x00,0x00,0x5b,0x00,0x03,0x00,0x09,
0x00,0x00,0x00,0x00,0x00,0x00,0x00,0x3b,0x39,0x04,0x00,0x00,0x21,0x04,0x02,0x00,
0x01,0x05,0x01,0x23,0x04,0x21,0x05,0x02,0x00,0x01,0x06,0x01,0x46,0x06,0x01,0x23,
0x05,0x52,0x04,0x02,0x21,0x05,0x02,0x00,0x01,0x06,0x01,0x46,0x06,0x02,0x23,0x05,
0x2f,0x03,0x00,0x02,0x28,0x03,0x00,0x05,0x11,0x03,0x26,0x00,0x04,0x14,0x03,0x3e,
0x03,0x3d,0x03,0x00,0x00,0x00,0x01,0x00,0x09,0x63,0x68,0x65,0x63,0x6b,0x5f,0x63,
0x72,0x63,0x00,0x00,0x00,0x00,0x41,0x00,0x02,0x00,0x05,0x00,0x00,0x00,0x00,0x00,
0x00,0x00,0x16,0x39,0x00,0x00,0x00,0x19,0x02,0x00,0x03,0x03,0x0a,0x4b,0x02,0x33,
0x02,0x01,0x02,0x03,0x00,0x4c,0x02,0x3d,0x02,0x00,0x01,0x05,0x00,0x00,0x00,0x00,
0x00,0x00,0x24,0x40,0x00,0x02,0x00,0x04,0x40,0x63,0x6f,0x32,0x00,0x00,0x04,0x74,
0x6f,0x5f,0x69,0x00,0x00,0x00,0x00,0x42,0x00,0x02,0x00,0x05,0x00,0x00,0x00,0x00,
0x00,0x00,0x00,0x16,0x39,0x00,0x00,0x00,0x19,0x02,0x00,0x03,0x03,0x0a,0x4b,0x02,
0x33,0x02,0x01,0x02,0x03,0x00,0x4c,0x02,0x3d,0x02,0x00,0x01,0x05,0x00,0x00,0x00,
0x00,0x00,0x00,0x24,0x40,0x00,0x02,0x00,0x05,0x40,0x74,0x65,0x6d,0x70,0x00,0x00,
0x04,0x74,0x6f,0x5f,0x69,0x00,0x00,0x00,0x00,0x42,0x00,0x02,0x00,0x05,0x00,0x00,
0x00,0x00,0x00,0x00,0x00,0x16,0x39,0x00,0x00,0x00,0x19,0x02,0x00,0x03,0x03,0x0a,
0x4b,0x02,0x33,0x02,0x01,0x02,0x03,0x00,0x4c,0x02,0x3d,0x02,0x00,0x01,0x05,0x00,
0x00,0x00,0x00,0x00,0x00,0x24,0x40,0x00,0x02,0x00,0x05,0x40,0x68,0x75,0x6d,0x69,
0x00,0x00,0x04,0x74,0x6f,0x5f,0x69,0x00,0x00,0x00,0x02,0x26,0x00,0x06,0x00,0x0c,
0x00,0x00,0x00,0x01,0x00,0x00,0x00,0xf5,0x39,0x00,0x00,0x00,0x19,0x06,0x00,0x10,
0x07,0x01,0x23,0x06,0x27,0x06,0x00,0x02,0x08,0x06,0x01,0x02,0x06,0x19,0x06,0x00,
0x10,0x07,0x02,0x23,0x06,0x27,0x06,0x00,0x02,0x06,0x06,0x01,0x03,0x06,0x19,0x06,
0x00,0x10,0x07,0x03,0x23,0x06,0x27,0x06,0x00,0x03,0x02,0x06,0x00,0x01,0x04,0x06,
0x19,0x06,0x00,0x10,0x07,0x04,0x23,0x06,0x01,0x05,0x06,0x01,0x06,0x05,0x11,0x07,
0x4d,0x06,0x28,0x06,0x00,0x02,0x13,0x05,0x19,0x06,0x05,0x1d,0x07,0x06,0x1d,0x08,
0x07,0x32,0x06,0x08,0x02,0x02,0x07,0x01,0x2f,0x06,0x09,0x01,0x1d,0x07,0x0a,0x01,
0x08,0x02,0x2f,0x06,0x0b,0x02,0x01,0x06,0x03,0x06,0x07,0x50,0x06,0x28,0x06,0x00,
0x0a,0x1d,0x07,0x0c,0x01,0x08,0x03,0x2f,0x06,0x0b,0x02,0x01,0x06,0x04,0x06,0x07,
0x50,0x06,0x28,0x06,0x00,0x12,0x1d,0x07,0x0d,0x01,0x08,0x04,0x03,0x09,0x64,0x4b,
0x08,0x33,0x08,0x0e,0x2f,0x06,0x0b,0x02,0x1d,0x07,0x0f,0x01,0x08,0x05,0x28,0x08,
0x00,0x05,0x07,0x08,0x26,0x00,0x02,0x06,0x08,0x2f,0x06,0x0b,0x02,0x19,0x06,0x05,
0x1d,0x07,0x06,0x1d,0x08,0x10,0x06,0x09,0x06,0x0a,0x03,0x0b,0x81,0x52,0x09,0x03,
0x45,0x08,0x32,0x06,0x08,0x02,0x02,0x07,0x01,0x2f,0x06,0x09,0x01,0x13,0x06,0x1a,
0x06,0x11,0x26,0x00,0x16,0x2b,0x06,0x1d,0x07,0x12,0x2c,0x06,0x07,0x27,0x07,0x00,
0x03,0x26,0x00,0x05,0x11,0x06,0x26,0x00,0x02,0x2d,0x06,0x3d,0x06,0x00,0x00,0x00,
0x00,0x50,0x00,0x00,0x00,0xda,0x00,0x00,0x00,0xdd,0x00,0x02,0x05,0x00,0x00,0x00,
0x00,0x00,0x00,0x00,0x00,0x05,0x9a,0x99,0x99,0x99,0x99,0x99,0xb9,0x3f,0x00,0x13,
0x00,0x08,0x40,0x6f,0x70,0x74,0x69,0x6f,0x6e,0x73,0x00,0x00,0x08,0x69,0x6e,0x74,
0x65,0x72,0x76,0x61,0x6c,0x00,0x00,0x08,0x61,0x6c,0x74,0x69,0x74,0x75,0x64,0x65,
0x00,0x00,0x0b,0x74,0x65,0x6d,0x70,0x5f,0x6f,0x66,0x66,0x73,0x65,0x74,0x00,0x00,
0x03,0x61,0x73,0x63,0x00,0x00,0x04,0x40,0x69,0x32,0x63,0x00,0x00,0x08,0x49,0x32,
0x43,0x5f,0x41,0x44,0x44,0x52,0x00,0x00,0x11,0x43,0x4d,0x44,0x5f,0x53,0x54,0x4f,
0x50,0x5f,0x50,0x45,0x52,0x49,0x4f,0x44,0x49,0x43,0x00,0x00,0x05,0x77,0x72,0x69,
0x74,0x65,0x00,0x00,0x05,0x73,0x6c,0x65,0x65,0x70,0x00,0x00,0x10,0x43,0x4d,0x44,
0x5f,0x53,0x45,0x54,0x5f,0x49,0x4e,0x54,0x45,0x52,0x56,0x41,0x4c,0x00,0x00,0x0b,
0x73,0x65,0x6e,0x64,0x43,0x6f,0x6d,0x6d,0x61,0x6e,0x64,0x00,0x00,0x10,0x43,0x4d,
0x44,0x5f,0x53,0x45,0x54,0x5f,0x41,0x4c,0x54,0x49,0x54,0x55,0x44,0x45,0x00,0x00,
0x13,0x43,0x4d,0x44,0x5f,0x53,0x45,0x54,0x5f,0x54,0x45,0x4d,0x50,0x5f,0x4f,0x46,
0x46,0x53,0x45,0x54,0x00,0x00,0x04,0x74,0x6f,0x5f,0x69,0x00,0x00,0x0b,0x43,0x4d,
0x44,0x5f,0x53,0x45,0x54,0x5f,0x41,0x53,0x43,0x00,0x00,0x12,0x43,0x4d,0x44,0x5f,
0x53,0x54,0x41,0x52,0x54,0x5f,0x50,0x45,0x52,0x49,0x4f,0x44,0x49,0x43,0x00,0x00,
0x0c,0x40,0x69,0x6e,0x69,0x74,0x69,0x61,0x6c,0x69,0x7a,0x65,0x64,0x00,0x00,0x0d,
0x53,0x74,0x61,0x6e,0x64,0x61,0x72,0x64,0x45,0x72,0x72,0x6f,0x72,0x00,0x00,0x00,
0x00,0xf1,0x00,0x04,0x00,0x08,0x00,0x00,0x00,0x01,0x00,0x00,0x00,0x68,0x39,0x00,
0x00,0x00,0x19,0x04,0x00,0x1d,0x05,0x01,0x1d,0x06,0x02,0x32,0x04,0x03,0x02,0x02,
0x05,0x00,0x2f,0x04,0x04,0x01,0x19,0x04,0x00,0x1d,0x05,0x01,0x09,0x06,0x32,0x04,
0x05,0x02,0x33,0x04,0x06,0x01,0x02,0x04,0x24,0x04,0x02,0x03,0x05,0x08,0x32,0x04,
0x07,0x01,0x01,0x05,0x02,0x07,0x06,0x23,0x05,0x32,0x04,0x08,0x01,0x01,0x03,0x04,
0x01,0x04,0x03,0x07,0x05,0x4d,0x04,0x3e,0x04,0x26,0x00,0x18,0x2b,0x04,0x1d,0x05,
0x09,0x2c,0x04,0x05,0x27,0x05,0x00,0x03,0x26,0x00,0x07,0x14,0x04,0x3e,0x04,0x26,
0x00,0x02,0x2d,0x04,0x3d,0x04,0x00,0x00,0x00,0x00,0x04,0x00,0x00,0x00,0x4b,0x00,
0x00,0x00,0x4e,0x00,0x01,0x05,0x7b,0x14,0xae,0x47,0xe1,0x7a,0x84,0x3f,0x00,0x0a,
0x00,0x04,0x40,0x69,0x32,0x63,0x00,0x00,0x08,0x49,0x32,0x43,0x5f,0x41,0x44,0x44,
0x52,0x00,0x00,0x12,0x43,0x4d,0x44,0x5f,0x47,0x45,0x54,0x5f,0x44,0x41,0x54,0x41,
0x5f,0x52,0x45,0x41,0x44,0x59,0x00,0x00,0x05,0x77,0x72,0x69,0x74,0x65,0x00,0x00,
0x05,0x73,0x6c,0x65,0x65,0x70,0x00,0x00,0x04,0x72,0x65,0x61,0x64,0x00,0x00,0x05,
0x62,0x79,0x74,0x65,0x73,0x00,0x00,0x02,0x3c,0x3c,0x00,0x00,0x01,0x7c,0x00,0x00,
0x0d,0x53,0x74,0x61,0x6e,0x64,0x61,0x72,0x64,0x45,0x72,0x72,0x6f,0x72,0x00,0x00,
0x00,0x01,0x32,0x00,0x0b,0x00,0x10,0x00,0x02,0x00,0x00,0x00,0x00,0x00,0xdd,0x39,
0x10,0x00,0x00,0x01,0x0b,0x01,0x03,0x0c,0x80,0x32,0x0b,0x00,0x01,0x06,0x0c,0x4d,
0x0b,0x28,0x0b,0x00,0x05,0x07,0x0b,0x26,0x00,0x02,0x05,0x0b,0x01,0x06,0x0b,0x01,
0x0b,0x01,0x03,0x0c,0x7f,0x32,0x0b,0x00,0x01,0x07,0x0c,0x32,0x0b,0x01,0x01,0x01,
0x0c,0x02,0x0d,0x0d,0x32,0x0c,0x02,0x01,0x32,0x0b,0x03,0x01,0x01,0x07,0x0b,0x01,
0x0b,0x02,0x03,0x0c,0x7f,0x32,0x0b,0x00,0x01,0x03,0x0c,0x10,0x32,0x0b,0x01,0x01,
0x01,0x0c,0x03,0x03,0x0d,0x08,0x32,0x0c,0x01,0x01,0x32,0x0b,0x03,0x01,0x01,0x0c,
0x04,0x32,0x0b,0x03,0x01,0x01,0x08,0x0b,0x01,0x0b,0x07,0x06,0x0c,0x4d,0x0b,0x28,
0x0b,0x00,0x07,0x01,0x0b,0x08,0x06,0x0c,0x4d,0x0b,0x28,0x0b,0x00,0x05,0x02,0x0b,
0x00,0x3d,0x0b,0x01,0x0b,0x07,0x48,0x0b,0x7f,0x01,0x09,0x0b,0x02,0x0a,0x01,0x01,
0x0b,0x09,0x06,0x0c,0x50,0x0b,0x28,0x0b,0x00,0x0d,0x01,0x0b,0x09,0x62,0x0c,0x00,
0x34,0x0b,0x04,0x00,0x26,0x00,0x19,0x01,0x0b,0x09,0x06,0x0c,0x4e,0x0b,0x28,0x0b,
0x00,0x0e,0x01,0x0b,0x09,0x32,0x0b,0x05,0x00,0x62,0x0c,0x01,0x34,0x0b,0x04,0x00,
0x01,0x0b,0x06,0x01,0x0c,0x0a,0x4b,0x0b,0x02,0x0c,0x01,0x01,0x0d,0x08,0x33,0x0d,
0x06,0x02,0x0e,0x02,0x4c,0x0d,0x45,0x0c,0x4b,0x0b,0x3d,0x0b,0x00,0x03,0x05,0x00,
0x00,0x00,0x00,0x00,0x00,0x00,0x00,0x05,0x00,0x00,0x00,0x00,0x00,0x00,0xf0,0x3f,
0x05,0x00,0x00,0x00,0x00,0x00,0x00,0x60,0x41,0x00,0x07,0x00,0x01,0x26,0x00,0x00,
0x02,0x3c,0x3c,0x00,0x00,0x02,0x3e,0x3e,0x00,0x00,0x01,0x7c,0x00,0x00,0x05,0x74,
0x69,0x6d,0x65,0x73,0x00,0x00,0x02,0x2d,0x40,0x00,0x00,0x04,0x74,0x6f,0x5f,0x66,
0x00,0x00,0x00,0x00,0x30,0x00,0x02,0x00,0x05,0x00,0x00,0x00,0x00,0x00,0x00,0x00,
0x13,0x39,0x00,0x00,0x00,0x21,0x02,0x0a,0x00,0x02,0x03,0x00,0x4b,0x02,0x22,0x02,
0x0a,0x00,0x3d,0x02,0x00,0x01,0x05,0x00,0x00,0x00,0x00,0x00,0x00,0x00,0x40,0x00,
0x00,0x00,0x00,0x00,0x30,0x00,0x02,0x00,0x05,0x00,0x00,0x00,0x00,0x00,0x00,0x00,
0x13,0x39,0x00,0x00,0x00,0x21,0x02,0x0a,0x00,0x02,0x03,0x00,0x4c,0x02,0x22,0x02,
0x0a,0x00,0x3d,0x02,0x00,0x01,0x05,0x00,0x00,0x00,0x00,0x00,0x00,0x00,0x40,0x00,
0x00,0x00,0x00,0x00,0xf1,0x00,0x06,0x00,0x0c,0x00,0x00,0x00,0x01,0x00,0x00,0x00,
0x7c,0x39,0x08,0x00,0x00,0x24,0x06,0x01,0x01,0x07,0x01,0x07,0x08,0x23,0x07,0x01,
0x08,0x02,0x03,0x09,0x08,0x32,0x08,0x00,0x01,0x03,0x09,0xff,0x32,0x08,0x01,0x01,
0x01,0x09,0x02,0x03,0x0a,0xff,0x32,0x09,0x01,0x01,0x53,0x04,0x06,0x04,0x01,0x07,
0x04,0x08,0x08,0x23,0x07,0x01,0x08,0x04,0x09,0x09,0x23,0x08,0x52,0x07,0x02,0x2f,
0x06,0x02,0x01,0x01,0x05,0x06,0x19,0x06,0x03,0x1d,0x07,0x04,0x01,0x08,0x04,0x01,
0x09,0x05,0x52,0x09,0x01,0x45,0x08,0x32,0x06,0x05,0x02,0x02,0x07,0x00,0x2f,0x06,
0x06,0x01,0x26,0x00,0x16,0x2b,0x06,0x1d,0x07,0x07,0x2c,0x06,0x07,0x27,0x07,0x00,
0x03,0x26,0x00,0x05,0x11,0x06,0x26,0x00,0x02,0x2d,0x06,0x3d,0x06,0x00,0x00,0x00,
0x00,0x04,0x00,0x00,0x00,0x61,0x00,0x00,0x00,0x64,0x00,0x01,0x05,0x7b,0x14,0xae,
0x47,0xe1,0x7a,0x94,0x3f,0x00,0x08,0x00,0x02,0x3e,0x3e,0x00,0x00,0x01,0x26,0x00,
0x00,0x0d,0x63,0x61,0x6c,0x63,0x75,0x6c,0x61,0x74,0x65,0x5f,0x63,0x72,0x63,0x00,
0x00,0x04,0x40,0x69,0x32,0x63,0x00,0x00,0x08,0x49,0x32,0x43,0x5f,0x41,0x44,0x44,
0x52,0x00,0x00,0x05,0x77,0x72,0x69,0x74,0x65,0x00,0x00,0x05,0x73,0x6c,0x65,0x65,
0x70,0x00,0x00,0x0d,0x53,0x74,0x61,0x6e,0x64,0x61,0x72,0x64,0x45,0x72,0x72,0x6f,
0x72,0x00,0x00,0x00,0x00,0x2e,0x00,0x04,0x00,0x06,0x00,0x01,0x00,0x00,0x00,0x00,
0x00,0x13,0x39,0x04,0x00,0x00,0x03,0x03,0xff,0x01,0x04,0x01,0x62,0x05,0x00,0x34,
0x04,0x00,0x00,0x3d,0x03,0x00,0x00,0x00,0x01,0x00,0x04,0x65,0x61,0x63,0x68,0x00,
0x00,0x00,0x00,0x3f,0x00,0x03,0x00,0x06,0x00,0x01,0x00,0x00,0x00,0x00,0x00,0x1f,
0x39,0x04,0x00,0x00,0x21,0x03,0x03,0x00,0x01,0x04,0x01,0x32,0x03,0x00,0x01,0x22,
0x03,0x03,0x00,0x03,0x03,0x08,0x62,0x04,0x00,0x34,0x03,0x01,0x00,0x3d,0x03,0x00,
0x00,0x00,0x02,0x00,0x01,0x5e,0x00,0x00,0x05,0x74,0x69,0x6d,0x65,0x73,0x00,0x00,
0x00,0x00,0x66,0x00,0x02,0x00,0x06,0x00,0x00,0x00,0x00,0x00,0x00,0x00,0x40,0x39,
0x00,0x00,0x00,0x21,0x02,0x03,0x01,0x07,0x03,0x32,0x02,0x00,0x01,0x21,0x03,0x03,
0x01,0x03,0x04,0x80,0x32,0x03,0x01,0x01,0x06,0x04,0x32,0x03,0x02,0x01,0x28,0x03,
0x00,0x06,0x03,0x03,0x31,0x26,0x00,0x02,0x06,0x03,0x32,0x02,0x03,0x01,0x22,0x02,
0x03,0x01,0x03,0x03,0xff,0x32,0x02,0x01,0x01,0x22,0x02,0x03,0x01,0x3d,0x02,0x00,
0x00,0x00,0x04,0x00,0x02,0x3c,0x3c,0x00,0x00,0x01,0x26,0x00,0x00,0x02,0x21,0x3d,
0x00,0x00,0x01,0x5e,0x00,0x00,0x00,0x00,0x36,0x00,0x04,0x00,0x07,0x00,0x00,0x00,
0x00,0x00,0x00,0x00,0x12,0x39,0x08,0x00,0x00,0x01,0x05,0x01,0x2f,0x04,0x00,0x01,
0x01,0x05,0x02,0x4d,0x04,0x3d,0x04,0x00,0x00,0x00,0x01,0x00,0x0d,0x63,0x61,0x6c,
0x63,0x75,0x6c,0x61,0x74,0x65,0x5f,0x63,0x72,0x63,0x00,0x00,0x00,0x01,0x9d,0x00,
0x01,0x00,0x03,0x00,0x09,0x00,0x00,0x00,0x00,0x00,0x82,0x03,0x01,0x62,0x1e,0x01,
0x00,0x03,0x01,0x21,0x03,0x02,0xb1,0x52,0x01,0x02,0x1e,0x01,0x01,0x03,0x01,0xec,
0x0b,0x02,0x52,0x01,0x02,0x1e,0x01,0x02,0x03,0x01,0x3f,0x03,0x02,0x86,0x52,0x01,
0x02,0x1e,0x01,0x03,0x03,0x01,0xe4,0x03,0x02,0xb8,0x52,0x01,0x02,0x1e,0x01,0x04,
0x03,0x01,0x24,0x03,0x02,0x1d,0x52,0x01,0x02,0x1e,0x01,0x05,0x03,0x01,0x24,0x03,
0x02,0x27,0x52,0x01,0x02,0x1e,0x01,0x06,0x03,0x01,0x24,0x03,0x02,0x16,0x52,0x01,
0x02,0x1e,0x01,0x07,0x6b,0x01,0x08,0x00,0x6b,0x01,0x09,0x01,0x6b,0x01,0x0a,0x02,
0x6b,0x01,0x0b,0x03,0x6b,0x01,0x0c,0x04,0x30,0x01,0x0d,0x6b,0x01,0x0e,0x05,0x6b,
0x01,0x0f,0x06,0x6b,0x01,0x10,0x07,0x6b,0x01,0x11,0x08,0x3d,0x00,0x00,0x00,0x00,
0x12,0x00,0x08,0x49,0x32,0x43,0x5f,0x41,0x44,0x44,0x52,0x00,0x00,0x12,0x43,0x4d,
0x44,0x5f,0x53,0x54,0x41,0x52,0x54,0x5f,0x50,0x45,0x52,0x49,0x4f,0x44,0x49,0x43,
0x00,0x00,0x10,0x43,0x4d,0x44,0x5f,0x52,0x45,0x41,0x44,0x5f,0x4d,0x45,0x41,0x53,
0x55,0x52,0x45,0x00,0x00,0x11,0x43,0x4d,0x44,0x5f,0x53,0x54,0x4f,0x50,0x5f,0x50,
0x45,0x52,0x49,0x4f,0x44,0x49,0x43,0x00,0x00,0x12,0x43,0x4d,0x44,0x5f,0x47,0x45,
0x54,0x5f,0x44,0x41,0x54,0x41,0x5f,0x52,0x45,0x41,0x44,0x59,0x00,0x00,0x13,0x43,
0x4d,0x44,0x5f,0x53,0x45,0x54,0x5f,0x54,0x45,0x4d,0x50,0x5f,0x4f,0x46,0x46,0x53,
0x45,0x54,0x00,0x00,0x10,0x43,0x4d,0x44,0x5f,0x53,0x45,0x54,0x5f,0x41,0x4c,0x54,
0x49,0x54,0x55,0x44,0x45,0x00,0x00,0x0b,0x43,0x4d,0x44,0x5f,0x53,0x45,0x54,0x5f,
0x41,0x53,0x43,0x00,0x00,0x0a,0x69,0x6e,0x69,0x74,0x69,0x61,0x6c,0x69,0x7a,0x65,
0x00,0x00,0x04,0x72,0x65,0x61,0x64,0x00,0x00,0x03,0x63,0x6f,0x32,0x00,0x00,0x0b,
0x74,0x65,0x6d,0x70,0x65,0x72,0x61,0x74,0x75,0x72,0x65,0x00,0x00,0x08,0x68,0x75,
0x6d,0x69,0x64,0x69,0x74,0x79,0x00,0x00,0x07,0x70,0x72,0x69,0x76,0x61,0x74,0x65,
0x00,0x00,0x0b,0x64,0x61,0x74,0x61,0x5f,0x72,0x65,0x61,0x64,0x79,0x3f,0x00,0x00,
0x0a,0x73,0x65,0x74,0x5f,0x63,0x6f,0x6e,0x66,0x69,0x67,0x00,0x00,0x0d,0x63,0x61,
0x6c,0x63,0x75,0x6c,0x61,0x74,0x65,0x5f,0x63,0x72,0x63,0x00,0x00,0x09,0x63,0x68,
0x65,0x63,0x6b,0x5f,0x63,0x72,0x63,0x00,0x00,0x00,0x01,0xc4,0x00,0x08,0x00,0x0c,
0x00,0x00,0x00,0x00,0x00,0x00,0x00,0xc9,0x39,0x04,0x20,0x00,0x26,0x00,0x03,0x26,
0x00,0x03,0x5e,0x02,0x00,0x1a,0x01,0x00,0x06,0x08,0x02,0x09,0x00,0x02,0x0a,0x00,
0x1a,0x08,0x01,0x1a,0x09,0x02,0x1a,0x0a,0x03,0x01,0x08,0x02,0x10,0x09,0x04,0x23,
0x08,0x27,0x08,0x00,0x02,0x06,0x08,0x01,0x04,0x08,0x01,0x08,0x02,0x10,0x09,0x05,
0x23,0x08,0x27,0x08,0x00,0x03,0x02,0x08,0x01,0x01,0x05,0x08,0x01,0x08,0x02,0x10,
0x09,0x06,0x23,0x08,0x01,0x06,0x08,0x01,0x08,0x06,0x11,0x09,0x4d,0x08,0x28,0x08,
0x00,0x02,0x13,0x06,0x19,0x08,0x00,0x1d,0x09,0x07,0x1d,0x0a,0x08,0x32,0x08,0x09,
0x02,0x02,0x09,0x02,0x2f,0x08,0x0a,0x01,0x01,0x08,0x04,0x06,0x09,0x50,0x08,0x28,
0x08,0x00,0x0a,0x1d,0x09,0x0b,0x01,0x0a,0x04,0x2f,0x08,0x0c,0x02,0x01,0x08,0x05,
0x0f,0x09,0x00,0x01,0x00,0x00,0x4b,0x08,0x03,0x09,0xaf,0x4c,0x08,0x33,0x08,0x0d,
0x01,0x07,0x08,0x1d,0x09,0x0e,0x01,0x0a,0x07,0x2f,0x08,0x0c,0x02,0x1d,0x09,0x0f,
0x01,0x0a,0x06,0x28,0x0a,0x00,0x05,0x07,0x0a,0x26,0x00,0x02,0x06,0x0a,0x2f,0x08,
0x0c,0x02,0x19,0x08,0x00,0x1d,0x09,0x07,0x1d,0x0a,0x10,0x32,0x08,0x09,0x02,0x3d,
0x08,0x00,0x03,0x05,0x00,0x00,0x00,0x00,0x00,0x00,0x00,0x00,0x05,0x00,0x00,0x00,
0x00,0x00,0x00,0x10,0x40,0x05,0x00,0x00,0x00,0x00,0x00,0x00,0xe0,0x3f,0x00,0x11,
0x00,0x04,0x40,0x69,0x32,0x63,0x00,0x00,0x04,0x40,0x63,0x6f,0x32,0x00,0x00,0x05,
0x40,0x74,0x65,0x6d,0x70,0x00,0x00,0x05,0x40,0x68,0x75,0x6d,0x69,0x00,0x00,0x08,
0x61,0x6c,0x74,0x69,0x74,0x75,0x64,0x65,0x00,0x00,0x0b,0x74,0x65,0x6d,0x70,0x5f,
0x6f,0x66,0x66,0x73,0x65,0x74,0x00,0x00,0x03,0x61,0x73,0x63,0x00,0x00,0x08,0x49,
0x32,0x43,0x5f,0x41,0x44,0x44,0x52,0x00,0x00,0x11,0x43,0x4d,0x44,0x5f,0x53,0x54,
0x4f,0x50,0x5f,0x50,0x45,0x52,0x49,0x4f,0x44,0x49,0x43,0x00,0x00,0x05,0x77,0x72,
0x69,0x74,0x65,0x00,0x00,0x05,0x73,0x6c,0x65,0x65,0x70,0x00,0x00,0x10,0x43,0x4d,
0x44,0x5f,0x53,0x45,0x54,0x5f,0x41,0x4c,0x54,0x49,0x54,0x55,0x44,0x45,0x00,0x00,
0x0a,0x73,0x65,0x74,0x5f,0x63,0x6f,0x6e,0x66,0x69,0x67,0x00,0x00,0x04,0x74,0x6f,
0x5f,0x69,0x00,0x00,0x13,0x43,0x4d,0x44,0x5f,0x53,0x45,0x54,0x5f,0x54,0x45,0x4d,
0x50,0x5f,0x4f,0x46,0x46,0x53,0x45,0x54,0x00,0x00,0x0b,0x43,0x4d,0x44,0x5f,0x53,
0x45,0x54,0x5f,0x41,0x53,0x43,0x00,0x00,0x12,0x43,0x4d,0x44,0x5f,0x53,0x54,0x41,
0x52,0x54,0x5f,0x50,0x45,0x52,0x49,0x4f,0x44,0x49,0x43,0x00,0x00,0x00,0x02,0x27,
0x00,0x05,0x00,0x0b,0x00,0x00,0x00,0x01,0x00,0x00,0x01,0x3d,0x39,0x00,0x20,0x00,
0x26,0x00,0x03,0x26,0x00,0x03,0x03,0x01,0x14,0x06,0x03,0x30,0x05,0x00,0x27,0x05,
0x00,0x1f,0x00,0x49,0x03,0x05,0x01,0x01,0x05,0x03,0x01,0x06,0x01,0x50,0x05,0x28,
0x05,0x00,0x04,0x14,0x05,0x3e,0x05,0x02,0x06,0x00,0x2f,0x05,0x01,0x01,0x26,0xff,
0xda,0x19,0x05,0x02,0x1d,0x06,0x03,0x1d,0x07,0x04,0x32,0x05,0x05,0x02,0x02,0x06,
0x01,0x2f,0x05,0x01,0x01,0x19,0x05,0x02,0x1d,0x06,0x03,0x03,0x07,0x09,0x32,0x05,
0x06,0x02,0x33,0x05,0x07,0x01,0x04,0x05,0x01,0x06,0x04,0x06,0x07,0x08,0x08,0x32,
0x06,0x08,0x02,0x01,0x07,0x04,0x08,0x08,0x23,0x07,0x2f,0x05,0x09,0x02,0x27,0x05,
0x00,0x04,0x14,0x05,0x3e,0x05,0x01,0x06,0x04,0x09,0x07,0x08,0x08,0x32,0x06,0x08,
0x02,0x01,0x07,0x04,0x0b,0x08,0x23,0x07,0x2f,0x05,0x09,0x02,0x27,0x05,0x00,0x04,
0x14,0x05,0x3e,0x05,0x01,0x06,0x04,0x0c,0x07,0x08,0x08,0x32,0x06,0x08,0x02,0x01,
0x07,0x04,0x03,0x08,0x08,0x23,0x07,0x2f,0x05,0x09,0x02,0x27,0x05,0x00,0x04,0x14,
0x05,0x3e,0x05,0x24,0x05,0x04,0x03,0x06,0x08,0x32,0x05,0x0a,0x01,0x01,0x06,0x04,
0x07,0x07,0x23,0x06,0x32,0x05,0x0b,0x01,0x1a,0x05,0x0c,0x02,0x05,0x02,0x02,0x06,
0x03,0x01,0x07,0x04,0x09,0x08,0x23,0x07,0x03,0x08,0x08,0x32,0x07,0x0a,0x01,0x01,
0x08,0x04,0x0a,0x09,0x23,0x08,0x32,0x07,0x0b,0x01,0x4b,0x06,0x02,0x07,0x04,0x4c,
0x06,0x45,0x05,0x1a,0x05,0x0d,0x02,0x05,0x05,0x01,0x06,0x04,0x0c,0x07,0x23,0x06,
0x03,0x07,0x08,0x32,0x06,0x0a,0x01,0x01,0x07,0x04,0x0d,0x08,0x23,0x07,0x32,0x06,
0x0b,0x01,0x4b,0x05,0x02,0x06,0x04,0x4c,0x05,0x1a,0x05,0x0e,0x13,0x05,0x26,0x00,
0x16,0x2b,0x05,0x1d,0x06,0x0f,0x2c,0x05,0x06,0x27,0x06,0x00,0x03,0x26,0x00,0x05,
0x14,0x05,0x26,0x00,0x02,0x2d,0x05,0x3d,0x05,0x00,0x00,0x00,0x00,0x35,0x00,0x00,
0x01,0x22,0x00,0x00,0x01,0x25,0x00,0x06,0x05,0x00,0x00,0x00,0x00,0x00,0x00,0xe0,
0x3f,0x05,0x7b,0x14,0xae,0x47,0xe1,0x7a,0x84,0x3f,0x05,0x00,0x00,0x00,0x00,0x00,
0x80,0x46,0xc0,0x05,0x00,0x00,0x00,0x00,0x00,0xe0,0x65,0x40,0x05,0x00,0x00,0x00,
0x00,0x00,0x00,0xf0,0x40,0x05,0x00,0x00,0x00,0x00,0x00,0x00,0x59,0x40,0x00,0x10,
0x00,0x0b,0x64,0x61,0x74,0x61,0x5f,0x72,0x65,0x61,0x64,0x79,0x3f,0x00,0x00,0x05,
0x73,0x6c,0x65,0x65,0x70,0x00,0x00,0x04,0x40,0x69,0x32,0x63,0x00,0x00,0x08,0x49,
0x32,0x43,0x5f,0x41,0x44,0x44,0x52,0x00,0x00,0x10,0x43,0x4d,0x44,0x5f,0x52,0x45,
0x41,0x44,0x5f,0x4d,0x45,0x41,0x53,0x55,0x52,0x45,0x00,0x00,0x05,0x77,0x72,0x69,
0x74,0x65,0x00,0x00,0x04,0x72,0x65,0x61,0x64,0x00,0x00,0x05,0x62,0x79,0x74,0x65,
0x73,0x00,0x00,0x02,0x5b,0x5d,0x00,0x00,0x09,0x63,0x68,0x65,0x63,0x6b,0x5f,0x63,
0x72,0x63,0x00,0x00,0x02,0x3c,0x3c,0x00,0x00,0x01,0x7c,0x00,0x00,0x04,0x40,0x63,
0x6f,0x32,0x00,0x00,0x05,0x40,0x74,0x65,0x6d,0x70,0x00,0x00,0x05,0x40,0x68,0x75,
0x6d,0x69,0x00,0x00,0x0d,0x53,0x74,0x61,0x6e,0x64,0x61,0x72,0x64,0x45,0x72,0x72,
0x6f,0x72,0x00,0x00,0x00,0x00,0x24,0x00,0x02,0x00,0x03,0x00,0x00,0x00,0x00,0x00,
0x00,0x00,0x09,0x39,0x00,0x00,0x00,0x19,0x02,0x00,0x3d,0x02,0x00,0x00,0x00,0x01,
0x00,0x04,0x40,0x63,0x6f,0x32,0x00,0x00,0x00,0x00,0x42,0x00,0x02,0x00,0x05,0x00,
0x00,0x00,0x00,0x00,0x00,0x00,0x16,0x39,0x00,0x00,0x00,0x19,0x02,0x00,0x03,0x03,
0x0a,0x4b,0x02,0x33,0x02,0x01,0x02,0x03,0x00,0x4c,0x02,0x3d,0x02,0x00,0x01,0x05,
0x00,0x00,0x00,0x00,0x00,0x00,0x24,0x40,0x00,0x02,0x00,0x05,0x40,0x74,0x65,0x6d,
0x70,0x00,0x00,0x04,0x74,0x6f,0x5f,0x69,0x00,0x00,0x00,0x00,0x42,0x00,0x02,0x00,
0x05,0x00,0x00,0x00,0x00,0x00,0x00,0x00,0x16,0x39,0x00,0x00,0x00,0x19,0x02,0x00,
0x03,0x03,0x0a,0x4b,0x02,0x33,0x02,0x01,0x02,0x03,0x00,0x4c,0x02,0x3d,0x02,0x00,
0x01,0x05,0x00,0x00,0x00,0x00,0x00,0x00,0x24,0x40,0x00,0x02,0x00,0x05,0x40,0x68,
0x75,0x6d,0x69,0x00,0x00,0x04,0x74,0x6f,0x5f,0x69,0x00,0x00,0x00,0x00,0xf1,0x00,
0x03,0x00,0x07,0x00,0x00,0x00,0x01,0x00,0x00,0x00,0x64,0x39,0x00,0x00,0x00,0x19,
0x03,0x00,0x1d,0x04,0x01,0x1d,0x05,0x02,0x32,0x03,0x03,0x02,0x02,0x04,0x00,0x2f,
0x03,0x04,0x01,0x19,0x03,0x00,0x1d,0x04,0x01,0x09,0x05,0x32,0x03,0x05,0x02,0x33,
0x03,0x06,0x01,0x02,0x03,0x24,0x03,0x02,0x0d,0x04,0x32,0x03,0x07,0x01,0x03,0x04,
0x08,0x32,0x03,0x08,0x01,0x01,0x04,0x02,0x07,0x05,0x23,0x04,0x32,0x03,0x09,0x01,
0x06,0x04,0x50,0x03,0x26,0x00,0x16,0x2b,0x03,0x1d,0x04,0x0a,0x2c,0x03,0x04,0x27,
0x04,0x00,0x03,0x26,0x00,0x05,0x14,0x03,0x26,0x00,0x02,0x2d,0x03,0x3d,0x03,0x00,
0x00,0x00,0x00,0x04,0x00,0x00,0x00,0x49,0x00,0x00,0x00,0x4c,0x00,0x01,0x05,0x7b,
0x14,0xae,0x47,0xe1,0x7a,0x84,0x3f,0x00,0x0b,0x00,0x04,0x40,0x69,0x32,0x63,0x00,
0x00,0x08,0x49,0x32,0x43,0x5f,0x41,0x44,0x44,0x52,0x00,0x00,0x12,0x43,0x4d,0x44,
0x5f,0x47,0x45,0x54,0x5f,0x44,0x41,0x54,0x41,0x5f,0x52,0x45,0x41,0x44,0x59,0x00,
0x00,0x05,0x77,0x72,0x69,0x74,0x65,0x00,0x00,0x05,0x73,0x6c,0x65,0x65,0x70,0x00,
0x00,0x04,0x72,0x65,0x61,0x64,0x00,0x00,0x05,0x62,0x79,0x74,0x65,0x73,0x00,0x00,
0x01,0x26,0x00,0x00,0x02,0x3c,0x3c,0x00,0x00,0x01,0x7c,0x00,0x00,0x0d,0x53,0x74,
0x61,0x6e,0x64,0x61,0x72,0x64,0x45,0x72,0x72,0x6f,0x72,0x00,0x00,0x00,0x00,0xa1,
0x00,0x06,0x00,0x0b,0x00,0x00,0x00,0x00,0x00,0x00,0x00,0x49,0x39,0x08,0x00,0x00,
0x01,0x06,0x02,0x03,0x07,0x08,0x32,0x06,0x00,0x01,0x01,0x07,0x02,0x03,0x08,0xff,
0x32,0x07,0x01,0x01,0x53,0x04,0x06,0x02,0x01,0x07,0x04,0x2f,0x06,0x02,0x01,0x01,
0x05,0x06,0x19,0x06,0x03,0x1d,0x07,0x04,0x01,0x08,0x01,0x01,0x09,0x04,0x45,0x08,
0x01,0x09,0x05,0x52,0x09,0x01,0x45,0x08,0x32,0x06,0x05,0x02,0x02,0x07,0x00,0x2f,
0x06,0x06,0x01,0x3d,0x06,0x00,0x01,0x05,0x7b,0x14,0xae,0x47,0xe1,0x7a,0x84,0x3f,
0x00,0x07,0x00,0x02,0x3e,0x3e,0x00,0x00,0x01,0x26,0x00,0x00,0x0d,0x63,0x61,0x6c,
0x63,0x75,0x6c,0x61,0x74,0x65,0x5f,0x63,0x72,0x63,0x00,0x00,0x04,0x40,0x69,0x32,
0x63,0x00,0x00,0x08,0x49,0x32,0x43,0x5f,0x41,0x44,0x44,0x52,0x00,0x00,0x05,0x77,
0x72,0x69,0x74,0x65,0x00,0x00,0x05,0x73,0x6c,0x65,0x65,0x70,0x00,0x00,0x00,0x00,
0x2e,0x00,0x04,0x00,0x06,0x00,0x01,0x00,0x00,0x00,0x00,0x00,0x13,0x39,0x04,0x00,
0x00,0x03,0x03,0xff,0x01,0x04,0x01,0x62,0x05,0x00,0x34,0x04,0x00,0x00,0x3d,0x03,
0x00,0x00,0x00,0x01,0x00,0x04,0x65,0x61,0x63,0x68,0x00,0x00,0x00,0x00,0x3f,0x00,
0x03,0x00,0x06,0x00,0x01,0x00,0x00,0x00,0x00,0x00,0x1f,0x39,0x04,0x00,0x00,0x21,
0x03,0x03,0x00,0x01,0x04,0x01,0x32,0x03,0x00,0x01,0x22,0x03,0x03,0x00,0x03,0x03,
0x08,0x62,0x04,0x00,0x34,0x03,0x01,0x00,0x3d,0x03,0x00,0x00,0x00,0x02,0x00,0x01,
0x5e,0x00,0x00,0x05,0x74,0x69,0x6d,0x65,0x73,0x00,0x00,0x00,0x00,0x66,0x00,0x02,
0x00,0x06,0x00,0x00,0x00,0x00,0x00,0x00,0x00,0x40,0x39,0x00,0x00,0x00,0x21,0x02,
0x03,0x01,0x07,0x03,0x32,0x02,0x00,0x01,0x21,0x03,0x03,0x01,0x03,0x04,0x80,0x32,
0x03,0x01,0x01,0x06,0x04,0x32,0x03,0x02,0x01,0x28,0x03,0x00,0x06,0x03,0x03,0x31,
0x26,0x00,0x02,0x06,0x03,0x32,0x02,0x03,0x01,0x22,0x02,0x03,0x01,0x03,0x03,0xff,
0x32,0x02,0x01,0x01,0x22,0x02,0x03,0x01,0x3d,0x02,0x00,0x00,0x00,0x04,0x00,0x02,
0x3c,0x3c,0x00,0x00,0x01,0x26,0x00,0x00,0x02,0x21,0x3d,0x00,0x00,0x01,0x5e,0x00,
0x00,0x00,0x00,0x36,0x00,0x04,0x00,0x07,0x00,0x00,0x00,0x00,0x00,0x00,0x00,0x12,
0x39,0x08,0x00,0x00,0x01,0x05,0x01,0x2f,0x04,0x00,0x01,0x01,0x05,0x02,0x4d,0x04,
0x3d,0x04,0x00,0x00,0x00,0x01,0x00,0x0d,0x63,0x61,0x6c,0x63,0x75,0x6c,0x61,0x74,
0x65,0x5f,0x63,0x72,0x63,0x00,0x00,0x00,0x00,0xe6,0x00,0x01,0x00,0x09,0x00,0x05,
0x00,0x00,0x00,0x00,0x00,0x51,0x03,0x01,0x44,0x1e,0x01,0x00,0x10,0x01,0x01,0x03,
0x02,0x2c,0x0c,0x03,0x02,0x04,0x00,0x52,0x02,0x03,0x10,0x03,0x02,0x03,0x04,0x2c,
0x03,0x05,0x0d,0x02,0x06,0x01,0x52,0x04,0x03,0x10,0x05,0x03,0x03,0x06,0x2c,0x03,
0x07,0x10,0x02,0x08,0x02,0x52,0x06,0x03,0x5e,0x01,0x03,0x1e,0x01,0x04,0x6b,0x01,
0x05,0x00,0x6b,0x01,0x06,0x01,0x6b,0x01,0x07,0x02,0x6b,0x01,0x08,0x03,0x30,0x01,
0x09,0x6b,0x01,0x0a,0x04,0x3d,0x00,0x00,0x03,0x05,0xb8,0x1e,0x85,0xeb,0x51,0xb8,
0x8e,0x3f,0x05,0xfa,0x7e,0x6a,0xbc,0x74,0x93,0x78,0x3f,0x05,0xfc,0xa9,0xf1,0xd2,
0x4d,0x62,0x70,0x3f,0x00,0x0b,0x00,0x04,0x41,0x44,0x44,0x52,0x00,0x00,0x04,0x68,
0x69,0x67,0x68,0x00,0x00,0x06,0x6d,0x65,0x64,0x69,0x75,0x6d,0x00,0x00,0x03,0x6c,
0x6f,0x77,0x00,0x00,0x08,0x53,0x45,0x54,0x54,0x49,0x4e,0x47,0x53,0x00,0x00,0x0a,
0x69,0x6e,0x69,0x74,0x69,0x61,0x6c,0x69,0x7a,0x65,0x00,0x00,0x04,0x72,0x65,0x61,
0x64,0x00,0x00,0x0b,0x74,0x65,0x6d,0x70,0x65,0x72,0x61,0x74,0x75,0x72,0x65,0x00,
0x00,0x08,0x68,0x75,0x6d,0x69,0x64,0x69,0x74,0x79,0x00,0x00,0x07,0x70,0x72,0x69,
0x76,0x61,0x74,0x65,0x00,0x00,0x04,0x63,0x72,0x63,0x38,0x00,0x00,0x00,0x01,0x88,
0x00,0x07,0x00,0x0d,0x00,0x00,0x00,0x00,0x00,0x00,0x00,0xb9,0x39,0x04,0x00,0x04,
0x3a,0x04,0x00,0x27,0x04,0x00,0x06,0x10,0x04,0x01,0x26,0x00,0x03,0x3c,0x04,0x00,
0x3b,0x10,0x07,0x00,0x01,0x08,0x04,0x5e,0x07,0x01,0x01,0x02,0x07,0x1a,0x01,0x02,
0x1d,0x07,0x03,0x01,0x08,0x04,0x23,0x07,0x27,0x07,0x00,0x08,0x1d,0x07,0x03,0x10,
0x08,0x01,0x23,0x07,0x01,0x05,0x07,0x24,0x07,0x05,0x1a,0x07,0x04,0x01,0x07,0x05,
0x07,0x08,0x23,0x07,0x1a,0x07,0x05,0x01,0x07,0x05,0x08,0x08,0x23,0x07,0x1a,0x07,
0x06,0x19,0x07,0x02,0x1d,0x08,0x07,0x03,0x09,0x30,0x03,0x0a,0xa2,0x32,0x07,0x08,
0x03,0x02,0x08,0x00,0x2f,0x07,0x09,0x01,0x19,0x07,0x02,0x1d,0x08,0x07,0x09,0x09,
0x03,0x0a,0xf3,0x03,0x0b,0x2d,0x32,0x07,0x0a,0x04,0x01,0x06,0x07,0x01,0x07,0x06,
0x33,0x07,0x0b,0x27,0x07,0x00,0x1c,0x01,0x08,0x06,0x06,0x09,0x08,0x0a,0x32,0x08,
0x0c,0x02,0x2f,0x07,0x0d,0x01,0x01,0x08,0x06,0x08,0x09,0x32,0x08,0x0e,0x01,0x32,
0x07,0x0f,0x01,0x28,0x07,0x00,0x0a,0x5c,0x08,0x01,0x2f,0x07,0x10,0x01,0x26,0x00,
0x02,0x11,0x07,0x3d,0x07,0x00,0x02,0x05,0x7b,0x14,0xae,0x47,0xe1,0x7a,0x84,0x3f,
0x00,0x00,0x1b,0x53,0x48,0x54,0x33,0x35,0x20,0x69,0x6e,0x69,0x74,0x69,0x61,0x6c,
0x69,0x7a,0x61,0x74,0x69,0x6f,0x6e,0x20,0x66,0x61,0x69,0x6c,0x65,0x64,0x00,0x00,
0x11,0x00,0x0d,0x72,0x65,0x70,0x65,0x61,0x74,0x61,0x62,0x69,0x6c,0x69,0x74,0x79,
0x00,0x00,0x04,0x68,0x69,0x67,0x68,0x00,0x00,0x04,0x40,0x69,0x32,0x63,0x00,0x00,
0x08,0x53,0x45,0x54,0x54,0x49,0x4e,0x47,0x53,0x00,0x00,0x08,0x40,0x63,0x6d,0x64,
0x5f,0x6d,0x73,0x62,0x00,0x00,0x08,0x40,0x63,0x6d,0x64,0x5f,0x6c,0x73,0x62,0x00,
0x00,0x0a,0x40,0x77,0x61,0x69,0x74,0x5f,0x74,0x69,0x6d,0x65,0x00,0x00,0x04,0x41,
0x44,0x44,0x52,0x00,0x00,0x05,0x77,0x72,0x69,0x74,0x65,0x00,0x00,0x05,0x73,0x6c,
0x65,0x65,0x70,0x00,0x00,0x04,0x72,0x65,0x61,0x64,0x00,0x00,0x04,0x6e,0x69,0x6c,
0x3f,0x00,0x00,0x02,0x5b,0x5d,0x00,0x00,0x04,0x63,0x72,0x63,0x38,0x00,0x00,0x07,
0x67,0x65,0x74,0x62,0x79,0x74,0x65,0x00,0x00,0x02,0x21,0x3d,0x00,0x00,0x04,0x70,
0x75,0x74,0x73,0x00,0x00,0x00,0x01,0xb2,0x00,0x05,0x00,0x0a,0x00,0x00,0x00,0x00,
0x00,0x00,0x01,0x0a,0x39,0x00,0x00,0x00,0x19,0x05,0x00,0x1d,0x06,0x01,0x19,0x07,
0x02,0x19,0x08,0x03,0x32,0x05,0x04,0x03,0x19,0x06,0x05,0x2f,0x05,0x06,0x01,0x19,
0x05,0x00,0x1d,0x06,0x01,0x0c,0x07,0x32,0x05,0x07,0x02,0x01,0x02,0x05,0x01,0x05,
0x02,0x29,0x05,0x00,0x03,0x26,0x00,0x01,0x42,0x01,0x06,0x02,0x06,0x07,0x08,0x08,
0x32,0x06,0x08,0x02,0x2f,0x05,0x09,0x01,0x01,0x06,0x02,0x08,0x07,0x32,0x06,0x0a,
0x01,0x4d,0x05,0x28,0x05,0x00,0x3e,0x01,0x05,0x02,0x06,0x06,0x32,0x05,0x0a,0x01,
0x03,0x06,0x08,0x32,0x05,0x0b,0x01,0x01,0x06,0x02,0x07,0x07,0x32,0x06,0x0a,0x01,
0x32,0x05,0x0c,0x01,0x33,0x05,0x0d,0x01,0x03,0x05,0x04,0x05,0x2d,0x03,0x06,0xaf,
0x01,0x07,0x03,0x4b,0x06,0x0f,0x07,0x00,0x00,0xff,0xff,0x4c,0x06,0x45,0x05,0x1a,
0x05,0x0e,0x26,0x00,0x05,0x11,0x05,0x1a,0x05,0x0e,0x01,0x06,0x02,0x09,0x07,0x08,
0x08,0x32,0x06,0x08,0x02,0x2f,0x05,0x09,0x01,0x01,0x06,0x02,0x0b,0x07,0x32,0x06,
0x0a,0x01,0x4d,0x05,0x28,0x05,0x00,0x39,0x01,0x05,0x02,0x09,0x06,0x32,0x05,0x0a,
0x01,0x03,0x06,0x08,0x32,0x05,0x0b,0x01,0x01,0x06,0x02,0x0a,0x07,0x32,0x06,0x0a,
0x01,0x32,0x05,0x0c,0x01,0x33,0x05,0x0d,0x01,0x04,0x05,0x03,0x05,0x64,0x01,0x06,
0x04,0x4b,0x05,0x0f,0x06,0x00,0x00,0xff,0xff,0x4c,0x05,0x1a,0x05,0x0f,0x26,0x00,
0x05,0x11,0x05,0x1a,0x05,0x0f,0x19,0x05,0x0e,0x33,0x05,0x10,0x33,0x05,0x11,0x28,
0x05,0x00,0x09,0x19,0x05,0x0f,0x33,0x05,0x10,0x33,0x05,0x11,0x3d,0x05,0x00,0x00,
0x00,0x12,0x00,0x04,0x40,0x69,0x32,0x63,0x00,0x00,0x04,0x41,0x44,0x44,0x52,0x00,
0x00,0x08,0x40,0x63,0x6d,0x64,0x5f,0x6d,0x73,0x62,0x00,0x00,0x08,0x40,0x63,0x6d,
0x64,0x5f,0x6c,0x73,0x62,0x00,0x00,0x05,0x77,0x72,0x69,0x74,0x65,0x00,0x00,0x0a,
0x40,0x77,0x61,0x69,0x74,0x5f,0x74,0x69,0x6d,0x65,0x00,0x00,0x05,0x73,0x6c,0x65,
0x65,0x70,0x00,0x00,0x04,0x72,0x65,0x61,0x64,0x00,0x00,0x02,0x5b,0x5d,0x00,0x00,
0x04,0x63,0x72,0x63,0x38,0x00,0x00,0x07,0x67,0x65,0x74,0x62,0x79,0x74,0x65,0x00,
0x00,0x02,0x3c,0x3c,0x00,0x00,0x01,0x7c,0x00,0x00,0x04,0x74,0x6f,0x5f,0x66,0x00,
0x00,0x0c,0x40,0x74,0x65,0x6d,0x70,0x65,0x72,0x61,0x74,0x75,0x72,0x65,0x00,0x00,
0x09,0x40,0x68,0x75,0x6d,0x69,0x64,0x69,0x74,0x79,0x00,0x00,0x04,0x6e,0x69,0x6c,
0x3f,0x00,0x00,0x01,0x21,0x00,0x00,0x00,0x00,0x2c,0x00,0x02,0x00,0x03,0x00,0x00,
0x00,0x00,0x00,0x00,0x00,0x09,0x39,0x00,0x00,0x00,0x19,0x02,0x00,0x3d,0x02,0x00,
0x00,0x00,0x01,0x00,0x0c,0x40,0x74,0x65,0x6d,0x70,0x65,0x72,0x61,0x74,0x75,0x72,
0x65,0x00,0x00,0x00,0x00,0x29,0x00,0x02,0x00,0x03,0x00,0x00,0x00,0x00,0x00,0x00,
0x00,0x09,0x39,0x00,0x00,0x00,0x19,0x02,0x00,0x3d,0x02,0x00,0x00,0x00,0x01,0x00,
0x09,0x40,0x68,0x75,0x6d,0x69,0x64,0x69,0x74,0x79,0x00,0x00,0x00,0x00,0x33,0x00,
0x04,0x00,0x06,0x00,0x01,0x00,0x00,0x00,0x00,0x00,0x13,0x39,0x04,0x00,0x00,0x03,
0x03,0xff,0x01,0x04,0x01,0x62,0x05,0x00,0x34,0x04,0x00,0x00,0x3d,0x03,0x00,0x00,
0x00,0x01,0x00,0x09,0x65,0x61,0x63,0x68,0x5f,0x62,0x79,0x74,0x65,0x00,0x00,0x00,
0x00,0x3f,0x00,0x03,0x00,0x06,0x00,0x01,0x00,0x00,0x00,0x00,0x00,0x1f,0x39,0x04,
0x00,0x00,0x21,0x03,0x03,0x00,0x01,0x04,0x01,0x32,0x03,0x00,0x01,0x22,0x03,0x03,
0x00,0x03,0x03,0x08,0x62,0x04,0x00,0x34,0x03,0x01,0x00,0x3d,0x03,0x00,0x00,0x00,
0x02,0x00,0x01,0x5e,0x00,0x00,0x05,0x74,0x69,0x6d,0x65,0x73,0x00,0x00,0x00,0x00,
0x66,0x00,0x02,0x00,0x06,0x00,0x00,0x00,0x00,0x00,0x00,0x00,0x40,0x39,0x00,0x00,
0x00,0x21,0x02,0x03,0x01,0x07,0x03,0x32,0x02,0x00,0x01,0x21,0x03,0x03,0x01,0x03,
0x04,0x80,0x32,0x03,0x01,0x01,0x06,0x04,0x32,0x03,0x02,0x01,0x28,0x03,0x00,0x06,
0x03,0x03,0x31,0x26,0x00,0x02,0x06,0x03,0x32,0x02,0x03,0x01,0x22,0x02,0x03,0x01,
0x03,0x03,0xff,0x32,0x02,0x01,0x01,0x22,0x02,0x03,0x01,0x3d,0x02,0x00,0x00,0x00,
0x04,0x00,0x02,0x3c,0x3c,0x00,0x00,0x01,0x26,0x00,0x00,0x02,0x21,0x3d,0x00,0x00,
0x01,0x5e,0x00,0x00,0x00,0x00,0xe6,0x00,0x01,0x00,0x09,0x00,0x05,0x00,0x00,0x00,
0x00,0x00,0x51,0x03,0x01,0x45,0x1e,0x01,0x00,0x10,0x01,0x01,0x03,0x02,0x2c,0x0c,
0x03,0x02,0x04,0x00,0x52,0x02,0x03,0x10,0x03,0x02,0x03,0x04,0x2c,0x03,0x05,0x0d,
0x02,0x06,0x01,0x52,0x04,0x03,0x10,0x05,0x03,0x03,0x06,0x2c,0x03,0x07,0x10,0x02,
0x08,0x02,0x52,0x06,0x03,0x5e,0x01,0x03,0x1e,0x01,0x04,0x6b,0x01,0x05,0x00,0x6b,
0x01,0x06,0x01,0x6b,0x01,0x07,0x02,0x6b,0x01,0x08,0x03,0x30,0x01,0x09,0x6b,0x01,
0x0a,0x04,0x3d,0x00,0x00,0x03,0x05,0xb8,0x1e,0x85,0xeb,0x51,0xb8,0x8e,0x3f,0x05,
0xfa,0x7e,0x6a,0xbc,0x74,0x93,0x78,0x3f,0x05,0xfc,0xa9,0xf1,0xd2,0x4d,0x62,0x70,
0x3f,0x00,0x0b,0x00,0x04,0x41,0x44,0x44,0x52,0x00,0x00,0x04,0x68,0x69,0x67,0x68,
0x00,0x00,0x06,0x6d,0x65,0x64,0x69,0x75,0x6d,0x00,0x00,0x03,0x6c,0x6f,0x77,0x00,
0x00,0x08,0x53,0x45,0x54,0x54,0x49,0x4e,0x47,0x53,0x00,0x00,0x0a,0x69,0x6e,0x69,
0x74,0x69,0x61,0x6c,0x69,0x7a,0x65,0x00,0x00,0x04,0x72,0x65,0x61,0x64,0x00,0x00,
0x0b,0x74,0x65,0x6d,0x70,0x65,0x72,0x61,0x74,0x75,0x72,0x65,0x00,0x00,0x08,0x68,
0x75,0x6d,0x69,0x64,0x69,0x74,0x79,0x00,0x00,0x07,0x70,0x72,0x69,0x76,0x61,0x74,
0x65,0x00,0x00,0x04,0x63,0x72,0x63,0x38,0x00,0x00,0x00,0x01,0x88,0x00,0x07,0x00,
0x0d,0x00,0x00,0x00,0x00,0x00,0x00,0x00,0xb9,0x39,0x04,0x00,0x04,0x3a,0x04,0x00,
0x27,0x04,0x00,0x06,0x10,0x04,0x01,0x26,0x00,0x03,0x3c,0x04,0x00,0x3b,0x10,0x07,
0x00,0x01,0x08,0x04,0x5e,0x07,0x01,0x01,0x02,0x07,0x1a,0x01,0x02,0x1d,0x07,0x03,
0x01,0x08,0x04,0x23,0x07,0x27,0x07,0x00,0x08,0x1d,0x07,0x03,0x10,0x08,0x01,0x23,
0x07,0x01,0x05,0x07,0x24,0x07,0x05,0x1a,0x07,0x04,0x01,0x07,0x05,0x07,0x08,0x23,
0x07,0x1a,0x07,0x05,0x01,0x07,0x05,0x08,0x08,0x23,0x07,0x1a,0x07,0x06,0x19,0x07,
0x02,0x1d,0x08,0x07,0x03,0x09,0x30,0x03,0x0a,0xa2,0x32,0x07,0x08,0x03,0x02,0x08,
0x00,0x2f,0x07,0x09,0x01,0x19,0x07,0x02,0x1d,0x08,0x07,0x09,0x09,0x03,0x0a,0xf3,
0x03,0x0b,0x2d,0x32,0x07,0x0a,0x04,0x01,0x06,0x07,0x01,0x07,0x06,0x33,0x07,0x0b,
0x27,0x07,0x00,0x1c,0x01,0x08,0x06,0x06,0x09,0x08,0x0a,0x32,0x08,0x0c,0x02,0x2f,
0x07,0x0d,0x01,0x01,0x08,0x06,0x08,0x09,0x32,0x08,0x0e,0x01,0x32,0x07,0x0f,0x01,
0x28,0x07,0x00,0x0a,0x5c,0x08,0x01,0x2f,0x07,0x10,0x01,0x26,0x00,0x02,0x11,0x07,
0x3d,0x07,0x00,0x02,0x05,0x7b,0x14,0xae,0x47,0xe1,0x7a,0x84,0x3f,0x00,0x00,0x1b,
0x53,0x48,0x54,0x33,0x35,0x20,0x69,0x6e,0x69,0x74,0x69,0x61,0x6c,0x69,0x7a,0x61,
0x74,0x69,0x6f,0x6e,0x20,0x66,0x61,0x69,0x6c,0x65,0x64,0x00,0x00,0x11,0x00,0x0d,
0x72,0x65,0x70,0x65,0x61,0x74,0x61,0x62,0x69,0x6c,0x69,0x74,0x79,0x00,0x00,0x04,
0x68,0x69,0x67,0x68,0x00,0x00,0x04,0x40,0x69,0x32,0x63,0x00,0x00,0x08,0x53,0x45,
0x54,0x54,0x49,0x4e,0x47,0x53,0x00,0x00,0x08,0x40,0x63,0x6d,0x64,0x5f,0x6d,0x73,
0x62,0x00,0x00,0x08,0x40,0x63,0x6d,0x64,0x5f,0x6c,0x73,0x62,0x00,0x00,0x0a,0x40,
0x77,0x61,0x69,0x74,0x5f,0x74,0x69,0x6d,0x65,0x00,0x00,0x04,0x41,0x44,0x44,0x52,
0x00,0x00,0x05,0x77,0x72,0x69,0x74,0x65,0x00,0x00,0x05,0x73,0x6c,0x65,0x65,0x70,
0x00,0x00,0x04,0x72,0x65,0x61,0x64,0x00,0x00,0x04,0x6e,0x69,0x6c,0x3f,0x00,0x00,
0x02,0x5b,0x5d,0x00,0x00,0x04,0x63,0x72,0x63,0x38,0x00,0x00,0x07,0x67,0x65,0x74,
0x62,0x79,0x74,0x65,0x00,0x00,0x02,0x21,0x3d,0x00,0x00,0x04,0x70,0x75,0x74,0x73,
0x00,0x00,0x00,0x01,0xb2,0x00,0x05,0x00,0x0a,0x00,0x00,0x00,0x00,0x00,0x00,0x01,
0x0a,0x39,0x00,0x00,0x00,0x19,0x05,0x00,0x1d,0x06,0x01,0x19,0x07,0x02,0x19,0x08,
0x03,0x32,0x05,0x04,0x03,0x19,0x06,0x05,0x2f,0x05,0x06,0x01,0x19,0x05,0x00,0x1d,
0x06,0x01,0x0c,0x07,0x32,0x05,0x07,0x02,0x01,0x02,0x05,0x01,0x05,0x02,0x29,0x05,
0x00,0x03,0x26,0x00,0x01,0x42,0x01,0x06,0x02,0x06,0x07,0x08,0x08,0x32,0x06,0x08,
0x02,0x2f,0x05,0x09,0x01,0x01,0x06,0x02,0x08,0x07,0x32,0x06,0x0a,0x01,0x4d,0x05,
0x28,0x05,0x00,0x3e,0x01,0x05,0x02,0x06,0x06,0x32,0x05,0x0a,0x01,0x03,0x06,0x08,
0x32,0x05,0x0b,0x01,0x01,0x06,0x02,0x07,0x07,0x32,0x06,0x0a,0x01,0x32,0x05,0x0c,
0x01,0x33,0x05,0x0d,0x01,0x03,0x05,0x04,0x05,0x2d,0x03,0x06,0xaf,0x01,0x07,0x03,
0x4b,0x06,0x0f,0x07,0x00,0x00,0xff,0xff,0x4c,0x06,0x45,0x05,0x1a,0x05,0x0e,0x26,
0x00,0x05,0x11,0x05,0x1a,0x05,0x0e,0x01,0x06,0x02,0x09,0x07,0x08,0x08,0x32,0x06,
0x08,0x02,0x2f,0x05,0x09,0x01,0x01,0x06,0x02,0x0b,0x07,0x32,0x06,0x0a,0x01,0x4d,
0x05,0x28,0x05,0x00,0x39,0x01,0x05,0x02,0x09,0x06,0x32,0x05,0x0a,0x01,0x03,0x06,
0x08,0x32,0x05,0x0b,0x01,0x01,0x06,0x02,0x0a,0x07,0x32,0x06,0x0a,0x01,0x32,0x05,
0x0c,0x01,0x33,0x05,0x0d,0x01,0x04,0x05,0x03,0x05,0x64,0x01,0x06,0x04,0x4b,0x05,
0x0f,0x06,0x00,0x00,0xff,0xff,0x4c,0x05,0x1a,0x05,0x0f,0x26,0x00,0x05,0x11,0x05,
0x1a,0x05,0x0f,0x19,0x05,0x0e,0x33,0x05,0x10,0x33,0x05,0x11,0x28,0x05,0x00,0x09,
0x19,0x05,0x0f,0x33,0x05,0x10,0x33,0x05,0x11,0x3d,0x05,0x00,0x00,0x00,0x12,0x00,
0x04,0x40,0x69,0x32,0x63,0x00,0x00,0x04,0x41,0x44,0x44,0x52,0x00,0x00,0x08,0x40,
0x63,0x6d,0x64,0x5f,0x6d,0x73,0x62,0x00,0x00,0x08,0x40,0x63,0x6d,0x64,0x5f,0x6c,
0x73,0x62,0x00,0x00,0x05,0x77,0x72,0x69,0x74,0x65,0x00,0x00,0x0a,0x40,0x77,0x61,
0x69,0x74,0x5f,0x74,0x69,0x6d,0x65,0x00,0x00,0x05,0x73,0x6c,0x65,0x65,0x70,0x00,
0x00,0x04,0x72,0x65,0x61,0x64,0x00,0x00,0x02,0x5b,0x5d,0x00,0x00,0x04,0x63,0x72,
0x63,0x38,0x00,0x00,0x07,0x67,0x65,0x74,0x62,0x79,0x74,0x65,0x00,0x00,0x02,0x3c,
0x3c,0x00,0x00,0x01,0x7c,0x00,0x00,0x04,0x74,0x6f,0x5f,0x66,0x00,0x00,0x0c,0x40,
0x74,0x65,0x6d,0x70,0x65,0x72,0x61,0x74,0x75,0x72,0x65,0x00,0x00,0x09,0x40,0x68,
0x75,0x6d,0x69,0x64,0x69,0x74,0x79,0x00,0x00,0x04,0x6e,0x69,0x6c,0x3f,0x00,0x00,
0x01,0x21,0x00,0x00,0x00,0x00,0x2c,0x00,0x02,0x00,0x03,0x00,0x00,0x00,0x00,0x00,
0x00,0x00,0x09,0x39,0x00,0x00,0x00,0x19,0x02,0x00,0x3d,0x02,0x00,0x00,0x00,0x01,
0x00,0x0c,0x40,0x74,0x65,0x6d,0x70,0x65,0x72,0x61,0x74,0x75,0x72,0x65,0x00,0x00,
0x00,0x00,0x29,0x00,0x02,0x00,0x03,0x00,0x00,0x00,0x00,0x00,0x00,0x00,0x09,0x39,
0x00,0x00,0x00,0x19,0x02,0x00,0x3d,0x02,0x00,0x00,0x00,0x01,0x00,0x09,0x40,0x68,
0x75,0x6d,0x69,0x64,0x69,0x74,0x79,0x00,0x00,0x00,0x00,0x33,0x00,0x04,0x00,0x06,
0x00,0x01,0x00,0x00,0x00,0x00,0x00,0x13,0x39,0x04,0x00,0x00,0x03,0x03,0xff,0x01,
0x04,0x01,0x62,0x05,0x00,0x34,0x04,0x00,0x00,0x3d,0x03,0x00,0x00,0x00,0x01,0x00,
0x09,0x65,0x61,0x63,0x68,0x5f,0x62,0x79,0x74,0x65,0x00,0x00,0x00,0x00,0x3f,0x00,
0x03,0x00,0x06,0x00,0x01,0x00,0x00,0x00,0x00,0x00,0x1f,0x39,0x04,0x00,0x00,0x21,
0x03,0x03,0x00,0x01,0x04,0x01,0x32,0x03,0x00,0x01,0x22,0x03,0x03,0x00,0x03,0x03,
0x08,0x62,0x04,0x00,0x34,0x03,0x01,0x00,0x3d,0x03,0x00,0x00,0x00,0x02,0x00,0x01,
0x5e,0x00,0x00,0x05,0x74,0x69,0x6d,0x65,0x73,0x00,0x00,0x00,0x00,0x66,0x00,0x02,
0x00,0x06,0x00,0x00,0x00,0x00,0x00,0x00,0x00,0x40,0x39,0x00,0x00,0x00,0x21,0x02,
0x03,0x01,0x07,0x03,0x32,0x02,0x00,0x01,0x21,0x03,0x03,0x01,0x03,0x04,0x80,0x32,
0x03,0x01,0x01,0x06,0x04,0x32,0x03,0x02,0x01,0x28,0x03,0x00,0x06,0x03,0x03,0x31,
0x26,0x00,0x02,0x06,0x03,0x32,0x02,0x03,0x01,0x22,0x02,0x03,0x01,0x03,0x03,0xff,
0x32,0x02,0x01,0x01,0x22,0x02,0x03,0x01,0x3d,0x02,0x00,0x00,0x00,0x04,0x00,0x02,
0x3c,0x3c,0x00,0x00,0x01,0x26,0x00,0x00,0x02,0x21,0x3d,0x00,0x00,0x01,0x5e,0x00,
0x00,0x00,0x00,0xde,0x00,0x01,0x00,0x08,0x00,0x05,0x00,0x00,0x00,0x00,0x00,0x49,
0x03,0x01,0x44,0x1e,0x01,0x00,0x10,0x01,0x01,0x03,0x02,0xfd,0x02,0x03,0x00,0x52,
0x02,0x02,0x10,0x03,0x02,0x03,0x04,0xf6,0x02,0x05,0x01,0x52,0x04,0x02,0x10,0x05,
0x03,0x03,0x06,0xe0,0x02,0x07,0x02,0x52,0x06,0x02,0x5e,0x01,0x03,0x1e,0x01,0x04,
0x6b,0x01,0x05,0x00,0x6b,0x01,0x06,0x01,0x6b,0x01,0x07,0x02,0x6b,0x01,0x08,0x03,
0x30,0x01,0x09,0x6b,0x01,0x0a,0x04,0x3d,0x00,0x00,0x03,0x05,0x7b,0x14,0xae,0x47,
0xe1,0x7a,0x84,0x3f,0x05,0x7b,0x14,0xae,0x47,0xe1,0x7a,0x74,0x3f,0x05,0xfc,0xa9,
0xf1,0xd2,0x4d,0x62,0x60,0x3f,0x00,0x0b,0x00,0x04,0x41,0x44,0x44,0x52,0x00,0x00,
0x04,0x68,0x69,0x67,0x68,0x00,0x00,0x06,0x6d,0x65,0x64,0x69,0x75,0x6d,0x00,0x00,
0x03,0x6c,0x6f,0x77,0x00,0x00,0x08,0x53,0x45,0x54,0x54,0x49,0x4e,0x47,0x53,0x00,
0x00,0x0a,0x69,0x6e,0x69,0x74,0x69,0x61,0x6c,0x69,0x7a,0x65,0x00,0x00,0x04,0x72,
0x65,0x61,0x64,0x00,0x00,0x0b,0x74,0x65,0x6d,0x70,0x65,0x72,0x61,0x74,0x75,0x72,
0x65,0x00,0x00,0x08,0x68,0x75,0x6d,0x69,0x64,0x69,0x74,0x79,0x00,0x00,0x07,0x70,
0x72,0x69,0x76,0x61,0x74,0x65,0x00,0x00,0x04,0x63,0x72,0x63,0x38,0x00,0x00,0x00,
0x00,0xd2,0x00,0x06,0x00,0x0a,0x00,0x00,0x00,0x00,0x00,0x00,0x00,0x61,0x39,0x04,
0x00,0x04,0x3a,0x04,0x00,0x27,0x04,0x00,0x06,0x10,0x04,0x01,0x26,0x00,0x03,0x3c,
0x04,0x00,0x3b,0x10,0x06,0x00,0x01,0x07,0x04,0x5e,0x06,0x01,0x01,0x02,0x06,0x1a,
0x01,0x02,0x1d,0x06,0x03,0x01,0x07,0x04,0x23,0x06,0x27,0x06,0x00,0x08,0x1d,0x06,
0x03,0x10,0x07,0x01,0x23,0x06,0x01,0x05,0x06,0x24,0x06,0x05,0x1a,0x06,0x04,0x01,
0x06,0x05,0x07,0x07,0x23,0x06,0x1a,0x06,0x05,0x19,0x06,0x02,0x1d,0x07,0x06,0x03,
0x08,0x94,0x32,0x06,0x07,0x02,0x02,0x07,0x00,0x2f,0x06,0x08,0x01,0x3d,0x06,0x00,
0x01,0x05,0xfc,0xa9,0xf1,0xd2,0x4d,0x62,0x50,0x3f,0x00,0x09,0x00,0x0d,0x72,0x65,
0x70,0x65,0x61,0x74,0x61,0x62,0x69,0x6c,0x69,0x74,0x79,0x00,0x00,0x04,0x68,0x69,
0x67,0x68,0x00,0x00,0x04,0x40,0x69,0x32,0x63,0x00,0x00,0x08,0x53,0x45,0x54,0x54,
0x49,0x4e,0x47,0x53,0x00,0x00,0x04,0x40,0x63,0x6d,0x64,0x00,0x00,0x0a,0x40,0x77,
0x61,0x69,0x74,0x5f,0x74,0x69,0x6d,0x65,0x00,0x00,0x04,0x41,0x44,0x44,0x52,0x00,
0x00,0x05,0x77,0x72,0x69,0x74,0x65,0x00,0x00,0x05,0x73,0x6c,0x65,0x65,0x70,0x00,
0x00,0x00,0x01,0xcd,0x00,0x06,0x00,0x0b,0x00,0x00,0x00,0x00,0x00,0x00,0x01,0x34,
0x39,0x00,0x00,0x00,0x19,0x06,0x00,0x1d,0x07,0x01,0x19,0x08,0x02,0x32,0x06,0x03,
0x02,0x19,0x07,0x04,0x2f,0x06,0x05,0x01,0x19,0x06,0x00,0x1d,0x07,0x01,0x0c,0x08,
0x32,0x06,0x06,0x02,0x01,0x02,0x06,0x01,0x06,0x02,0x29,0x06,0x00,0x03,0x26,0x00,
0x01,0x42,0x01,0x07,0x02,0x06,0x08,0x08,0x09,0x32,0x07,0x07,0x02,0x2f,0x06,0x08,
0x01,0x01,0x07,0x02,0x08,0x08,0x32,0x07,0x09,0x01,0x4d,0x06,0x28,0x06,0x00,0x3e,
0x01,0x06,0x02,0x06,0x07,0x32,0x06,0x09,0x01,0x03,0x07,0x08,0x32,0x06,0x0a,0x01,
0x01,0x07,0x02,0x07,0x08,0x32,0x07,0x09,0x01,0x32,0x06,0x0b,0x01,0x33,0x06,0x0c,
0x01,0x03,0x06,0x04,0x06,0x2d,0x03,0x07,0xaf,0x01,0x08,0x03,0x4b,0x07,0x0f,0x08,
0x00,0x00,0xff,0xff,0x4c,0x07,0x45,0x06,0x1a,0x06,0x0d,0x26,0x00,0x05,0x11,0x06,
0x1a,0x06,0x0d,0x01,0x07,0x02,0x09,0x08,0x08,0x09,0x32,0x07,0x07,0x02,0x2f,0x06,
0x08,0x01,0x01,0x07,0x02,0x0b,0x08,0x32,0x07,0x09,0x01,0x4d,0x06,0x28,0x06,0x00,
0x66,0x01,0x06,0x02,0x09,0x07,0x32,0x06,0x09,0x01,0x03,0x07,0x08,0x32,0x06,0x0a,
0x01,0x01,0x07,0x02,0x0a,0x08,0x32,0x07,0x09,0x01,0x32,0x06,0x0b,0x01,0x33,0x06,
0x0c,0x01,0x04,0x06,0x04,0x06,0x06,0x03,0x07,0x7d,0x01,0x08,0x04,0x4b,0x07,0x0f,
0x08,0x00,0x00,0xff,0xff,0x4c,0x07,0x45,0x06,0x01,0x05,0x06,0x01,0x06,0x05,0x06,
0x07,0x4e,0x06,0x28,0x06,0x00,0x05,0x06,0x06,0x26,0x00,0x15,0x01,0x06,0x05,0x03,
0x07,0x64,0x50,0x06,0x28,0x06,0x00,0x06,0x03,0x06,0x64,0x26,0x00,0x03,0x01,0x06,
0x05,0x1a,0x06,0x0e,0x26,0x00,0x05,0x11,0x06,0x1a,0x06,0x0e,0x19,0x06,0x0d,0x33,
0x06,0x0f,0x33,0x06,0x10,0x28,0x06,0x00,0x09,0x19,0x06,0x0e,0x33,0x06,0x0f,0x33,
0x06,0x10,0x3d,0x06,0x00,0x00,0x00,0x11,0x00,0x04,0x40,0x69,0x32,0x63,0x00,0x00,
0x04,0x41,0x44,0x44,0x52,0x00,0x00,0x04,0x40,0x63,0x6d,0x64,0x00,0x00,0x05,0x77,
0x72,0x69,0x74,0x65,0x00,0x00,0x0a,0x40,0x77,0x61,0x69,0x74,0x5f,0x74,0x69,0x6d,
0x65,0x00,0x00,0x05,0x73,0x6c,0x65,0x65,0x70,0x00,0x00,0x04,0x72,0x65,0x61,0x64,
0x00,0x00,0x02,0x5b,0x5d,0x00,0x00,0x04,0x63,0x72,0x63,0x38,0x00,0x00,0x07,0x67,
0x65,0x74,0x62,0x79,0x74,0x65,0x00,0x00,0x02,0x3c,0x3c,0x00,0x00,0x01,0x7c,0x00,
0x00,0x04,0x74,0x6f,0x5f,0x66,0x00,0x00,0x0c,0x40,0x74,0x65,0x6d,0x70,0x65,0x72,
0x61,0x74,0x75,0x72,0x65,0x00,0x00,0x09,0x40,0x68,0x75,0x6d,0x69,0x64,0x69,0x74,
0x79,0x00,0x00,0x04,0x6e,0x69,0x6c,0x3f,0x00,0x00,0x01,0x21,0x00,0x00,0x00,0x00,
0x2c,0x00,0x02,0x00,0x03,0x00,0x00,0x00,0x00,0x00,0x00,0x00,0x09,0x39,0x00,0x00,
0x00,0x19,0x02,0x00,0x3d,0x02,0x00,0x00,0x00,0x01,0x00,0x0c,0x40,0x74,0x65,0x6d,
0x70,0x65,0x72,0x61,0x74,0x75,0x72,0x65,0x00,0x00,0x00,0x00,0x29,0x00,0x02,0x00,
0x03,0x00,0x00,0x00,0x00,0x00,0x00,0x00,0x09,0x39,0x00,0x00,0x00,0x19,0x02,0x00,
0x3d,0x02,0x00,0x00,0x00,0x01,0x00,0x09,0x40,0x68,0x75,0x6d,0x69,0x64,0x69,0x74,
0x79,0x00,0x00,0x00,0x00,0x33,0x00,0x04,0x00,0x06,0x00,0x01,0x00,0x00,0x00,0x00,
0x00,0x13,0x39,0x04,0x00,0x00,0x03,0x03,0xff,0x01,0x04,0x01,0x62,0x05,0x00,0x34,
0x04,0x00,0x00,0x3d,0x03,0x00,0x00,0x00,0x01,0x00,0x09,0x65,0x61,0x63,0x68,0x5f,
0x62,0x79,0x74,0x65,0x00,0x00,0x00,0x00,0x3f,0x00,0x03,0x00,0x06,0x00,0x01,0x00,
0x00,0x00,0x00,0x00,0x1f,0x39,0x04,0x00,0x00,0x21,0x03,0x03,0x00,0x01,0x04,0x01,
0x32,0x03,0x00,0x01,0x22,0x03,0x03,0x00,0x03,0x03,0x08,0x62,0x04,0x00,0x34,0x03,
0x01,0x00,0x3d,0x03,0x00,0x00,0x00,0x02,0x00,0x01,0x5e,0x00,0x00,0x05,0x74,0x69,
0x6d,0x65,0x73,0x00,0x00,0x00,0x00,0x66,0x00,0x02,0x00,0x06,0x00,0x00,0x00,0x00,
0x00,0x00,0x00,0x40,0x39,0x00,0x00,0x00,0x21,0x02,0x03,0x01,0x07,0x03,0x32,0x02,
0x00,0x01,0x21,0x03,0x03,0x01,0x03,0x04,0x80,0x32,0x03,0x01,0x01,0x06,0x04,0x32,
0x03,0x02,0x01,0x28,0x03,0x00,0x06,0x03,0x03,0x31,0x26,0x00,0x02,0x06,0x03,0x32,
0x02,0x03,0x01,0x22,0x02,0x03,0x01,0x03,0x03,0xff,0x32,0x02,0x01,0x01,0x22,0x02,
0x03,0x01,0x3d,0x02,0x00,0x00,0x00,0x04,0x00,0x02,0x3c,0x3c,0x00,0x00,0x01,0x26,
0x00,0x00,0x02,0x21,0x3d,0x00,0x00,0x01,0x5e,0x00,0x00,0x00,0x01,0x72,0x00,0x01,
0x00,0x11,0x00,0x05,0x00,0x00,0x00,0x00,0x00,0x8e,0x10,0x01,0x00,0x03,0x02,0x80,
0x10,0x03,0x01,0x03,0x04,0x81,0x10,0x05,0x02,0x03,0x06,0x8f,0x10,0x07,0x03,0x03,
0x08,0x92,0x10,0x09,0x04,0x03,0x0a,0x93,0x10,0x0b,0x05,0x03,0x0c,0x94,0x10,0x0d,
0x06,0x03,0x0e,0x9c,0x5e,0x01,0x07,0x1e,0x01,0x07,0x10,0x02,0x08,0x10,0x03,0x09,
0x10,0x04,0x0a,0x10,0x05,0x0b,0x2f,0x01,0x0c,0x04,0x06,0x01,0x03,0x02,0x30,0x03,
0x03,0x4c,0x03,0x04,0x63,0x03,0x05,0x77,0x03,0x06,0x88,0x03,0x07,0x98,0x03,0x08,
0xa7,0x03,0x09,0xb5,0x03,0x0a,0xc2,0x03,0x0b,0xce,0x03,0x0c,0xda,0x03,0x0d,0xe5,
0x03,0x0e,0xef,0x03,0x0f,0xf9,0x03,0x10,0xff,0x52,0x01,0x10,0x1e,0x01,0x0d,0x6b,
0x01,0x0e,0x00,0x6b,0x01,0x0f,0x01,0x30,0x01,0x10,0x6b,0x01,0x11,0x02,0x6b,0x01,
0x12,0x03,0x6b,0x01,0x13,0x04,0x3d,0x00,0x00,0x00,0x00,0x14,0x00,0x06,0x45,0x4e,
0x41,0x42,0x4c,0x45,0x00,0x00,0x05,0x41,0x54,0x49,0x4d,0x45,0x00,0x00,0x07,0x43,
0x4f,0x4e,0x54,0x52,0x4f,0x4c,0x00,0x00,0x02,0x49,0x44,0x00,0x00,0x06,0x53,0x54,
0x41,0x54,0x55,0x53,0x00,0x00,0x06,0x43,0x44,0x41,0x54,0x41,0x4c,0x00,0x00,0x05,
0x50,0x44,0x41,0x54,0x41,0x00,0x00,0x03,0x52,0x45,0x47,0x00,0x00,0x03,0x6c,0x75,
0x78,0x00,0x00,0x05,0x63,0x6f,0x6c,0x6f,0x72,0x00,0x00,0x09,0x63,0x6f,0x6c,0x6f,
0x72,0x5f,0x72,0x61,0x77,0x00,0x00,0x09,0x70,0x72,0x6f,0x78,0x69,0x6d,0x69,0x74,
0x79,0x00,0x00,0x0b,0x61,0x74,0x74,0x72,0x5f,0x72,0x65,0x61,0x64,0x65,0x72,0x00,
0x00,0x0b,0x47,0x41,0x4d,0x4d,0x41,0x5f,0x54,0x41,0x42,0x4c,0x45,0x00,0x00,0x0a,
0x69,0x6e,0x69,0x74,0x69,0x61,0x6c,0x69,0x7a,0x65,0x00,0x00,0x04,0x72,0x65,0x61,
0x64,0x00,0x00,0x07,0x70,0x72,0x69,0x76,0x61,0x74,0x65,0x00,0x00,0x11,0x75,0x70,
0x64,0x61,0x74,0x65,0x5f,0x38,0x62,0x69,0x74,0x5f,0x63,0x6f,0x6c,0x6f,0x72,0x00,
0x00,0x0d,0x63,0x61,0x6c,0x63,0x75,0x6c,0x61,0x74,0x65,0x5f,0x6c,0x75,0x78,0x00,
0x00,0x09,0x77,0x72,0x69,0x74,0x65,0x5f,0x72,0x65,0x67,0x00,0x00,0x00,0x01,0xb6,
0x00,0x05,0x00,0x0d,0x00,0x00,0x00,0x00,0x00,0x00,0x00,0xca,0x39,0x04,0x20,0x00,
0x26,0x00,0x03,0x26,0x00,0x03,0x03,0x02,0x39,0x01,0x05,0x01,0x01,0x06,0x02,0x1a,
0x05,0x00,0x1a,0x06,0x01,0x06,0x05,0x06,0x06,0x1a,0x05,0x02,0x1a,0x06,0x03,0x10,
0x05,0x04,0x06,0x06,0x10,0x07,0x05,0x06,0x08,0x10,0x09,0x06,0x06,0x0a,0x5e,0x05,
0x03,0x1a,0x05,0x07,0x10,0x05,0x04,0x06,0x06,0x10,0x07,0x05,0x06,0x08,0x10,0x09,
0x06,0x06,0x0a,0x10,0x0b,0x08,0x06,0x0c,0x5e,0x05,0x04,0x1a,0x05,0x09,0x19,0x05,
0x00,0x19,0x06,0x01,0x07,0x07,0x1d,0x08,0x0a,0x10,0x09,0x0b,0x23,0x08,0x32,0x05,
0x0c,0x03,0x33,0x05,0x0d,0x06,0x06,0x23,0x05,0x01,0x04,0x05,0x01,0x05,0x04,0x08,
0x06,0x32,0x05,0x0e,0x01,0x03,0x06,0x2a,0x32,0x05,0x0f,0x01,0x28,0x05,0x00,0x07,
0x5c,0x06,0x00,0x2f,0x05,0x10,0x01,0x06,0x05,0x03,0x06,0x40,0x1a,0x05,0x11,0x1a,
0x06,0x12,0x1d,0x06,0x0a,0x10,0x07,0x13,0x23,0x06,0x19,0x07,0x11,0x2f,0x05,0x14,
0x02,0x1d,0x06,0x0a,0x10,0x07,0x15,0x23,0x06,0x09,0x07,0x2f,0x05,0x14,0x02,0x1d,
0x06,0x0a,0x10,0x07,0x16,0x23,0x06,0x0d,0x07,0x2f,0x05,0x14,0x02,0x02,0x06,0x01,
0x2f,0x05,0x17,0x01,0x3d,0x05,0x00,0x02,0x00,0x00,0x12,0x54,0x4d,0x47,0x33,0x39,
0x39,0x33,0x31,0x20,0x6e,0x6f,0x74,0x20,0x66,0x6f,0x75,0x6e,0x64,0x00,0x05,0x9a,
0x99,0x99,0x99,0x99,0x99,0xe9,0x3f,0x00,0x18,0x00,0x04,0x40,0x69,0x32,0x63,0x00,
0x00,0x08,0x40,0x61,0x64,0x64,0x72,0x65,0x73,0x73,0x00,0x00,0x04,0x40,0x6c,0x75,
0x78,0x00,0x00,0x0a,0x40,0x70,0x72,0x6f,0x78,0x69,0x6d,0x69,0x74,0x79,0x00,0x00,
0x01,0x72,0x00,0x00,0x01,0x67,0x00,0x00,0x01,0x62,0x00,0x00,0x06,0x40,0x63,0x6f,
0x6c,0x6f,0x72,0x00,0x00,0x01,0x63,0x00,0x00,0x0a,0x40,0x63,0x6f,0x6c,0x6f,0x72,
0x5f,0x72,0x61,0x77,0x00,0x00,0x03,0x52,0x45,0x47,0x00,0x00,0x02,0x49,0x44,0x00,
0x00,0x04,0x72,0x65,0x61,0x64,0x00,0x00,0x05,0x62,0x79,0x74,0x65,0x73,0x00,0x00,
0x02,0x3e,0x3e,0x00,0x00,0x02,0x21,0x3d,0x00,0x00,0x05,0x72,0x61,0x69,0x73,0x65,
0x00,0x00,0x06,0x40,0x61,0x74,0x69,0x6d,0x65,0x00,0x00,0x06,0x40,0x61,0x67,0x61,
0x69,0x6e,0x00,0x00,0x05,0x41,0x54,0x49,0x4d,0x45,0x00,0x00,0x09,0x77,0x72,0x69,
0x74,0x65,0x5f,0x72,0x65,0x67,0x00,0x00,0x07,0x43,0x4f,0x4e,0x54,0x52,0x4f,0x4c,
0x00,0x00,0x06,0x45,0x4e,0x41,0x42,0x4c,0x45,0x00,0x00,0x05,0x73,0x6c,0x65,0x65,
0x70,0x00,0x00,0x00,0x01,0xec,0x00,0x04,0x00,0x0a,0x00,0x00,0x00,0x00,0x00,0x00,
0x01,0x12,0x39,0x00,0x00,0x00,0x0e,0x05,0x01,0x00,0x19,0x06,0x00,0x47,0x05,0x02,
0x06,0x00,0x4b,0x05,0x02,0x06,0x01,0x45,0x05,0x2f,0x04,0x01,0x01,0x19,0x04,0x02,
0x19,0x05,0x03,0x07,0x06,0x1d,0x07,0x04,0x10,0x08,0x05,0x23,0x07,0x32,0x04,0x06,
0x03,0x33,0x04,0x07,0x06,0x05,0x23,0x04,0x01,0x02,0x04,0x01,0x04,0x02,0x09,0x05,
0x32,0x04,0x08,0x01,0x09,0x05,0x4d,0x04,0x27,0x04,0x00,0x01,0x42,0x19,0x04,0x02,
0x19,0x05,0x03,0x03,0x06,0x08,0x1d,0x07,0x04,0x10,0x08,0x09,0x23,0x07,0x32,0x04,
0x06,0x03,0x33,0x04,0x07,0x01,0x03,0x04,0x19,0x04,0x0a,0x10,0x05,0x0b,0x01,0x06,
0x03,0x07,0x07,0x23,0x06,0x03,0x07,0x08,0x32,0x06,0x0c,0x01,0x24,0x07,0x03,0x32,
0x06,0x0d,0x01,0x25,0x04,0x19,0x04,0x0a,0x10,0x05,0x0e,0x01,0x06,0x03,0x09,0x07,
0x23,0x06,0x03,0x07,0x08,0x32,0x06,0x0c,0x01,0x01,0x07,0x03,0x08,0x08,0x23,0x07,
0x32,0x06,0x0d,0x01,0x25,0x04,0x19,0x04,0x0a,0x10,0x05,0x0f,0x01,0x06,0x03,0x0b,
0x07,0x23,0x06,0x03,0x07,0x08,0x32,0x06,0x0c,0x01,0x01,0x07,0x03,0x0a,0x08,0x23,
0x07,0x32,0x06,0x0d,0x01,0x25,0x04,0x19,0x04,0x0a,0x10,0x05,0x10,0x01,0x06,0x03,
0x0d,0x07,0x23,0x06,0x03,0x07,0x08,0x32,0x06,0x0c,0x01,0x01,0x07,0x03,0x0c,0x08,
0x23,0x07,0x32,0x06,0x0d,0x01,0x25,0x04,0x19,0x04,0x02,0x19,0x05,0x03,0x07,0x06,
0x1d,0x07,0x04,0x10,0x08,0x11,0x23,0x07,0x32,0x04,0x06,0x03,0x33,0x04,0x07,0x06,
0x05,0x23,0x04,0x1a,0x04,0x12,0x30,0x04,0x13,0x19,0x05,0x0a,0x2f,0x04,0x14,0x01,
0x1a,0x04,0x15,0x41,0x00,0x02,0x05,0xf6,0xf3,0xa6,0x22,0x15,0xc6,0x66,0x3f,0x05,
0x9a,0x99,0x99,0x99,0x99,0x99,0xa9,0x3f,0x00,0x16,0x00,0x06,0x40,0x61,0x74,0x69,
0x6d,0x65,0x00,0x00,0x05,0x73,0x6c,0x65,0x65,0x70,0x00,0x00,0x04,0x40,0x69,0x32,
0x63,0x00,0x00,0x08,0x40,0x61,0x64,0x64,0x72,0x65,0x73,0x73,0x00,0x00,0x03,0x52,
0x45,0x47,0x00,0x00,0x06,0x53,0x54,0x41,0x54,0x55,0x53,0x00,0x00,0x04,0x72,0x65,
0x61,0x64,0x00,0x00,0x05,0x62,0x79,0x74,0x65,0x73,0x00,0x00,0x01,0x26,0x00,0x00,
0x06,0x43,0x44,0x41,0x54,0x41,0x4c,0x00,0x00,0x0a,0x40,0x63,0x6f,0x6c,0x6f,0x72,
0x5f,0x72,0x61,0x77,0x00,0x00,0x01,0x63,0x00,0x00,0x02,0x3c,0x3c,0x00,0x00,0x01,
0x7c,0x00,0x00,0x01,0x72,0x00,0x00,0x01,0x67,0x00,0x00,0x01,0x62,0x00,0x00,0x05,
0x50,0x44,0x41,0x54,0x41,0x00,0x00,0x0a,0x40,0x70,0x72,0x6f,0x78,0x69,0x6d,0x69,
0x74,0x79,0x00,0x00,0x11,0x75,0x70,0x64,0x61,0x74,0x65,0x5f,0x38,0x62,0x69,0x74,
0x5f,0x63,0x6f,0x6c,0x6f,0x72,0x00,0x00,0x0d,0x63,0x61,0x6c,0x63,0x75,0x6c,0x61,
0x74,0x65,0x5f,0x6c,0x75,0x78,0x00,0x00,0x04,0x40,0x6c,0x75,0x78,0x00,0x00,0x00,
0x00,0x74,0x00,0x03,0x00,0x08,0x00,0x01,0x00,0x00,0x00,0x00,0x00,0x3a,0x39,0x00,
0x00,0x00,0x19,0x03,0x00,0x10,0x04,0x01,0x23,0x03,0x19,0x04,0x00,0x10,0x05,0x02,
0x23,0x04,0x19,0x05,0x00,0x10,0x06,0x03,0x23,0x05,0x52,0x03,0x03,0x33,0x03,0x04,
0x01,0x02,0x03,0x10,0x03,0x01,0x10,0x04,0x02,0x10,0x05,0x03,0x52,0x03,0x03,0x62,
0x04,0x00,0x34,0x03,0x05,0x00,0x3d,0x03,0x00,0x00,0x00,0x06,0x00,0x0a,0x40,0x63,
0x6f,0x6c,0x6f,0x72,0x5f,0x72,0x61,0x77,0x00,0x00,0x01,0x72,0x00,0x00,0x01,0x67,
0x00,0x00,0x01,0x62,0x00,0x00,0x03,0x6d,0x69,0x6e,0x00,0x00,0x04,0x65,0x61,0x63,
0x68,0x00,0x00,0x00,0x00,0x83,0x00,0x05,0x00,0x0b,0x00,0x00,0x00,0x00,0x00,0x00,
0x00,0x46,0x39,0x04,0x00,0x00,0x19,0x05,0x00,0x01,0x06,0x01,0x23,0x05,0x21,0x06,
0x02,0x00,0x47,0x05,0x01,0x03,0x05,0x01,0x05,0x03,0x03,0x06,0x09,0x32,0x05,0x01,
0x01,0x01,0x04,0x05,0x01,0x05,0x04,0x03,0x06,0x0f,0x50,0x05,0x28,0x05,0x00,0x03,
0x03,0x04,0x0f,0x19,0x06,0x02,0x01,0x07,0x01,0x1d,0x08,0x03,0x01,0x09,0x04,0x23,
0x08,0x01,0x05,0x08,0x25,0x06,0x3d,0x05,0x00,0x00,0x00,0x04,0x00,0x0a,0x40,0x63,
0x6f,0x6c,0x6f,0x72,0x5f,0x72,0x61,0x77,0x00,0x00,0x02,0x3e,0x3e,0x00,0x00,0x06,
0x40,0x63,0x6f,0x6c,0x6f,0x72,0x00,0x00,0x0b,0x47,0x41,0x4d,0x4d,0x41,0x5f,0x54,
0x41,0x42,0x4c,0x45,0x00,0x00,0x00,0x00,0xc7,0x00,0x05,0x00,0x0a,0x00,0x00,0x00,
0x00,0x00,0x00,0x00,0x9c,0x39,0x04,0x00,0x00,0x01,0x05,0x01,0x10,0x06,0x00,0x23,
0x05,0x01,0x06,0x01,0x10,0x07,0x01,0x23,0x06,0x45,0x05,0x01,0x06,0x01,0x10,0x07,
0x02,0x23,0x06,0x45,0x05,0x01,0x06,0x01,0x10,0x07,0x03,0x23,0x06,0x47,0x05,0x08,
0x06,0x4c,0x05,0x01,0x03,0x05,0x01,0x05,0x03,0x06,0x06,0x4e,0x05,0x28,0x05,0x00,
0x02,0x06,0x03,0x0e,0x05,0x01,0x6a,0x01,0x06,0x01,0x10,0x07,0x00,0x23,0x06,0x01,
0x07,0x03,0x47,0x06,0x4b,0x05,0x0e,0x06,0x03,0xe8,0x01,0x07,0x01,0x10,0x08,0x01,
0x23,0x07,0x01,0x08,0x03,0x47,0x07,0x4b,0x06,0x45,0x05,0x03,0x06,0x88,0x01,0x07,
0x01,0x10,0x08,0x02,0x23,0x07,0x01,0x08,0x03,0x47,0x07,0x4b,0x06,0x45,0x05,0x01,
0x04,0x05,0x01,0x05,0x04,0x06,0x06,0x4f,0x05,0x28,0x05,0x00,0x04,0x06,0x05,0x3d,
0x05,0x01,0x05,0x04,0x0f,0x06,0x00,0x01,0xaf,0xa4,0x4c,0x05,0x33,0x05,0x04,0x3d,
0x05,0x00,0x00,0x00,0x05,0x00,0x01,0x72,0x00,0x00,0x01,0x67,0x00,0x00,0x01,0x62,
0x00,0x00,0x01,0x63,0x00,0x00,0x04,0x74,0x6f,0x5f,0x69,0x00,0x00,0x00,0x00,0x47,
0x00,0x04,0x00,0x08,0x00,0x00,0x00,0x00,0x00,0x00,0x00,0x19,0x39,0x08,0x00,0x00,
0x19,0x04,0x00,0x19,0x05,0x01,0x01,0x06,0x01,0x01,0x07,0x02,0x52,0x06,0x02,0x32,
0x04,0x02,0x02,0x3d,0x04,0x00,0x00,0x00,0x03,0x00,0x04,0x40,0x69,0x32,0x63,0x00,
0x00,0x08,0x40,0x61,0x64,0x64,0x72,0x65,0x73,0x73,0x00,0x00,0x05,0x77,0x72,0x69,
0x74,0x65,0x00,0x00,0x00,0x01,0x47,0x00,0x01,0x00,0x0c,0x00,0x06,0x00,0x00,0x00,
0x00,0x00,0x76,0x03,0x01,0x38,0x1e,0x01,0x00,0x03,0x01,0x38,0x1e,0x01,0x01,0x03,
0x01,0x39,0x1e,0x01,0x02,0x10,0x01,0x03,0x10,0x02,0x04,0x06,0x03,0x10,0x04,0x05,
0x02,0x05,0x00,0x5e,0x02,0x02,0x10,0x03,0x06,0x10,0x04,0x04,0x07,0x05,0x10,0x06,
0x05,0x02,0x07,0x01,0x5e,0x04,0x02,0x10,0x05,0x07,0x10,0x06,0x04,0x08,0x07,0x10,
0x08,0x05,0x02,0x09,0x02,0x5e,0x06,0x02,0x10,0x07,0x08,0x10,0x08,0x04,0x09,0x09,
0x10,0x0a,0x05,0x02,0x0b,0x03,0x5e,0x08,0x02,0x5e,0x01,0x04,0x1e,0x01,0x09,0x6b,
0x01,0x0a,0x00,0x6b,0x01,0x0b,0x01,0x6b,0x01,0x0c,0x02,0x6b,0x01,0x0d,0x03,0x6b,
0x01,0x0e,0x04,0x6b,0x01,0x0f,0x05,0x3d,0x00,0x00,0x04,0x05,0x00,0x00,0x00,0x00,
0x00,0x00,0xe0,0x3f,0x05,0x00,0x00,0x00,0x00,0x00,0x00,0xf0,0x3f,0x05,0x00,0x00,
0x00,0x00,0x00,0x00,0x00,0x40,0x05,0x00,0x00,0x00,0x00,0x00,0x00,0x10,0x40,0x00,
0x10,0x00,0x0a,0x41,0x44,0x44,0x52,0x5f,0x57,0x52,0x49,0x54,0x45,0x00,0x00,0x0b,
0x41,0x44,0x44,0x52,0x5f,0x52,0x45,0x41,0x44,0x5f,0x4c,0x00,0x00,0x0b,0x41,0x44,
0x44,0x52,0x5f,0x52,0x45,0x41,0x44,0x5f,0x48,0x00,0x00,0x04,0x54,0x31,0x5f,0x32,
0x00,0x00,0x03,0x63,0x6d,0x64,0x00,0x00,0x0a,0x6d,0x75,0x6c,0x74,0x69,0x70,0x6c,
0x69,0x65,0x72,0x00,0x00,0x02,0x54,0x31,0x00,0x00,0x02,0x54,0x32,0x00,0x00,0x02,
0x54,0x34,0x00,0x00,0x0b,0x49,0x54,0x5f,0x53,0x45,0x54,0x54,0x49,0x4e,0x47,0x53,
0x00,0x00,0x0a,0x69,0x6e,0x69,0x74,0x69,0x61,0x6c,0x69,0x7a,0x65,0x00,0x00,0x06,
0x75,0x76,0x5f,0x72,0x61,0x77,0x00,0x00,0x08,0x75,0x76,0x5f,0x69,0x6e,0x64,0x65,
0x78,0x00,0x00,0x02,0x75,0x76,0x00,0x00,0x04,0x72,0x65,0x61,0x64,0x00,0x00,0x09,
0x75,0x76,0x5f,0x73,0x74,0x61,0x74,0x75,0x73,0x00,0x00,0x00,0x00,0xd7,0x00,0x06,
0x00,0x0a,0x00,0x00,0x00,0x00,0x00,0x00,0x00,0x69,0x39,0x04,0x00,0x04,0x3a,0x04,
0x00,0x27,0x04,0x00,0x06,0x10,0x04,0x01,0x26,0x00,0x03,0x3c,0x04,0x00,0x3b,0x10,
0x06,0x00,0x01,0x07,0x04,0x5e,0x06,0x01,0x01,0x02,0x06,0x1a,0x01,0x02,0x1d,0x06,
0x03,0x01,0x07,0x04,0x23,0x06,0x27,0x06,0x00,0x08,0x1d,0x06,0x03,0x10,0x07,0x01,
0x23,0x06,0x1a,0x06,0x04,0x06,0x06,0x1a,0x06,0x05,0x19,0x06,0x04,0x10,0x07,0x06,
0x23,0x06,0x08,0x07,0x32,0x06,0x07,0x01,0x08,0x07,0x32,0x06,0x08,0x01,0x01,0x05,
0x06,0x19,0x06,0x02,0x1d,0x07,0x09,0x01,0x08,0x05,0x52,0x08,0x01,0x32,0x06,0x0a,
0x02,0x3d,0x06,0x00,0x00,0x00,0x0b,0x00,0x02,0x69,0x74,0x00,0x00,0x02,0x54,0x31,
0x00,0x00,0x04,0x40,0x69,0x32,0x63,0x00,0x00,0x0b,0x49,0x54,0x5f,0x53,0x45,0x54,
0x54,0x49,0x4e,0x47,0x53,0x00,0x00,0x0a,0x40,0x69,0x74,0x5f,0x63,0x6f,0x6e,0x66,
0x69,0x67,0x00,0x00,0x07,0x40,0x75,0x76,0x5f,0x72,0x61,0x77,0x00,0x00,0x03,0x63,
0x6d,0x64,0x00,0x00,0x02,0x3c,0x3c,0x00,0x00,0x01,0x7c,0x00,0x00,0x0a,0x41,0x44,
0x44,0x52,0x5f,0x57,0x52,0x49,0x54,0x45,0x00,0x00,0x05,0x77,0x72,0x69,0x74,0x65,
0x00,0x00,0x00,0x00,0x27,0x00,0x02,0x00,0x03,0x00,0x00,0x00,0x00,0x00,0x00,0x00,
0x09,0x39,0x00,0x00,0x00,0x19,0x02,0x00,0x3d,0x02,0x00,0x00,0x00,0x01,0x00,0x07,
0x40,0x75,0x76,0x5f,0x72,0x61,0x77,0x00,0x00,0x00,0x00,0x9a,0x00,0x04,0x00,0x08,
0x00,0x00,0x00,0x00,0x00,0x00,0x00,0x39,0x39,0x00,0x00,0x00,0x19,0x04,0x00,0x33,
0x04,0x01,0x19,0x05,0x02,0x10,0x06,0x03,0x23,0x05,0x4c,0x04,0x01,0x02,0x04,0x01,
0x04,0x02,0x02,0x05,0x00,0x4c,0x04,0x01,0x03,0x04,0x01,0x04,0x03,0x03,0x05,0x64,
0x4b,0x04,0x02,0x05,0x01,0x45,0x04,0x33,0x04,0x04,0x02,0x05,0x02,0x4c,0x04,0x3d,
0x04,0x00,0x03,0x05,0x00,0x00,0x00,0x00,0x00,0x80,0x81,0x40,0x05,0x00,0x00,0x00,
0x00,0x00,0x00,0xe0,0x3f,0x05,0x00,0x00,0x00,0x00,0x00,0x00,0x59,0x40,0x00,0x05,
0x00,0x07,0x40,0x75,0x76,0x5f,0x72,0x61,0x77,0x00,0x00,0x04,0x74,0x6f,0x5f,0x66,
0x00,0x00,0x0a,0x40,0x69,0x74,0x5f,0x63,0x6f,0x6e,0x66,0x69,0x67,0x00,0x00,0x0a,
0x6d,0x75,0x6c,0x74,0x69,0x70,0x6c,0x69,0x65,0x72,0x00,0x00,0x04,0x74,0x6f,0x5f,
0x69,0x00,0x00,0x00,0x00,0x28,0x00,0x02,0x00,0x04,0x00,0x00,0x00,0x00,0x00,0x00,
0x00,0x09,0x39,0x00,0x00,0x00,0x30,0x02,0x00,0x3d,0x02,0x00,0x00,0x00,0x01,0x00,
0x08,0x75,0x76,0x5f,0x69,0x6e,0x64,0x65,0x78,0x00,0x00,0x00,0x01,0x58,0x00,0x05,
0x00,0x0a,0x00,0x00,0x00,0x01,0x00,0x00,0x00,0x89,0x39,0x00,0x00,0x00,0x02,0x06,
0x00,0x19,0x07,0x00,0x10,0x08,0x01,0x23,0x07,0x4b,0x06,0x2f,0x05,0x02,0x01,0x19,
0x05,0x03,0x1d,0x06,0x04,0x07,0x07,0x32,0x05,0x05,0x02,0x33,0x05,0x06,0x06,0x06,
0x23,0x05,0x01,0x02,0x05,0x19,0x05,0x03,0x1d,0x06,0x07,0x07,0x07,0x32,0x05,0x05,
0x02,0x33,0x05,0x06,0x06,0x06,0x23,0x05,0x01,0x03,0x05,0x01,0x05,0x03,0x03,0x06,
0x08,0x32,0x05,0x08,0x01,0x01,0x06,0x02,0x32,0x05,0x09,0x01,0x1a,0x05,0x0a,0x13,
0x05,0x26,0x00,0x2d,0x2b,0x05,0x1d,0x06,0x0b,0x2c,0x05,0x06,0x27,0x06,0x00,0x03,
0x26,0x00,0x1c,0x01,0x04,0x05,0x5c,0x06,0x01,0x01,0x07,0x04,0x33,0x07,0x0c,0x5d,
0x06,0x5c,0x07,0x02,0x5d,0x06,0x2f,0x05,0x0d,0x01,0x14,0x05,0x26,0x00,0x02,0x2d,
0x05,0x3d,0x05,0x00,0x00,0x00,0x00,0x15,0x00,0x00,0x00,0x57,0x00,0x00,0x00,0x5a,
0x00,0x03,0x05,0x00,0x00,0x00,0x00,0x00,0x00,0xc0,0x3f,0x00,0x00,0x15,0x56,0x45,
0x4d,0x4c,0x36,0x30,0x37,0x30,0x20,0x52,0x65,0x61,0x64,0x20,0x45,0x72,0x72,0x6f,
0x72,0x3a,0x20,0x00,0x00,0x00,0x00,0x00,0x00,0x0e,0x00,0x0a,0x40,0x69,0x74,0x5f,
0x63,0x6f,0x6e,0x66,0x69,0x67,0x00,0x00,0x0a,0x6d,0x75,0x6c,0x74,0x69,0x70,0x6c,
0x69,0x65,0x72,0x00,0x00,0x05,0x73,0x6c,0x65,0x65,0x70,0x00,0x00,0x04,0x40,0x69,
0x32,0x63,0x00,0x00,0x0b,0x41,0x44,0x44,0x52,0x5f,0x52,0x45,0x41,0x44,0x5f,0x4c,
0x00,0x00,0x04,0x72,0x65,0x61,0x64,0x00,0x00,0x05,0x62,0x79,0x74,0x65,0x73,0x00,
0x00,0x0b,0x41,0x44,0x44,0x52,0x5f,0x52,0x45,0x41,0x44,0x5f,0x48,0x00,0x00,0x02,
0x3c,0x3c,0x00,0x00,0x01,0x7c,0x00,0x00,0x07,0x40,0x75,0x76,0x5f,0x72,0x61,0x77,
0x00,0x00,0x0d,0x53,0x74,0x61,0x6e,0x64,0x61,0x72,0x64,0x45,0x72,0x72,0x6f,0x72,
0x00,0x00,0x07,0x6d,0x65,0x73,0x73,0x61,0x67,0x65,0x00,0x00,0x04,0x77,0x61,0x72,
0x6e,0x00,0x00,0x00,0x00,0xf4,0x00,0x03,0x00,0x07,0x00,0x00,0x00,0x00,0x00,0x00,
0x00,0x78,0x39,0x00,0x00,0x00,0x30,0x03,0x00,0x01,0x02,0x03,0x01,0x03,0x02,0x06,
0x04,0x02,0x05,0x00,0x65,0x04,0x01,0x05,0x03,0x32,0x04,0x01,0x01,0x28,0x04,0x00,
0x06,0x5c,0x04,0x01,0x26,0x00,0x51,0x02,0x04,0x00,0x02,0x05,0x02,0x65,0x04,0x01,
0x05,0x03,0x32,0x04,0x01,0x01,0x28,0x04,0x00,0x06,0x5c,0x04,0x03,0x26,0x00,0x38,
0x02,0x04,0x02,0x02,0x05,0x04,0x65,0x04,0x01,0x05,0x03,0x32,0x04,0x01,0x01,0x28,
0x04,0x00,0x06,0x5c,0x04,0x05,0x26,0x00,0x1f,0x02,0x04,0x04,0x02,0x05,0x06,0x65,
0x04,0x01,0x05,0x03,0x32,0x04,0x01,0x01,0x28,0x04,0x00,0x06,0x5c,0x04,0x07,0x26,
0x00,0x06,0x5c,0x04,0x08,0x26,0x00,0x00,0x3d,0x04,0x00,0x09,0x05,0x00,0x00,0x00,
0x00,0x00,0x00,0x08,0x40,0x00,0x00,0x03,0x4c,0x6f,0x77,0x00,0x05,0x00,0x00,0x00,
0x00,0x00,0x00,0x18,0x40,0x00,0x00,0x08,0x4d,0x6f,0x64,0x65,0x72,0x61,0x74,0x65,
0x00,0x05,0x00,0x00,0x00,0x00,0x00,0x00,0x20,0x40,0x00,0x00,0x04,0x48,0x69,0x67,
0x68,0x00,0x05,0x00,0x00,0x00,0x00,0x00,0x00,0x26,0x40,0x00,0x00,0x09,0x56,0x65,
0x72,0x79,0x20,0x48,0x69,0x67,0x68,0x00,0x00,0x00,0x07,0x45,0x78,0x74,0x72,0x65,
0x6d,0x65,0x00,0x00,0x02,0x00,0x08,0x75,0x76,0x5f,0x69,0x6e,0x64,0x65,0x78,0x00,
0x00,0x03,0x3d,0x3d,0x3d,0x00,0x00,0x00,0x03,0x9d,0x00,0x01,0x00,0x04,0x00,0x19,
0x00,0x00,0x00,0x00,0x00,0xae,0x03,0x01,0x29,0x1e,0x01,0x00,0x0e,0x01,0x07,0x76,
0x1e,0x01,0x01,0x0e,0x01,0x03,0xc0,0x1e,0x01,0x02,0x0e,0x01,0x02,0x94,0x1e,0x01,
0x03,0x0e,0x01,0x02,0x4e,0x1e,0x01,0x04,0x0e,0x01,0x02,0xb2,0x1e,0x01,0x05,0x0e,
0x01,0x02,0x94,0x1e,0x01,0x06,0x0e,0x01,0x02,0x26,0x1e,0x01,0x07,0x0e,0x01,0x4e,
0x20,0x1e,0x01,0x08,0x10,0x02,0x09,0x2f,0x01,0x0a,0x01,0x6b,0x01,0x0b,0x00,0x6b,
0x01,0x0c,0x01,0x6b,0x01,0x0d,0x02,0x6b,0x01,0x0e,0x03,0x6b,0x01,0x0f,0x04,0x6b,
0x01,0x10,0x05,0x6b,0x01,0x11,0x06,0x6b,0x01,0x12,0x07,0x6b,0x01,0x13,0x08,0x6b,
0x01,0x14,0x09,0x30,0x01,0x15,0x6b,0x01,0x16,0x0a,0x6b,0x01,0x17,0x0b,0x6b,0x01,
0x18,0x0c,0x6b,0x01,0x19,0x0d,0x6b,0x01,0x1a,0x0e,0x6b,0x01,0x1b,0x0f,0x6b,0x01,
0x1c,0x10,0x6b,0x01,0x1d,0x11,0x6b,0x01,0x1e,0x12,0x6b,0x01,0x1f,0x13,0x6b,0x01,
0x20,0x14,0x6b,0x01,0x21,0x15,0x6b,0x01,0x22,0x16,0x6b,0x01,0x23,0x17,0x6b,0x01,
0x24,0x18,0x3d,0x00,0x00,0x00,0x00,0x25,0x00,0x07,0x41,0x44,0x44,0x52,0x45,0x53,
0x53,0x00,0x00,0x0e,0x53,0x54,0x41,0x52,0x54,0x5f,0x4f,0x56,0x45,0x52,0x48,0x45,
0x41,0x44,0x00,0x00,0x0c,0x45,0x4e,0x44,0x5f,0x4f,0x56,0x45,0x52,0x48,0x45,0x41,
0x44,0x00,0x00,0x0d,0x4d,0x53,0x52,0x43,0x5f,0x4f,0x56,0x45,0x52,0x48,0x45,0x41,
0x44,0x00,0x00,0x0c,0x54,0x43,0x43,0x5f,0x4f,0x56,0x45,0x52,0x48,0x45,0x41,0x44,
0x00,0x00,0x0c,0x44,0x53,0x53,0x5f,0x4f,0x56,0x45,0x52,0x48,0x45,0x41,0x44,0x00,
0x00,0x12,0x50,0x52,0x45,0x5f,0x52,0x41,0x4e,0x47,0x45,0x5f,0x4f,0x56,0x45,0x52,
0x48,0x45,0x41,0x44,0x00,0x00,0x14,0x46,0x49,0x4e,0x41,0x4c,0x5f,0x52,0x41,0x4e,
0x47,0x45,0x5f,0x4f,0x56,0x45,0x52,0x48,0x45,0x41,0x44,0x00,0x00,0x11,0x4d,0x49,
0x4e,0x5f,0x54,0x49,0x4d,0x49,0x4e,0x47,0x5f,0x42,0x55,0x44,0x47,0x45,0x54,0x00,
0x00,0x08,0x64,0x69,0x73,0x74,0x61,0x6e,0x63,0x65,0x00,0x00,0x0b,0x61,0x74,0x74,
0x72,0x5f,0x72,0x65,0x61,0x64,0x65,0x72,0x00,0x00,0x06,0x6d,0x69,0x6c,0x6c,0x69,
0x73,0x00,0x00,0x0a,0x69,0x6e,0x69,0x74,0x69,0x61,0x6c,0x69,0x7a,0x65,0x00,0x00,
0x04,0x72,0x65,0x61,0x64,0x00,0x00,0x08,0x72,0x65,0x61,0x64,0x5f,0x72,0x65,0x67,
0x00,0x00,0x0e,0x72,0x65,0x61,0x64,0x5f,0x72,0x65,0x67,0x5f,0x31,0x36,0x62,0x69,
0x74,0x00,0x00,0x0a,0x72,0x65,0x61,0x64,0x5f,0x6d,0x75,0x6c,0x74,0x69,0x00,0x00,
0x09,0x77,0x72,0x69,0x74,0x65,0x5f,0x72,0x65,0x67,0x00,0x00,0x0f,0x77,0x72,0x69,
0x74,0x65,0x5f,0x72,0x65,0x67,0x5f,0x31,0x36,0x62,0x69,0x74,0x00,0x00,0x0f,0x77,
0x72,0x69,0x74,0x65,0x5f,0x72,0x65,0x67,0x5f,0x33,0x32,0x62,0x69,0x74,0x00,0x00,
0x0b,0x77,0x72,0x69,0x74,0x65,0x5f,0x6d,0x75,0x6c,0x74,0x69,0x00,0x00,0x07,0x70,
0x72,0x69,0x76,0x61,0x74,0x65,0x00,0x00,0x1c,0x6c,0x6f,0x61,0x64,0x5f,0x64,0x65,
0x66,0x61,0x75,0x6c,0x74,0x5f,0x74,0x75,0x6e,0x69,0x6e,0x67,0x5f,0x73,0x65,0x74,
0x74,0x69,0x6e,0x67,0x73,0x00,0x00,0x15,0x73,0x65,0x74,0x5f,0x73,0x69,0x67,0x6e,
0x61,0x6c,0x5f,0x72,0x61,0x74,0x65,0x5f,0x6c,0x69,0x6d,0x69,0x74,0x00,0x00,0x1d,
0x67,0x65,0x74,0x5f,0x6d,0x65,0x61,0x73,0x75,0x72,0x65,0x6d,0x65,0x6e,0x74,0x5f,
0x74,0x69,0x6d,0x69,0x6e,0x67,0x5f,0x62,0x75,0x64,0x67,0x65,0x74,0x00,0x00,0x1d,
0x73,0x65,0x74,0x5f,0x6d,0x65,0x61,0x73,0x75,0x72,0x65,0x6d,0x65,0x6e,0x74,0x5f,
0x74,0x69,0x6d,0x69,0x6e,0x67,0x5f,0x62,0x75,0x64,0x67,0x65,0x74,0x00,0x00,0x10,
0x73,0x74,0x61,0x72,0x74,0x5f,0x63,0x6f,0x6e,0x74,0x69,0x6e,0x75,0x6f,0x75,0x73,
0x00,0x00,0x21,0x72,0x65,0x61,0x64,0x5f,0x72,0x61,0x6e,0x67,0x65,0x5f,0x63,0x6f,
0x6e,0x74,0x69,0x6e,0x75,0x6f,0x75,0x73,0x5f,0x6d,0x69,0x6c,0x6c,0x69,0x6d,0x65,
0x74,0x65,0x72,0x73,0x00,0x00,0x1d,0x72,0x65,0x61,0x64,0x5f,0x72,0x61,0x6e,0x67,
0x65,0x5f,0x73,0x69,0x6e,0x67,0x6c,0x65,0x5f,0x6d,0x69,0x6c,0x6c,0x69,0x6d,0x65,
0x74,0x65,0x72,0x73,0x00,0x00,0x0d,0x67,0x65,0x74,0x5f,0x73,0x70,0x61,0x64,0x5f,
0x69,0x6e,0x66,0x6f,0x00,0x00,0x1a,0x69,0x6e,0x69,0x74,0x5f,0x73,0x65,0x71,0x75,
0x65,0x6e,0x63,0x65,0x5f,0x73,0x74,0x65,0x70,0x5f,0x65,0x6e,0x61,0x62,0x6c,0x65,
0x73,0x00,0x00,0x1b,0x69,0x6e,0x69,0x74,0x5f,0x73,0x65,0x71,0x75,0x65,0x6e,0x63,
0x65,0x5f,0x73,0x74,0x65,0x70,0x5f,0x74,0x69,0x6d,0x65,0x6f,0x75,0x74,0x73,0x00,
0x00,0x0e,0x64,0x65,0x63,0x6f,0x64,0x65,0x5f,0x74,0x69,0x6d,0x65,0x6f,0x75,0x74,
0x00,0x00,0x0e,0x65,0x6e,0x63,0x6f,0x64,0x65,0x5f,0x74,0x69,0x6d,0x65,0x6f,0x75,
0x74,0x00,0x00,0x1d,0x74,0x69,0x6d,0x65,0x6f,0x75,0x74,0x5f,0x6d,0x63,0x6c,0x6b,
0x73,0x5f,0x74,0x6f,0x5f,0x6d,0x69,0x63,0x72,0x6f,0x73,0x65,0x63,0x6f,0x6e,0x64,
0x73,0x00,0x00,0x1d,0x74,0x69,0x6d,0x65,0x6f,0x75,0x74,0x5f,0x6d,0x69,0x63,0x72,
0x6f,0x73,0x65,0x63,0x6f,0x6e,0x64,0x73,0x5f,0x74,0x6f,0x5f,0x6d,0x63,0x6c,0x6b,
0x73,0x00,0x00,0x1e,0x70,0x65,0x72,0x66,0x6f,0x72,0x6d,0x5f,0x73,0x69,0x6e,0x67,
0x6c,0x65,0x5f,0x72,0x65,0x66,0x5f,0x63,0x61,0x6c,0x69,0x62,0x72,0x61,0x74,0x69,
0x6f,0x6e,0x00,0x00,0x00,0x00,0x1c,0x00,0x02,0x00,0x03,0x00,0x00,0x00,0x00,0x00,
0x00,0x00,0x08,0x39,0x00,0x00,0x00,0x06,0x02,0x3d,0x02,0x00,0x00,0x00,0x00,0x00,
0x00,0x03,0xcc,0x00,0x0c,0x00,0x11,0x00,0x01,0x00,0x00,0x00,0x00,0x01,0xe3,0x39,
0x04,0x00,0x08,0x3a,0x04,0x00,0x27,0x04,0x00,0x07,0x0e,0x04,0x01,0xf4,0x26,0x00,
0x03,0x3c,0x04,0x00,0x3a,0x05,0x01,0x27,0x05,0x00,0x05,0x11,0x05,0x26,0x00,0x03,
0x3c,0x05,0x01,0x3b,0x10,0x0c,0x00,0x01,0x0d,0x04,0x10,0x0e,0x01,0x01,0x0f,0x05,
0x5e,0x0c,0x02,0x01,0x02,0x0c,0x1a,0x01,0x02,0x1d,0x0c,0x03,0x1a,0x0c,0x04,0x1a,
0x04,0x05,0x14,0x0c,0x1a,0x0c,0x06,0x06,0x0c,0x1a,0x0c,0x07,0x01,0x0c,0x05,0x33,
0x0c,0x08,0x33,0x0c,0x09,0x1a,0x0c,0x0a,0x03,0x0d,0xc0,0x2f,0x0c,0x0b,0x01,0x03,
0x0d,0xee,0x32,0x0c,0x0c,0x01,0x28,0x0c,0x00,0x07,0x5c,0x0d,0x00,0x2f,0x0c,0x0d,
0x01,0x03,0x0d,0x89,0x03,0x0f,0x89,0x2f,0x0e,0x0b,0x01,0x07,0x0f,0x32,0x0e,0x0e,
0x01,0x2f,0x0c,0x0f,0x02,0x03,0x0d,0x88,0x06,0x0e,0x2f,0x0c,0x0f,0x02,0x03,0x0d,
0x80,0x07,0x0e,0x2f,0x0c,0x0f,0x02,0x03,0x0d,0xff,0x07,0x0e,0x2f,0x0c,0x0f,0x02,
0x06,0x0d,0x06,0x0e,0x2f,0x0c,0x0f,0x02,0x03,0x0d,0x91,0x2f,0x0c,0x0b,0x01,0x1a,
0x0c,0x10,0x06,0x0d,0x07,0x0e,0x2f,0x0c,0x0f,0x02,0x03,0x0d,0xff,0x06,0x0e,0x2f,
0x0c,0x0f,0x02,0x03,0x0d,0x80,0x06,0x0e,0x2f,0x0c,0x0f,0x02,0x03,0x0d,0x60,0x03,
0x0f,0x60,0x2f,0x0e,0x0b,0x01,0x03,0x0f,0x12,0x32,0x0e,0x0e,0x01,0x2f,0x0c,0x0f,
0x02,0x02,0x0d,0x01,0x2f,0x0c,0x11,0x01,0x07,0x0d,0x03,0x0e,0xff,0x2f,0x0c,0x0f,
0x02,0x30,0x0c,0x12,0x57,0x06,0x0c,0x00,0x57,0x07,0x0c,0x01,0x57,0x08,0x0c,0x02,
0x03,0x0d,0xb0,0x0c,0x0e,0x2f,0x0c,0x13,0x02,0x01,0x09,0x0c,0x03,0x0d,0xff,0x07,
0x0e,0x2f,0x0c,0x0f,0x02,0x03,0x0d,0x4f,0x06,0x0e,0x2f,0x0c,0x0f,0x02,0x03,0x0d,
0x4e,0x03,0x0e,0x2c,0x2f,0x0c,0x0f,0x02,0x03,0x0d,0xff,0x06,0x0e,0x2f,0x0c,0x0f,
0x02,0x03,0x0d,0xb6,0x03,0x0e,0xb4,0x2f,0x0c,0x0f,0x02,0x01,0x0c,0x08,0x28,0x0c,
0x00,0x06,0x03,0x0c,0x0c,0x26,0x00,0x02,0x06,0x0c,0x01,0x0a,0x0c,0x06,0x0b,0x06,
0x0c,0x03,0x0d,0x30,0x65,0x0c,0x62,0x0d,0x00,0x34,0x0c,0x14,0x00,0x03,0x0d,0xb0,
0x01,0x0e,0x09,0x2f,0x0c,0x15,0x02,0x30,0x0c,0x16,0x03,0x0d,0x0a,0x0a,0x0e,0x2f,
0x0c,0x0f,0x02,0x03,0x0d,0x84,0x03,0x0f,0x84,0x2f,0x0e,0x0b,0x01,0x04,0x0f,0x11,
0x32,0x0e,0x17,0x01,0x2f,0x0c,0x0f,0x02,0x03,0x0d,0x0b,0x07,0x0e,0x2f,0x0c,0x0f,
0x02,0x30,0x0c,0x18,0x1a,0x0c,0x19,0x07,0x0d,0x03,0x0e,0xe8,0x2f,0x0c,0x0f,0x02,
0x19,0x0d,0x19,0x2f,0x0c,0x1a,0x01,0x07,0x0d,0x07,0x0e,0x2f,0x0c,0x0f,0x02,0x03,
0x0d,0x40,0x2f,0x0c,0x1b,0x01,0x07,0x0d,0x08,0x0e,0x2f,0x0c,0x0f,0x02,0x06,0x0d,
0x2f,0x0c,0x1b,0x01,0x07,0x0d,0x03,0x0e,0xe8,0x2f,0x0c,0x0f,0x02,0x19,0x0c,0x0a,
0x28,0x0c,0x00,0x0a,0x01,0x0d,0x05,0x2f,0x0c,0x1c,0x01,0x26,0x00,0x02,0x11,0x0c,
0x3d,0x0c,0x00,0x02,0x00,0x00,0x11,0x56,0x4c,0x35,0x33,0x4c,0x30,0x58,0x20,0x6e,
0x6f,0x74,0x20,0x66,0x6f,0x75,0x6e,0x64,0x00,0x05,0x00,0x00,0x00,0x00,0x00,0x00,
0xd0,0x3f,0x00,0x1d,0x00,0x0a,0x74,0x69,0x6d,0x65,0x6f,0x75,0x74,0x5f,0x6d,0x73,
0x00,0x00,0x0a,0x63,0x6f,0x6e,0x74,0x69,0x6e,0x75,0x6f,0x75,0x73,0x00,0x00,0x04,
0x40,0x69,0x32,0x63,0x00,0x00,0x07,0x41,0x44,0x44,0x52,0x45,0x53,0x53,0x00,0x00,
0x08,0x40,0x61,0x64,0x64,0x72,0x65,0x73,0x73,0x00,0x00,0x0b,0x40,0x69,0x6f,0x5f,
0x74,0x69,0x6d,0x65,0x6f,0x75,0x74,0x00,0x00,0x0c,0x40,0x64,0x69,0x64,0x5f,0x74,
0x69,0x6d,0x65,0x6f,0x75,0x74,0x00,0x00,0x09,0x40,0x64,0x69,0x73,0x74,0x61,0x6e,
0x63,0x65,0x00,0x00,0x04,0x6e,0x69,0x6c,0x3f,0x00,0x00,0x01,0x21,0x00,0x00,0x10,
0x40,0x63,0x6f,0x6e,0x74,0x69,0x6e,0x75,0x6f,0x75,0x73,0x5f,0x6d,0x6f,0x64,0x65,
0x00,0x00,0x08,0x72,0x65,0x61,0x64,0x5f,0x72,0x65,0x67,0x00,0x00,0x02,0x21,0x3d,
0x00,0x00,0x05,0x72,0x61,0x69,0x73,0x65,0x00,0x00,0x01,0x7c,0x00,0x00,0x09,0x77,
0x72,0x69,0x74,0x65,0x5f,0x72,0x65,0x67,0x00,0x00,0x0e,0x40,0x73,0x74,0x6f,0x70,
0x5f,0x76,0x61,0x72,0x69,0x61,0x62,0x6c,0x65,0x00,0x00,0x15,0x73,0x65,0x74,0x5f,
0x73,0x69,0x67,0x6e,0x61,0x6c,0x5f,0x72,0x61,0x74,0x65,0x5f,0x6c,0x69,0x6d,0x69,
0x74,0x00,0x00,0x0d,0x67,0x65,0x74,0x5f,0x73,0x70,0x61,0x64,0x5f,0x69,0x6e,0x66,
0x6f,0x00,0x00,0x0a,0x72,0x65,0x61,0x64,0x5f,0x6d,0x75,0x6c,0x74,0x69,0x00,0x00,
0x04,0x65,0x61,0x63,0x68,0x00,0x00,0x0b,0x77,0x72,0x69,0x74,0x65,0x5f,0x6d,0x75,
0x6c,0x74,0x69,0x00,0x00,0x1c,0x6c,0x6f,0x61,0x64,0x5f,0x64,0x65,0x66,0x61,0x75,
0x6c,0x74,0x5f,0x74,0x75,0x6e,0x69,0x6e,0x67,0x5f,0x73,0x65,0x74,0x74,0x69,0x6e,
0x67,0x73,0x00,0x00,0x01,0x26,0x00,0x00,0x1d,0x67,0x65,0x74,0x5f,0x6d,0x65,0x61,
0x73,0x75,0x72,0x65,0x6d,0x65,0x6e,0x74,0x5f,0x74,0x69,0x6d,0x69,0x6e,0x67,0x5f,
0x62,0x75,0x64,0x67,0x65,0x74,0x00,0x00,0x1d,0x40,0x6d,0x65,0x61,0x73,0x75,0x72,
0x65,0x6d,0x65,0x6e,0x74,0x5f,0x74,0x69,0x6d,0x69,0x6e,0x67,0x5f,0x62,0x75,0x64,
0x67,0x65,0x74,0x5f,0x75,0x73,0x00,0x00,0x1d,0x73,0x65,0x74,0x5f,0x6d,0x65,0x61,
0x73,0x75,0x72,0x65,0x6d,0x65,0x6e,0x74,0x5f,0x74,0x69,0x6d,0x69,0x6e,0x67,0x5f,
0x62,0x75,0x64,0x67,0x65,0x74,0x00,0x00,0x1e,0x70,0x65,0x72,0x66,0x6f,0x72,0x6d,
0x5f,0x73,0x69,0x6e,0x67,0x6c,0x65,0x5f,0x72,0x65,0x66,0x5f,0x63,0x61,0x6c,0x69,
0x62,0x72,0x61,0x74,0x69,0x6f,0x6e,0x00,0x00,0x10,0x73,0x74,0x61,0x72,0x74,0x5f,
0x63,0x6f,0x6e,0x74,0x69,0x6e,0x75,0x6f,0x75,0x73,0x00,0x00,0x00,0x00,0xc8,0x00,
0x03,0x00,0x08,0x00,0x00,0x00,0x00,0x00,0x00,0x00,0x99,0x39,0x04,0x00,0x00,0x01,
0x03,0x01,0x21,0x04,0x0a,0x00,0x4e,0x03,0x27,0x03,0x00,0x0a,0x21,0x03,0x0b,0x00,
0x21,0x04,0x07,0x00,0x4d,0x03,0x28,0x03,0x00,0x3c,0x21,0x03,0x09,0x00,0x01,0x04,
0x01,0x03,0x05,0x08,0x4c,0x04,0x23,0x03,0x07,0x04,0x01,0x05,0x01,0x03,0x06,0x08,
0x32,0x05,0x00,0x01,0x32,0x04,0x01,0x01,0x33,0x04,0x02,0x32,0x03,0x03,0x01,0x21,
0x04,0x09,0x00,0x01,0x05,0x01,0x03,0x06,0x08,0x4c,0x05,0x01,0x06,0x03,0x01,0x03,
0x06,0x25,0x04,0x26,0x00,0x3c,0x21,0x03,0x09,0x00,0x01,0x04,0x01,0x03,0x05,0x08,
0x4c,0x04,0x23,0x03,0x01,0x04,0x01,0x03,0x05,0x08,0x32,0x04,0x00,0x01,0x32,0x03,
0x04,0x01,0x07,0x04,0x32,0x03,0x03,0x01,0x06,0x04,0x32,0x03,0x05,0x01,0x28,0x03,
0x00,0x0e,0x21,0x03,0x0b,0x00,0x46,0x03,0x01,0x22,0x03,0x0b,0x00,0x26,0x00,0x02,
0x11,0x03,0x3d,0x03,0x00,0x00,0x00,0x06,0x00,0x01,0x25,0x00,0x00,0x02,0x3c,0x3c,
0x00,0x00,0x01,0x7e,0x00,0x00,0x01,0x26,0x00,0x00,0x02,0x3e,0x3e,0x00,0x00,0x02,
0x21,0x3d,0x00,0x00,0x00,0x00,0xc2,0x00,0x03,0x00,0x06,0x00,0x00,0x00,0x00,0x00,
0x00,0x00,0x3c,0x39,0x00,0x00,0x00,0x19,0x03,0x00,0x28,0x03,0x00,0x06,0x30,0x03,
0x01,0x26,0x00,0x03,0x30,0x03,0x02,0x01,0x02,0x03,0x01,0x03,0x02,0x0f,0x04,0x00,
0x00,0xff,0xff,0x51,0x03,0x27,0x03,0x00,0x03,0x19,0x03,0x03,0x28,0x03,0x00,0x09,
0x14,0x03,0x1a,0x03,0x03,0x42,0x26,0x00,0x04,0x1a,0x02,0x04,0x41,0x3d,0x03,0x00,
0x00,0x00,0x05,0x00,0x10,0x40,0x63,0x6f,0x6e,0x74,0x69,0x6e,0x75,0x6f,0x75,0x73,
0x5f,0x6d,0x6f,0x64,0x65,0x00,0x00,0x21,0x72,0x65,0x61,0x64,0x5f,0x72,0x61,0x6e,
0x67,0x65,0x5f,0x63,0x6f,0x6e,0x74,0x69,0x6e,0x75,0x6f,0x75,0x73,0x5f,0x6d,0x69,
0x6c,0x6c,0x69,0x6d,0x65,0x74,0x65,0x72,0x73,0x00,0x00,0x1d,0x72,0x65,0x61,0x64,
0x5f,0x72,0x61,0x6e,0x67,0x65,0x5f,0x73,0x69,0x6e,0x67,0x6c,0x65,0x5f,0x6d,0x69,
0x6c,0x6c,0x69,0x6d,0x65,0x74,0x65,0x72,0x73,0x00,0x00,0x0c,0x40,0x64,0x69,0x64,
0x5f,0x74,0x69,0x6d,0x65,0x6f,0x75,0x74,0x00,0x00,0x09,0x40,0x64,0x69,0x73,0x74,
0x61,0x6e,0x63,0x65,0x00,0x00,0x00,0x00,0x51,0x00,0x03,0x00,0x08,0x00,0x00,0x00,
0x00,0x00,0x00,0x00,0x1c,0x39,0x04,0x00,0x00,0x19,0x03,0x00,0x19,0x04,0x01,0x07,
0x05,0x01,0x06,0x01,0x32,0x03,0x02,0x03,0x33,0x03,0x03,0x06,0x04,0x23,0x03,0x3d,
0x03,0x00,0x00,0x00,0x04,0x00,0x04,0x40,0x69,0x32,0x63,0x00,0x00,0x08,0x40,0x61,
0x64,0x64,0x72,0x65,0x73,0x73,0x00,0x00,0x04,0x72,0x65,0x61,0x64,0x00,0x00,0x05,
0x62,0x79,0x74,0x65,0x73,0x00,0x00,0x00,0x00,0x6e,0x00,0x04,0x00,0x09,0x00,0x00,
0x00,0x00,0x00,0x00,0x00,0x30,0x39,0x04,0x00,0x00,0x19,0x04,0x00,0x19,0x05,0x01,
0x08,0x06,0x01,0x07,0x01,0x32,0x04,0x02,0x03,0x33,0x04,0x03,0x01,0x03,0x04,0x24,
0x04,0x03,0x03,0x05,0x08,0x32,0x04,0x04,0x01,0x01,0x05,0x03,0x07,0x06,0x23,0x05,
0x32,0x04,0x05,0x01,0x3d,0x04,0x00,0x00,0x00,0x06,0x00,0x04,0x40,0x69,0x32,0x63,
0x00,0x00,0x08,0x40,0x61,0x64,0x64,0x72,0x65,0x73,0x73,0x00,0x00,0x04,0x72,0x65,
0x61,0x64,0x00,0x00,0x05,0x62,0x79,0x74,0x65,0x73,0x00,0x00,0x02,0x3c,0x3c,0x00,
0x00,0x01,0x7c,0x00,0x00,0x00,0x00,0x4e,0x00,0x04,0x00,0x09,0x00,0x00,0x00,0x00,
0x00,0x00,0x00,0x19,0x39,0x08,0x00,0x00,0x19,0x04,0x00,0x19,0x05,0x01,0x01,0x06,
0x02,0x01,0x07,0x01,0x32,0x04,0x02,0x03,0x33,0x04,0x03,0x3d,0x04,0x00,0x00,0x00,
0x04,0x00,0x04,0x40,0x69,0x32,0x63,0x00,0x00,0x08,0x40,0x61,0x64,0x64,0x72,0x65,
0x73,0x73,0x00,0x00,0x04,0x72,0x65,0x61,0x64,0x00,0x00,0x05,0x62,0x79,0x74,0x65,
0x73,0x00,0x00,0x00,0x00,0x47,0x00,0x04,0x00,0x08,0x00,0x00,0x00,0x00,0x00,0x00,
0x00,0x19,0x39,0x08,0x00,0x00,0x19,0x04,0x00,0x19,0x05,0x01,0x01,0x06,0x01,0x01,
0x07,0x02,0x52,0x06,0x02,0x32,0x04,0x02,0x02,0x3d,0x04,0x00,0x00,0x00,0x03,0x00,
0x04,0x40,0x69,0x32,0x63,0x00,0x00,0x08,0x40,0x61,0x64,0x64,0x72,0x65,0x73,0x73,
0x00,0x00,0x05,0x77,0x72,0x69,0x74,0x65,0x00,0x00,0x00,0x00,0x68,0x00,0x04,0x00,
0x0b,0x00,0x00,0x00,0x00,0x00,0x00,0x00,0x31,0x39,0x08,0x00,0x00,0x19,0x04,0x00,
0x19,0x05,0x01,0x01,0x06,0x01,0x01,0x07,0x02,0x03,0x08,0x08,0x32,0x07,0x02,0x01,
0x03,0x08,0xff,0x32,0x07,0x03,0x01,0x01,0x08,0x02,0x03,0x09,0xff,0x32,0x08,0x03,
0x01,0x52,0x06,0x03,0x32,0x04,0x04,0x02,0x3d,0x04,0x00,0x00,0x00,0x05,0x00,0x04,
0x40,0x69,0x32,0x63,0x00,0x00,0x08,0x40,0x61,0x64,0x64,0x72,0x65,0x73,0x73,0x00,
0x00,0x02,0x3e,0x3e,0x00,0x00,0x01,0x26,0x00,0x00,0x05,0x77,0x72,0x69,0x74,0x65,
0x00,0x00,0x00,0x00,0x8a,0x00,0x04,0x00,0x0d,0x00,0x00,0x00,0x00,0x00,0x00,0x00,
0x53,0x39,0x08,0x00,0x00,0x19,0x04,0x00,0x19,0x05,0x01,0x01,0x06,0x01,0x01,0x07,
0x02,0x03,0x08,0x18,0x32,0x07,0x02,0x01,0x03,0x08,0xff,0x32,0x07,0x03,0x01,0x01,
0x08,0x02,0x03,0x09,0x10,0x32,0x08,0x02,0x01,0x03,0x09,0xff,0x32,0x08,0x03,0x01,
0x01,0x09,0x02,0x03,0x0a,0x08,0x32,0x09,0x02,0x01,0x03,0x0a,0xff,0x32,0x09,0x03,
0x01,0x01,0x0a,0x02,0x03,0x0b,0xff,0x32,0x0a,0x03,0x01,0x52,0x06,0x05,0x32,0x04,
0x04,0x02,0x3d,0x04,0x00,0x00,0x00,0x05,0x00,0x04,0x40,0x69,0x32,0x63,0x00,0x00,
0x08,0x40,0x61,0x64,0x64,0x72,0x65,0x73,0x73,0x00,0x00,0x02,0x3e,0x3e,0x00,0x00,
0x01,0x26,0x00,0x00,0x05,0x77,0x72,0x69,0x74,0x65,0x00,0x00,0x00,0x00,0x59,0x00,
0x05,0x00,0x09,0x00,0x01,0x00,0x00,0x00,0x00,0x00,0x24,0x39,0x08,0x00,0x00,0x01,
0x05,0x01,0x53,0x04,0x05,0x01,0x01,0x05,0x02,0x62,0x06,0x00,0x34,0x05,0x00,0x00,
0x19,0x05,0x01,0x19,0x06,0x02,0x01,0x07,0x04,0x32,0x05,0x03,0x02,0x3d,0x05,0x00,
0x00,0x00,0x04,0x00,0x04,0x65,0x61,0x63,0x68,0x00,0x00,0x04,0x40,0x69,0x32,0x63,
0x00,0x00,0x08,0x40,0x61,0x64,0x64,0x72,0x65,0x73,0x73,0x00,0x00,0x05,0x77,0x72,
0x69,0x74,0x65,0x00,0x00,0x00,0x00,0x2a,0x00,0x03,0x00,0x06,0x00,0x00,0x00,0x00,
0x00,0x00,0x00,0x11,0x39,0x04,0x00,0x00,0x21,0x03,0x04,0x00,0x01,0x04,0x01,0x32,
0x03,0x00,0x01,0x3d,0x03,0x00,0x00,0x00,0x01,0x00,0x02,0x3c,0x3c,0x00,0x00,0x00,
0x02,0xca,0x00,0x02,0x00,0x41,0x00,0x01,0x00,0x00,0x00,0x00,0x02,0xaf,0x39,0x00,
0x00,0x00,0x03,0x02,0xff,0x07,0x03,0x52,0x02,0x02,0x06,0x03,0x06,0x04,0x52,0x03,
0x02,0x03,0x04,0xff,0x06,0x05,0x52,0x04,0x02,0x03,0x05,0x09,0x06,0x06,0x52,0x05,
0x02,0x03,0x06,0x10,0x06,0x07,0x52,0x06,0x02,0x03,0x07,0x11,0x06,0x08,0x52,0x07,
0x02,0x03,0x08,0x24,0x07,0x09,0x52,0x08,0x02,0x03,0x09,0x25,0x03,0x0a,0xff,0x52,
0x09,0x02,0x03,0x0a,0x75,0x06,0x0b,0x52,0x0a,0x02,0x03,0x0b,0xff,0x07,0x0c,0x52,
0x0b,0x02,0x03,0x0c,0x4e,0x03,0x0d,0x2c,0x52,0x0c,0x02,0x03,0x0d,0x48,0x06,0x0e,
0x52,0x0d,0x02,0x03,0x0e,0x30,0x03,0x0f,0x20,0x52,0x0e,0x02,0x03,0x0f,0xff,0x06,
0x10,0x52,0x0f,0x02,0x03,0x10,0x30,0x03,0x11,0x09,0x52,0x10,0x02,0x03,0x11,0x54,
0x06,0x12,0x52,0x11,0x02,0x03,0x12,0x31,0x0a,0x13,0x52,0x12,0x02,0x03,0x13,0x32,
0x09,0x14,0x52,0x13,0x02,0x03,0x14,0x40,0x03,0x15,0x83,0x52,0x14,0x02,0x03,0x15,
0x46,0x03,0x16,0x25,0x52,0x15,0x02,0x03,0x16,0x60,0x06,0x17,0x52,0x16,0x02,0x03,
0x17,0x27,0x06,0x18,0x52,0x17,0x02,0x03,0x18,0x50,0x0c,0x19,0x52,0x18,0x02,0x03,
0x19,0x51,0x06,0x1a,0x52,0x19,0x02,0x03,0x1a,0x52,0x03,0x1b,0x96,0x52,0x1a,0x02,
0x03,0x1b,0x56,0x03,0x1c,0x08,0x52,0x1b,0x02,0x03,0x1c,0x57,0x03,0x1d,0x30,0x52,
0x1c,0x02,0x03,0x1d,0x61,0x06,0x1e,0x52,0x1d,0x02,0x03,0x1e,0x62,0x06,0x1f,0x52,
0x1e,0x02,0x03,0x1f,0x64,0x06,0x20,0x52,0x1f,0x02,0x03,0x20,0x65,0x06,0x21,0x52,
0x20,0x02,0x03,0x21,0x66,0x03,0x22,0xa0,0x52,0x21,0x02,0x03,0x22,0xff,0x07,0x23,
0x52,0x22,0x02,0x03,0x23,0x22,0x03,0x24,0x32,0x52,0x23,0x02,0x03,0x24,0x47,0x03,
0x25,0x14,0x52,0x24,0x02,0x03,0x25,0x49,0x03,0x26,0xff,0x52,0x25,0x02,0x03,0x26,
0x4a,0x06,0x27,0x52,0x26,0x02,0x03,0x27,0xff,0x06,0x28,0x52,0x27,0x02,0x03,0x28,
0x7a,0x03,0x29,0x0a,0x52,0x28,0x02,0x03,0x29,0x7b,0x06,0x2a,0x52,0x29,0x02,0x03,
0x2a,0x78,0x03,0x2b,0x21,0x52,0x2a,0x02,0x03,0x2b,0xff,0x07,0x2c,0x52,0x2b,0x02,
0x03,0x2c,0x23,0x03,0x2d,0x34,0x52,0x2c,0x02,0x03,0x2d,0x42,0x06,0x2e,0x52,0x2d,
0x02,0x03,0x2e,0x44,0x03,0x2f,0xff,0x52,0x2e,0x02,0x03,0x2f,0x45,0x03,0x30,0x26,
0x52,0x2f,0x02,0x03,0x30,0x46,0x0b,0x31,0x52,0x30,0x02,0x03,0x31,0x40,0x03,0x32,
0x40,0x52,0x31,0x02,0x03,0x32,0x0e,0x0c,0x33,0x52,0x32,0x02,0x03,0x33,0x20,0x03,
0x34,0x1a,0x52,0x33,0x02,0x03,0x34,0x43,0x03,0x35,0x40,0x52,0x34,0x02,0x03,0x35,
0xff,0x06,0x36,0x52,0x35,0x02,0x03,0x36,0x34,0x09,0x37,0x52,0x36,0x02,0x03,0x37,
0x35,0x03,0x38,0x44,0x52,0x37,0x02,0x03,0x38,0xff,0x07,0x39,0x52,0x38,0x02,0x03,
0x39,0x31,0x0a,0x3a,0x52,0x39,0x02,0x03,0x3a,0x4b,0x03,0x3b,0x09,0x52,0x3a,0x02,
0x03,0x3b,0x4c,0x0b,0x3c,0x52,0x3b,0x02,0x03,0x3c,0x4d,0x0a,0x3d,0x52,0x3c,0x02,
0x03,0x3d,0xff,0x06,0x3e,0x52,0x3d,0x02,0x03,0x3e,0x44,0x06,0x3f,0x52,0x3e,0x02,
0x03,0x3f,0x45,0x52,0x3f,0x01,0x03,0x40,0x20,0x55,0x3f,0x01,0x52,0x02,0x3e,0x03,
0x03,0x47,0x03,0x04,0x08,0x52,0x03,0x02,0x03,0x04,0x48,0x03,0x05,0x28,0x52,0x04,
0x02,0x03,0x05,0x67,0x06,0x06,0x52,0x05,0x02,0x03,0x06,0x70,0x0a,0x07,0x52,0x06,
0x02,0x03,0x07,0x71,0x07,0x08,0x52,0x07,0x02,0x03,0x08,0x72,0x03,0x09,0xfe,0x52,
0x08,0x02,0x03,0x09,0x76,0x06,0x0a,0x52,0x09,0x02,0x03,0x0a,0x77,0x06,0x0b,0x52,
0x0a,0x02,0x03,0x0b,0xff,0x07,0x0c,0x52,0x0b,0x02,0x03,0x0c,0x0d,0x07,0x0d,0x52,
0x0c,0x02,0x03,0x0d,0xff,0x06,0x0e,0x52,0x0d,0x02,0x03,0x0e,0x80,0x07,0x0f,0x52,
0x0e,0x02,0x07,0x0f,0x03,0x10,0xf8,0x52,0x0f,0x02,0x03,0x10,0xff,0x07,0x11,0x52,
0x10,0x02,0x03,0x11,0x8e,0x07,0x12,0x52,0x11,0x02,0x06,0x12,0x07,0x13,0x52,0x12,
0x02,0x03,0x13,0xff,0x06,0x14,0x52,0x13,0x02,0x03,0x14,0x80,0x06,0x15,0x52,0x14,
0x02,0x55,0x02,0x12,0x62,0x03,0x00,0x34,0x02,0x00,0x00,0x3d,0x02,0x00,0x00,0x00,
0x01,0x00,0x04,0x65,0x61,0x63,0x68,0x00,0x00,0x00,0x00,0x30,0x00,0x04,0x00,0x08,
0x00,0x00,0x00,0x00,0x00,0x00,0x00,0x10,0x39,0x08,0x00,0x00,0x01,0x05,0x01,0x01,
0x06,0x02,0x2f,0x04,0x00,0x02,0x3d,0x04,0x00,0x00,0x00,0x01,0x00,0x09,0x77,0x72,
0x69,0x74,0x65,0x5f,0x72,0x65,0x67,0x00,0x00,0x00,0x00,0x45,0x00,0x03,0x00,0x08,
0x00,0x00,0x00,0x00,0x00,0x00,0x00,0x18,0x39,0x04,0x00,0x00,0x03,0x04,0x44,0x01,
0x05,0x01,0x03,0x06,0x80,0x4b,0x05,0x33,0x05,0x00,0x2f,0x03,0x01,0x02,0x3d,0x03,
0x00,0x00,0x00,0x02,0x00,0x04,0x74,0x6f,0x5f,0x69,0x00,0x00,0x0f,0x77,0x72,0x69,
0x74,0x65,0x5f,0x72,0x65,0x67,0x5f,0x31,0x36,0x62,0x69,0x74,0x00,0x00,0x00,0x01,
0xcc,0x00,0x03,0x00,0x08,0x00,0x00,0x00,0x00,0x00,0x00,0x00,0x98,0x39,0x00,0x00,
0x00,0x1d,0x03,0x00,0x1d,0x04,0x01,0x45,0x03,0x01,0x02,0x03,0x30,0x03,0x02,0x30,
0x03,0x03,0x19,0x03,0x04,0x28,0x03,0x00,0x10,0x01,0x03,0x02,0x19,0x04,0x05,0x1d,
0x05,0x06,0x45,0x04,0x45,0x03,0x01,0x02,0x03,0x19,0x03,0x07,0x28,0x03,0x00,0x14,
0x01,0x03,0x02,0x08,0x04,0x19,0x05,0x05,0x1d,0x06,0x08,0x45,0x05,0x4b,0x04,0x45,
0x03,0x01,0x02,0x03,0x19,0x03,0x07,0x33,0x03,0x09,0x28,0x03,0x00,0x03,0x19,0x03,
0x0a,0x28,0x03,0x00,0x10,0x01,0x03,0x02,0x19,0x04,0x05,0x1d,0x05,0x0b,0x45,0x04,
0x45,0x03,0x01,0x02,0x03,0x19,0x03,0x0c,0x28,0x03,0x00,0x10,0x01,0x03,0x02,0x19,
0x04,0x0d,0x1d,0x05,0x0e,0x45,0x04,0x45,0x03,0x01,0x02,0x03,0x19,0x03,0x0f,0x28,
0x03,0x00,0x10,0x01,0x03,0x02,0x19,0x04,0x10,0x1d,0x05,0x11,0x45,0x04,0x45,0x03,
0x01,0x02,0x03,0x3d,0x02,0x00,0x00,0x00,0x12,0x00,0x0e,0x53,0x54,0x41,0x52,0x54,
0x5f,0x4f,0x56,0x45,0x52,0x48,0x45,0x41,0x44,0x00,0x00,0x0c,0x45,0x4e,0x44,0x5f,
0x4f,0x56,0x45,0x52,0x48,0x45,0x41,0x44,0x00,0x00,0x1a,0x69,0x6e,0x69,0x74,0x5f,
0x73,0x65,0x71,0x75,0x65,0x6e,0x63,0x65,0x5f,0x73,0x74,0x65,0x70,0x5f,0x65,0x6e,
0x61,0x62,0x6c,0x65,0x73,0x00,0x00,0x1b,0x69,0x6e,0x69,0x74,0x5f,0x73,0x65,0x71,
0x75,0x65,0x6e,0x63,0x65,0x5f,0x73,0x74,0x65,0x70,0x5f,0x74,0x69,0x6d,0x65,0x6f,
0x75,0x74,0x73,0x00,0x00,0x04,0x40,0x74,0x63,0x63,0x00,0x00,0x10,0x40,0x6d,0x73,
0x72,0x63,0x5f,0x64,0x73,0x73,0x5f,0x74,0x63,0x63,0x5f,0x75,0x73,0x00,0x00,0x0c,
0x54,0x43,0x43,0x5f,0x4f,0x56,0x45,0x52,0x48,0x45,0x41,0x44,0x00,0x00,0x04,0x40,
0x64,0x73,0x73,0x00,0x00,0x0c,0x44,0x53,0x53,0x5f,0x4f,0x56,0x45,0x52,0x48,0x45,
0x41,0x44,0x00,0x00,0x01,0x21,0x00,0x00,0x05,0x40,0x6d,0x73,0x72,0x63,0x00,0x00,
0x0d,0x4d,0x53,0x52,0x43,0x5f,0x4f,0x56,0x45,0x52,0x48,0x45,0x41,0x44,0x00,0x00,
0x0a,0x40,0x70,0x72,0x65,0x5f,0x72,0x61,0x6e,0x67,0x65,0x00,0x00,0x0d,0x40,0x70,
0x72,0x65,0x5f,0x72,0x61,0x6e,0x67,0x65,0x5f,0x75,0x73,0x00,0x00,0x12,0x50,0x52,
0x45,0x5f,0x52,0x41,0x4e,0x47,0x45,0x5f,0x4f,0x56,0x45,0x52,0x48,0x45,0x41,0x44,
0x00,0x00,0x0c,0x40,0x66,0x69,0x6e,0x61,0x6c,0x5f,0x72,0x61,0x6e,0x67,0x65,0x00,
0x00,0x0f,0x40,0x66,0x69,0x6e,0x61,0x6c,0x5f,0x72,0x61,0x6e,0x67,0x65,0x5f,0x75,
0x73,0x00,0x00,0x14,0x46,0x49,0x4e,0x41,0x4c,0x5f,0x52,0x41,0x4e,0x47,0x45,0x5f,
0x4f,0x56,0x45,0x52,0x48,0x45,0x41,0x44,0x00,0x00,0x00,0x02,0x6a,0x00,0x06,0x00,
0x0b,0x00,0x00,0x00,0x00,0x00,0x00,0x00,0xd0,0x39,0x04,0x00,0x00,0x1d,0x06,0x00,
0x1d,0x07,0x01,0x45,0x06,0x01,0x03,0x06,0x30,0x06,0x02,0x30,0x06,0x03,0x19,0x06,
0x04,0x28,0x06,0x00,0x10,0x01,0x06,0x03,0x19,0x07,0x05,0x1d,0x08,0x06,0x45,0x07,
0x45,0x06,0x01,0x03,0x06,0x19,0x06,0x07,0x28,0x06,0x00,0x14,0x01,0x06,0x03,0x08,
0x07,0x19,0x08,0x05,0x1d,0x09,0x08,0x45,0x08,0x4b,0x07,0x45,0x06,0x01,0x03,0x06,
0x19,0x06,0x07,0x33,0x06,0x09,0x28,0x06,0x00,0x03,0x19,0x06,0x0a,0x28,0x06,0x00,
0x10,0x01,0x06,0x03,0x19,0x07,0x05,0x1d,0x08,0x0b,0x45,0x07,0x45,0x06,0x01,0x03,
0x06,0x19,0x06,0x0c,0x28,0x06,0x00,0x10,0x01,0x06,0x03,0x19,0x07,0x0d,0x1d,0x08,
0x0e,0x45,0x07,0x45,0x06,0x01,0x03,0x06,0x19,0x06,0x0f,0x28,0x06,0x00,0x46,0x01,
0x06,0x03,0x1d,0x07,0x10,0x45,0x06,0x01,0x03,0x06,0x01,0x06,0x01,0x01,0x07,0x03,
0x47,0x06,0x01,0x04,0x06,0x01,0x07,0x04,0x19,0x08,0x11,0x2f,0x06,0x12,0x02,0x01,
0x05,0x06,0x19,0x06,0x0c,0x28,0x06,0x00,0x0b,0x01,0x06,0x05,0x19,0x07,0x13,0x45,
0x06,0x01,0x05,0x06,0x03,0x07,0x71,0x01,0x09,0x05,0x2f,0x08,0x14,0x01,0x2f,0x06,
0x15,0x02,0x26,0x00,0x02,0x11,0x06,0x3d,0x06,0x00,0x00,0x00,0x16,0x00,0x0e,0x53,
0x54,0x41,0x52,0x54,0x5f,0x4f,0x56,0x45,0x52,0x48,0x45,0x41,0x44,0x00,0x00,0x0c,
0x45,0x4e,0x44,0x5f,0x4f,0x56,0x45,0x52,0x48,0x45,0x41,0x44,0x00,0x00,0x1a,0x69,
0x6e,0x69,0x74,0x5f,0x73,0x65,0x71,0x75,0x65,0x6e,0x63,0x65,0x5f,0x73,0x74,0x65,
0x70,0x5f,0x65,0x6e,0x61,0x62,0x6c,0x65,0x73,0x00,0x00,0x1b,0x69,0x6e,0x69,0x74,
0x5f,0x73,0x65,0x71,0x75,0x65,0x6e,0x63,0x65,0x5f,0x73,0x74,0x65,0x70,0x5f,0x74,
0x69,0x6d,0x65,0x6f,0x75,0x74,0x73,0x00,0x00,0x04,0x40,0x74,0x63,0x63,0x00,0x00,
0x10,0x40,0x6d,0x73,0x72,0x63,0x5f,0x64,0x73,0x73,0x5f,0x74,0x63,0x63,0x5f,0x75,
0x73,0x00,0x00,0x0c,0x54,0x43,0x43,0x5f,0x4f,0x56,0x45,0x52,0x48,0x45,0x41,0x44,
0x00,0x00,0x04,0x40,0x64,0x73,0x73,0x00,0x00,0x0c,0x44,0x53,0x53,0x5f,0x4f,0x56,
0x45,0x52,0x48,0x45,0x41,0x44,0x00,0x00,0x01,0x21,0x00,0x00,0x05,0x40,0x6d,0x73,
0x72,0x63,0x00,0x00,0x0d,0x4d,0x53,0x52,0x43,0x5f,0x4f,0x56,0x45,0x52,0x48,0x45,
0x41,0x44,0x00,0x00,0x0a,0x40,0x70,0x72,0x65,0x5f,0x72,0x61,0x6e,0x67,0x65,0x00,
0x00,0x0d,0x40,0x70,0x72,0x65,0x5f,0x72,0x61,0x6e,0x67,0x65,0x5f,0x75,0x73,0x00,
0x00,0x12,0x50,0x52,0x45,0x5f,0x52,0x41,0x4e,0x47,0x45,0x5f,0x4f,0x56,0x45,0x52,
0x48,0x45,0x41,0x44,0x00,0x00,0x0c,0x40,0x66,0x69,0x6e,0x61,0x6c,0x5f,0x72,0x61,
0x6e,0x67,0x65,0x00,0x00,0x14,0x46,0x49,0x4e,0x41,0x4c,0x5f,0x52,0x41,0x4e,0x47,
0x45,0x5f,0x4f,0x56,0x45,0x52,0x48,0x45,0x41,0x44,0x00,0x00,0x1f,0x40,0x66,0x69,
0x6e,0x61,0x6c,0x5f,0x72,0x61,0x6e,0x67,0x65,0x5f,0x76,0x63,0x73,0x65,0x6c,0x5f,
0x70,0x65,0x72,0x69,0x6f,0x64,0x5f,0x70,0x63,0x6c,0x6b,0x73,0x00,0x00,0x1d,0x74,
0x69,0x6d,0x65,0x6f,0x75,0x74,0x5f,0x6d,0x69,0x63,0x72,0x6f,0x73,0x65,0x63,0x6f,
0x6e,0x64,0x73,0x5f,0x74,0x6f,0x5f,0x6d,0x63,0x6c,0x6b,0x73,0x00,0x00,0x10,0x40,
0x70,0x72,0x65,0x5f,0x72,0x61,0x6e,0x67,0x65,0x5f,0x6d,0x63,0x6c,0x6b,0x73,0x00,
0x00,0x0e,0x65,0x6e,0x63,0x6f,0x64,0x65,0x5f,0x74,0x69,0x6d,0x65,0x6f,0x75,0x74,
0x00,0x00,0x0f,0x77,0x72,0x69,0x74,0x65,0x5f,0x72,0x65,0x67,0x5f,0x31,0x36,0x62,
0x69,0x74,0x00,0x00,0x00,0x00,0xf0,0x00,0x04,0x00,0x08,0x00,0x00,0x00,0x00,0x00,
0x00,0x00,0x97,0x39,0x00,0x20,0x00,0x26,0x00,0x03,0x26,0x00,0x02,0x06,0x01,0x03,
0x05,0x80,0x07,0x06,0x2f,0x04,0x00,0x02,0x03,0x05,0xff,0x07,0x06,0x2f,0x04,0x00,
0x02,0x06,0x05,0x06,0x06,0x2f,0x04,0x00,0x02,0x03,0x05,0x91,0x19,0x06,0x01,0x2f,
0x04,0x00,0x02,0x06,0x05,0x07,0x06,0x2f,0x04,0x00,0x02,0x03,0x05,0xff,0x06,0x06,
0x2f,0x04,0x00,0x02,0x03,0x05,0x80,0x06,0x06,0x2f,0x04,0x00,0x02,0x01,0x04,0x01,
0x06,0x05,0x32,0x04,0x02,0x01,0x28,0x04,0x00,0x36,0x03,0x05,0xf8,0x2f,0x04,0x03,
0x01,0x01,0x03,0x04,0x01,0x04,0x03,0x06,0x05,0x32,0x04,0x02,0x01,0x28,0x04,0x00,
0x0b,0x01,0x04,0x01,0x01,0x05,0x03,0x4b,0x04,0x01,0x01,0x04,0x0a,0x05,0x01,0x06,
0x01,0x2f,0x04,0x04,0x02,0x06,0x05,0x0a,0x06,0x2f,0x04,0x00,0x02,0x26,0x00,0x08,
0x06,0x05,0x08,0x06,0x2f,0x04,0x00,0x02,0x3d,0x04,0x00,0x00,0x00,0x05,0x00,0x09,
0x77,0x72,0x69,0x74,0x65,0x5f,0x72,0x65,0x67,0x00,0x00,0x0e,0x40,0x73,0x74,0x6f,
0x70,0x5f,0x76,0x61,0x72,0x69,0x61,0x62,0x6c,0x65,0x00,0x00,0x02,0x21,0x3d,0x00,
0x00,0x0e,0x72,0x65,0x61,0x64,0x5f,0x72,0x65,0x67,0x5f,0x31,0x36,0x62,0x69,0x74,
0x00,0x00,0x0f,0x77,0x72,0x69,0x74,0x65,0x5f,0x72,0x65,0x67,0x5f,0x33,0x32,0x62,
0x69,0x74,0x00,0x00,0x00,0x00,0xc7,0x00,0x04,0x00,0x08,0x00,0x00,0x00,0x00,0x00,
0x00,0x00,0x61,0x39,0x00,0x00,0x00,0x30,0x04,0x00,0x01,0x02,0x04,0x03,0x05,0x13,
0x2f,0x04,0x01,0x01,0x0d,0x05,0x32,0x04,0x02,0x01,0x06,0x05,0x4d,0x04,0x28,0x04,
0x00,0x2d,0x00,0x19,0x04,0x03,0x06,0x05,0x50,0x04,0x28,0x04,0x00,0x0d,0x30,0x04,
0x00,0x01,0x05,0x02,0x47,0x04,0x19,0x05,0x03,0x50,0x04,0x28,0x04,0x00,0x0d,0x13,
0x04,0x1a,0x04,0x04,0x0f,0x04,0x00,0x00,0xff,0xff,0x3e,0x04,0x26,0xff,0xbe,0x03,
0x05,0x1e,0x2f,0x04,0x05,0x01,0x01,0x03,0x04,0x03,0x05,0x0b,0x07,0x06,0x2f,0x04,
0x06,0x02,0x3d,0x03,0x00,0x00,0x00,0x07,0x00,0x06,0x6d,0x69,0x6c,0x6c,0x69,0x73,
0x00,0x00,0x08,0x72,0x65,0x61,0x64,0x5f,0x72,0x65,0x67,0x00,0x00,0x01,0x26,0x00,
0x00,0x0b,0x40,0x69,0x6f,0x5f,0x74,0x69,0x6d,0x65,0x6f,0x75,0x74,0x00,0x00,0x0c,
0x40,0x64,0x69,0x64,0x5f,0x74,0x69,0x6d,0x65,0x6f,0x75,0x74,0x00,0x00,0x0e,0x72,
0x65,0x61,0x64,0x5f,0x72,0x65,0x67,0x5f,0x31,0x36,0x62,0x69,0x74,0x00,0x00,0x09,
0x77,0x72,0x69,0x74,0x65,0x5f,0x72,0x65,0x67,0x00,0x00,0x00,0x01,0x27,0x00,0x03,
0x00,0x07,0x00,0x00,0x00,0x00,0x00,0x00,0x00,0x98,0x39,0x00,0x00,0x00,0x03,0x04,
0x80,0x07,0x05,0x2f,0x03,0x00,0x02,0x03,0x04,0xff,0x07,0x05,0x2f,0x03,0x00,0x02,
0x06,0x04,0x06,0x05,0x2f,0x03,0x00,0x02,0x03,0x04,0x91,0x19,0x05,0x01,0x2f,0x03,
0x00,0x02,0x06,0x04,0x07,0x05,0x2f,0x03,0x00,0x02,0x03,0x04,0xff,0x06,0x05,0x2f,
0x03,0x00,0x02,0x03,0x04,0x80,0x06,0x05,0x2f,0x03,0x00,0x02,0x06,0x04,0x07,0x05,
0x2f,0x03,0x00,0x02,0x30,0x03,0x02,0x01,0x02,0x03,0x06,0x04,0x2f,0x03,0x03,0x01,
0x07,0x04,0x32,0x03,0x04,0x01,0x06,0x04,0x32,0x03,0x05,0x01,0x28,0x03,0x00,0x2d,
0x00,0x19,0x03,0x06,0x06,0x04,0x50,0x03,0x28,0x03,0x00,0x0d,0x30,0x03,0x02,0x01,
0x04,0x02,0x47,0x03,0x19,0x04,0x06,0x50,0x03,0x28,0x03,0x00,0x0d,0x13,0x03,0x1a,
0x03,0x07,0x0f,0x03,0x00,0x00,0xff,0xff,0x3e,0x03,0x26,0xff,0xbd,0x30,0x03,0x08,
0x3d,0x03,0x00,0x00,0x00,0x09,0x00,0x09,0x77,0x72,0x69,0x74,0x65,0x5f,0x72,0x65,
0x67,0x00,0x00,0x0e,0x40,0x73,0x74,0x6f,0x70,0x5f,0x76,0x61,0x72,0x69,0x61,0x62,
0x6c,0x65,0x00,0x00,0x06,0x6d,0x69,0x6c,0x6c,0x69,0x73,0x00,0x00,0x08,0x72,0x65,
0x61,0x64,0x5f,0x72,0x65,0x67,0x00,0x00,0x01,0x26,0x00,0x00,0x02,0x21,0x3d,0x00,
0x00,0x0b,0x40,0x69,0x6f,0x5f,0x74,0x69,0x6d,0x65,0x6f,0x75,0x74,0x00,0x00,0x0c,
0x40,0x64,0x69,0x64,0x5f,0x74,0x69,0x6d,0x65,0x6f,0x75,0x74,0x00,0x00,0x21,0x72,
0x65,0x61,0x64,0x5f,0x72,0x61,0x6e,0x67,0x65,0x5f,0x63,0x6f,0x6e,0x74,0x69,0x6e,
0x75,0x6f,0x75,0x73,0x5f,0x6d,0x69,0x6c,0x6c,0x69,0x6d,0x65,0x74,0x65,0x72,0x73,
0x00,0x00,0x00,0x01,0x80,0x00,0x04,0x00,0x09,0x00,0x00,0x00,0x00,0x00,0x00,0x01,
0x2c,0x39,0x00,0x00,0x00,0x03,0x05,0x80,0x07,0x06,0x2f,0x04,0x00,0x02,0x03,0x05,
0xff,0x07,0x06,0x2f,0x04,0x00,0x02,0x06,0x05,0x06,0x06,0x2f,0x04,0x00,0x02,0x03,
0x05,0xff,0x0c,0x06,0x2f,0x04,0x00,0x02,0x03,0x05,0x83,0x03,0x07,0x83,0x2f,0x06,
0x01,0x01,0x0a,0x07,0x32,0x06,0x02,0x01,0x2f,0x04,0x00,0x02,0x03,0x05,0xff,0x0d,
0x06,0x2f,0x04,0x00,0x02,0x03,0x05,0x81,0x07,0x06,0x2f,0x04,0x00,0x02,0x03,0x05,
0x80,0x07,0x06,0x2f,0x04,0x00,0x02,0x03,0x05,0x94,0x03,0x06,0x6b,0x2f,0x04,0x00,
0x02,0x03,0x05,0x83,0x06,0x06,0x2f,0x04,0x00,0x02,0x30,0x04,0x03,0x01,0x02,0x04,
0x03,0x05,0x83,0x2f,0x04,0x01,0x01,0x06,0x05,0x4d,0x04,0x28,0x04,0x00,0x2b,0x00,
0x19,0x04,0x04,0x06,0x05,0x50,0x04,0x28,0x04,0x00,0x0d,0x30,0x04,0x03,0x01,0x05,
0x02,0x47,0x04,0x19,0x05,0x04,0x50,0x04,0x28,0x04,0x00,0x0b,0x14,0x04,0x06,0x05,
0x14,0x06,0x52,0x04,0x03,0x3e,0x04,0x26,0xff,0xc6,0x03,0x05,0x83,0x07,0x06,0x2f,
0x04,0x00,0x02,0x03,0x05,0x92,0x2f,0x04,0x01,0x01,0x01,0x03,0x04,0x03,0x05,0x81,
0x06,0x06,0x2f,0x04,0x00,0x02,0x03,0x05,0xff,0x0c,0x06,0x2f,0x04,0x00,0x02,0x03,
0x05,0x83,0x03,0x07,0x83,0x2f,0x06,0x01,0x01,0x04,0x07,0x05,0x32,0x06,0x05,0x01,
0x2f,0x04,0x00,0x02,0x03,0x05,0xff,0x07,0x06,0x2f,0x04,0x00,0x02,0x06,0x05,0x07,
0x06,0x2f,0x04,0x00,0x02,0x03,0x05,0xff,0x06,0x06,0x2f,0x04,0x00,0x02,0x03,0x05,
0x80,0x06,0x06,0x2f,0x04,0x00,0x02,0x13,0x04,0x01,0x05,0x03,0x03,0x06,0x7f,0x32,
0x05,0x05,0x01,0x01,0x06,0x03,0x0d,0x07,0x32,0x06,0x06,0x01,0x07,0x07,0x32,0x06,
0x05,0x01,0x06,0x07,0x32,0x06,0x07,0x01,0x52,0x04,0x03,0x3d,0x04,0x00,0x00,0x00,
0x08,0x00,0x09,0x77,0x72,0x69,0x74,0x65,0x5f,0x72,0x65,0x67,0x00,0x00,0x08,0x72,
0x65,0x61,0x64,0x5f,0x72,0x65,0x67,0x00,0x00,0x01,0x7c,0x00,0x00,0x06,0x6d,0x69,
0x6c,0x6c,0x69,0x73,0x00,0x00,0x0b,0x40,0x69,0x6f,0x5f,0x74,0x69,0x6d,0x65,0x6f,
0x75,0x74,0x00,0x00,0x01,0x26,0x00,0x00,0x02,0x3e,0x3e,0x00,0x00,0x02,0x21,0x3d,
0x00,0x00,0x00,0x00,0xe6,0x00,0x03,0x00,0x06,0x00,0x00,0x00,0x00,0x00,0x00,0x00,
0x87,0x39,0x00,0x00,0x00,0x07,0x04,0x2f,0x03,0x00,0x01,0x01,0x02,0x03,0x01,0x03,
0x02,0x0a,0x04,0x32,0x03,0x01,0x01,0x07,0x04,0x32,0x03,0x02,0x01,0x06,0x04,0x32,
0x03,0x03,0x01,0x1a,0x03,0x04,0x01,0x03,0x02,0x09,0x04,0x32,0x03,0x01,0x01,0x07,
0x04,0x32,0x03,0x02,0x01,0x06,0x04,0x32,0x03,0x03,0x01,0x1a,0x03,0x05,0x01,0x03,
0x02,0x08,0x04,0x32,0x03,0x01,0x01,0x07,0x04,0x32,0x03,0x02,0x01,0x06,0x04,0x32,
0x03,0x03,0x01,0x1a,0x03,0x06,0x01,0x03,0x02,0x0c,0x04,0x32,0x03,0x01,0x01,0x07,
0x04,0x32,0x03,0x02,0x01,0x06,0x04,0x32,0x03,0x03,0x01,0x1a,0x03,0x07,0x01,0x03,
0x02,0x0d,0x04,0x32,0x03,0x01,0x01,0x07,0x04,0x32,0x03,0x02,0x01,0x06,0x04,0x32,
0x03,0x03,0x01,0x1a,0x03,0x08,0x3d,0x03,0x00,0x00,0x00,0x09,0x00,0x08,0x72,0x65,
0x61,0x64,0x5f,0x72,0x65,0x67,0x00,0x00,0x02,0x3e,0x3e,0x00,0x00,0x01,0x26,0x00,
0x00,0x02,0x21,0x3d,0x00,0x00,0x04,0x40,0x74,0x63,0x63,0x00,0x00,0x04,0x40,0x64,
0x73,0x73,0x00,0x00,0x05,0x40,0x6d,0x73,0x72,0x63,0x00,0x00,0x0a,0x40,0x70,0x72,
0x65,0x5f,0x72,0x61,0x6e,0x67,0x65,0x00,0x00,0x0c,0x40,0x66,0x69,0x6e,0x61,0x6c,
0x5f,0x72,0x61,0x6e,0x67,0x65,0x00,0x00,0x00,0x01,0x8b,0x00,0x04,0x00,0x08,0x00,
0x00,0x00,0x00,0x00,0x00,0x00,0x8e,0x39,0x00,0x00,0x00,0x03,0x05,0x50,0x2f,0x04,
0x00,0x01,0x46,0x04,0x01,0x07,0x05,0x32,0x04,0x01,0x01,0x1a,0x04,0x02,0x03,0x05,
0x46,0x2f,0x04,0x00,0x01,0x46,0x04,0x01,0x01,0x02,0x04,0x01,0x05,0x02,0x19,0x06,
0x02,0x2f,0x04,0x03,0x02,0x1a,0x04,0x04,0x03,0x06,0x51,0x2f,0x05,0x05,0x01,0x2f,
0x04,0x06,0x01,0x1a,0x04,0x07,0x19,0x05,0x07,0x19,0x06,0x02,0x2f,0x04,0x03,0x02,
0x1a,0x04,0x08,0x03,0x05,0x70,0x2f,0x04,0x00,0x01,0x46,0x04,0x01,0x07,0x05,0x32,
0x04,0x01,0x01,0x1a,0x04,0x09,0x03,0x06,0x71,0x2f,0x05,0x05,0x01,0x2f,0x04,0x06,
0x01,0x01,0x03,0x04,0x19,0x04,0x0a,0x28,0x04,0x00,0x0b,0x01,0x04,0x03,0x19,0x05,
0x07,0x47,0x04,0x01,0x03,0x04,0x01,0x05,0x03,0x19,0x06,0x09,0x2f,0x04,0x03,0x02,
0x1a,0x04,0x0b,0x3d,0x04,0x00,0x00,0x00,0x0c,0x00,0x08,0x72,0x65,0x61,0x64,0x5f,
0x72,0x65,0x67,0x00,0x00,0x02,0x3c,0x3c,0x00,0x00,0x1d,0x40,0x70,0x72,0x65,0x5f,
0x72,0x61,0x6e,0x67,0x65,0x5f,0x76,0x63,0x73,0x65,0x6c,0x5f,0x70,0x65,0x72,0x69,
0x6f,0x64,0x5f,0x70,0x63,0x6c,0x6b,0x73,0x00,0x00,0x1d,0x74,0x69,0x6d,0x65,0x6f,
0x75,0x74,0x5f,0x6d,0x63,0x6c,0x6b,0x73,0x5f,0x74,0x6f,0x5f,0x6d,0x69,0x63,0x72,
0x6f,0x73,0x65,0x63,0x6f,0x6e,0x64,0x73,0x00,0x00,0x10,0x40,0x6d,0x73,0x72,0x63,
0x5f,0x64,0x73,0x73,0x5f,0x74,0x63,0x63,0x5f,0x75,0x73,0x00,0x00,0x0e,0x72,0x65,
0x61,0x64,0x5f,0x72,0x65,0x67,0x5f,0x31,0x36,0x62,0x69,0x74,0x00,0x00,0x0e,0x64,
0x65,0x63,0x6f,0x64,0x65,0x5f,0x74,0x69,0x6d,0x65,0x6f,0x75,0x74,0x00,0x00,0x10,
0x40,0x70,0x72,0x65,0x5f,0x72,0x61,0x6e,0x67,0x65,0x5f,0x6d,0x63,0x6c,0x6b,0x73,
0x00,0x00,0x0d,0x40,0x70,0x72,0x65,0x5f,0x72,0x61,0x6e,0x67,0x65,0x5f,0x75,0x73,
0x00,0x00,0x1f,0x40,0x66,0x69,0x6e,0x61,0x6c,0x5f,0x72,0x61,0x6e,0x67,0x65,0x5f,
0x76,0x63,0x73,0x65,0x6c,0x5f,0x70,0x65,0x72,0x69,0x6f,0x64,0x5f,0x70,0x63,0x6c,
0x6b,0x73,0x00,0x00,0x0a,0x40,0x70,0x72,0x65,0x5f,0x72,0x61,0x6e,0x67,0x65,0x00,
0x00,0x0f,0x40,0x66,0x69,0x6e,0x61,0x6c,0x5f,0x72,0x61,0x6e,0x67,0x65,0x5f,0x75,
0x73,0x00,0x00,0x00,0x00,0x4d,0x00,0x03,0x00,0x07,0x00,0x00,0x00,0x00,0x00,0x00,
0x00,0x2b,0x39,0x04,0x00,0x00,0x01,0x03,0x01,0x03,0x04,0xff,0x32,0x03,0x00,0x01,
0x01,0x04,0x01,0x0f,0x05,0x00,0x00,0xff,0x00,0x32,0x04,0x00,0x01,0x03,0x05,0x08,
0x32,0x04,0x01,0x01,0x32,0x03,0x02,0x01,0x46,0x03,0x01,0x3d,0x03,0x00,0x00,0x00,
0x03,0x00,0x01,0x26,0x00,0x00,0x02,0x3e,0x3e,0x00,0x00,0x02,0x3c,0x3c,0x00,0x00,
0x00,0x00,0x87,0x00,0x05,0x00,0x09,0x00,0x00,0x00,0x00,0x00,0x00,0x00,0x61,0x39,
0x04,0x00,0x00,0x01,0x05,0x01,0x06,0x06,0x4f,0x05,0x28,0x05,0x00,0x04,0x06,0x05,
0x3d,0x05,0x01,0x05,0x01,0x48,0x05,0x01,0x01,0x03,0x05,0x06,0x04,0x01,0x05,0x03,
0x0f,0x06,0x00,0x00,0xff,0x00,0x32,0x05,0x00,0x01,0x06,0x06,0x50,0x05,0x28,0x05,
0x00,0x14,0x00,0x01,0x05,0x03,0x07,0x06,0x32,0x05,0x01,0x01,0x01,0x03,0x05,0x49,
0x04,0x05,0x01,0x26,0xff,0xd7,0x01,0x05,0x04,0x03,0x06,0x08,0x32,0x05,0x02,0x01,
0x01,0x06,0x03,0x03,0x07,0xff,0x32,0x06,0x00,0x01,0x32,0x05,0x03,0x01,0x3d,0x05,
0x00,0x00,0x00,0x04,0x00,0x01,0x26,0x00,0x00,0x02,0x3e,0x3e,0x00,0x00,0x02,0x3c,
0x3c,0x00,0x00,0x01,0x7c,0x00,0x00,0x00,0x00,0x4c,0x00,0x05,0x00,0x08,0x00,0x00,
0x00,0x00,0x00,0x00,0x00,0x38,0x39,0x08,0x00,0x00,0x0e,0x05,0x09,0x00,0x01,0x06,
0x02,0x4b,0x05,0x0e,0x06,0x06,0x77,0x4b,0x05,0x0e,0x06,0x01,0xf4,0x45,0x05,0x0e,
0x06,0x03,0xe8,0x4c,0x05,0x01,0x04,0x05,0x01,0x05,0x01,0x01,0x06,0x04,0x4b,0x05,
0x0e,0x06,0x01,0xf4,0x45,0x05,0x0e,0x06,0x03,0xe8,0x4c,0x05,0x3d,0x05,0x00,0x00,
0x00,0x00,0x00,0x00,0x00,0x4f,0x00,0x05,0x00,0x09,0x00,0x00,0x00,0x00,0x00,0x00,
0x00,0x3b,0x39,0x08,0x00,0x00,0x0e,0x05,0x09,0x00,0x01,0x06,0x02,0x4b,0x05,0x0e,
0x06,0x06,0x77,0x4b,0x05,0x0e,0x06,0x01,0xf4,0x45,0x05,0x0e,0x06,0x03,0xe8,0x4c,
0x05,0x01,0x04,0x05,0x01,0x05,0x01,0x0e,0x06,0x03,0xe8,0x4b,0x05,0x01,0x06,0x04,
0x08,0x07,0x4c,0x06,0x45,0x05,0x01,0x06,0x04,0x4c,0x05,0x3d,0x05,0x00,0x00,0x00,
0x00,0x00,0x00,0x00,0xae,0x00,0x04,0x00,0x09,0x00,0x00,0x00,0x00,0x00,0x00,0x00,
0x64,0x39,0x04,0x00,0x00,0x06,0x05,0x07,0x06,0x01,0x07,0x01,0x32,0x06,0x00,0x01,
0x2f,0x04,0x01,0x02,0x30,0x04,0x02,0x01,0x03,0x04,0x03,0x05,0x13,0x2f,0x04,0x03,
0x01,0x0d,0x05,0x32,0x04,0x04,0x01,0x06,0x05,0x4d,0x04,0x28,0x04,0x00,0x24,0x00,
0x19,0x04,0x05,0x06,0x05,0x50,0x04,0x28,0x04,0x00,0x0d,0x30,0x04,0x02,0x01,0x05,
0x03,0x47,0x04,0x19,0x05,0x05,0x50,0x04,0x28,0x04,0x00,0x04,0x14,0x04,0x3e,0x04,
0x26,0xff,0xc7,0x03,0x05,0x0b,0x07,0x06,0x2f,0x04,0x01,0x02,0x06,0x05,0x06,0x06,
0x2f,0x04,0x01,0x02,0x41,0x00,0x00,0x00,0x06,0x00,0x01,0x7c,0x00,0x00,0x09,0x77,
0x72,0x69,0x74,0x65,0x5f,0x72,0x65,0x67,0x00,0x00,0x06,0x6d,0x69,0x6c,0x6c,0x69,
0x73,0x00,0x00,0x08,0x72,0x65,0x61,0x64,0x5f,0x72,0x65,0x67,0x00,0x00,0x01,0x26,
0x00,0x00,0x0b,0x40,0x69,0x6f,0x5f,0x74,0x69,0x6d,0x65,0x6f,0x75,0x74,0x00,0x00,
0x00,0x01,0x05,0x00,0x01,0x00,0x03,0x00,0x0d,0x00,0x00,0x00,0x00,0x00,0x3f,0x03,
0x01,0x28,0x1e,0x01,0x00,0x6b,0x01,0x01,0x00,0x6b,0x01,0x02,0x01,0x6b,0x01,0x03,
0x02,0x6b,0x01,0x04,0x03,0x6b,0x01,0x05,0x04,0x6b,0x01,0x06,0x05,0x6b,0x01,0x07,
0x06,0x30,0x01,0x08,0x6b,0x01,0x09,0x07,0x6b,0x01,0x0a,0x08,0x6b,0x01,0x0b,0x09,
0x6b,0x01,0x0c,0x0a,0x6b,0x01,0x0d,0x0b,0x6b,0x01,0x0e,0x0c,0x3d,0x00,0x00,0x00,
0x00,0x0f,0x00,0x04,0x41,0x44,0x44,0x52,0x00,0x00,0x0a,0x69,0x6e,0x69,0x74,0x69,
0x61,0x6c,0x69,0x7a,0x65,0x00,0x00,0x03,0x75,0x69,0x64,0x00,0x00,0x0a,0x72,0x65,
0x73,0x65,0x74,0x5f,0x63,0x68,0x69,0x70,0x00,0x00,0x0b,0x73,0x74,0x6f,0x70,0x5f,
0x63,0x72,0x79,0x70,0x74,0x6f,0x00,0x00,0x0a,0x63,0x6f,0x6e,0x6e,0x65,0x63,0x74,
0x65,0x64,0x3f,0x00,0x00,0x04,0x70,0x75,0x74,0x73,0x00,0x00,0x04,0x67,0x65,0x74,
0x73,0x00,0x00,0x07,0x70,0x72,0x69,0x76,0x61,0x74,0x65,0x00,0x00,0x0f,0x76,0x61,
0x6c,0x69,0x64,0x61,0x74,0x65,0x5f,0x62,0x6c,0x6f,0x63,0x6b,0x21,0x00,0x00,0x0c,
0x61,0x75,0x74,0x68,0x65,0x6e,0x74,0x69,0x63,0x61,0x74,0x65,0x00,0x00,0x09,0x77,
0x72,0x69,0x74,0x65,0x5f,0x72,0x65,0x67,0x00,0x00,0x08,0x72,0x65,0x61,0x64,0x5f,
0x72,0x65,0x67,0x00,0x00,0x09,0x77,0x61,0x69,0x74,0x5f,0x66,0x69,0x66,0x6f,0x00,
0x00,0x11,0x74,0x72,0x61,0x6e,0x73,0x63,0x65,0x69,0x76,0x65,0x5f,0x73,0x69,0x6d,
0x70,0x6c,0x65,0x00,0x00,0x00,0x00,0xa2,0x00,0x05,0x00,0x09,0x00,0x00,0x00,0x00,
0x00,0x00,0x00,0x3f,0x39,0x04,0x00,0x04,0x3a,0x04,0x00,0x27,0x04,0x00,0x06,0x1d,
0x04,0x01,0x26,0x00,0x03,0x3c,0x04,0x00,0x3b,0x10,0x05,0x00,0x01,0x06,0x04,0x5e,
0x05,0x01,0x01,0x02,0x05,0x1a,0x01,0x02,0x1a,0x04,0x03,0x06,0x05,0x06,0x06,0x06,
0x07,0x06,0x08,0x52,0x05,0x04,0x1a,0x05,0x04,0x11,0x05,0x1a,0x05,0x05,0x30,0x05,
0x06,0x3d,0x05,0x00,0x00,0x00,0x07,0x00,0x07,0x61,0x64,0x64,0x72,0x65,0x73,0x73,
0x00,0x00,0x04,0x41,0x44,0x44,0x52,0x00,0x00,0x04,0x40,0x69,0x32,0x63,0x00,0x00,
0x08,0x40,0x61,0x64,0x64,0x72,0x65,0x73,0x73,0x00,0x00,0x04,0x40,0x75,0x69,0x64,
0x00,0x00,0x15,0x40,0x61,0x75,0x74,0x68,0x65,0x6e,0x74,0x69,0x63,0x61,0x74,0x65,
0x64,0x5f,0x73,0x65,0x63,0x74,0x6f,0x72,0x00,0x00,0x0a,0x72,0x65,0x73,0x65,0x74,
0x5f,0x63,0x68,0x69,0x70,0x00,0x00,0x00,0x00,0x3b,0x00,0x02,0x00,0x04,0x00,0x01,
0x00,0x00,0x00,0x00,0x00,0x13,0x39,0x00,0x00,0x00,0x19,0x02,0x00,0x62,0x03,0x00,
0x34,0x02,0x01,0x00,0x33,0x02,0x02,0x3d,0x02,0x00,0x00,0x00,0x03,0x00,0x04,0x40,
0x75,0x69,0x64,0x00,0x00,0x03,0x6d,0x61,0x70,0x00,0x00,0x04,0x6a,0x6f,0x69,0x6e,
0x00,0x00,0x00,0x00,0x4d,0x00,0x03,0x00,0x07,0x00,0x00,0x00,0x00,0x00,0x00,0x00,
0x1c,0x39,0x04,0x00,0x00,0x01,0x03,0x01,0x03,0x04,0x10,0x32,0x03,0x00,0x01,0x08,
0x04,0x5c,0x05,0x00,0x32,0x03,0x01,0x02,0x33,0x03,0x02,0x3d,0x03,0x00,0x01,0x00,
0x00,0x01,0x30,0x00,0x00,0x03,0x00,0x04,0x74,0x6f,0x5f,0x73,0x00,0x00,0x05,0x72,
0x6a,0x75,0x73,0x74,0x00,0x00,0x06,0x75,0x70,0x63,0x61,0x73,0x65,0x00,0x00,0x00,
0x00,0xa6,0x00,0x02,0x00,0x06,0x00,0x00,0x00,0x00,0x00,0x00,0x00,0x67,0x39,0x00,
0x00,0x00,0x07,0x03,0x03,0x04,0x0f,0x2f,0x02,0x00,0x02,0x02,0x03,0x00,0x2f,0x02,
0x01,0x01,0x03,0x03,0x2a,0x03,0x04,0x8d,0x2f,0x02,0x00,0x02,0x03,0x03,0x2b,0x03,
0x04,0x3e,0x2f,0x02,0x00,0x02,0x03,0x03,0x2d,0x03,0x04,0x1e,0x2f,0x02,0x00,0x02,
0x03,0x03,0x2c,0x06,0x04,0x2f,0x02,0x00,0x02,0x03,0x03,0x15,0x03,0x04,0x40,0x2f,
0x02,0x00,0x02,0x03,0x03,0x11,0x03,0x04,0x3d,0x2f,0x02,0x00,0x02,0x03,0x03,0x26,
0x03,0x04,0x70,0x2f,0x02,0x00,0x02,0x03,0x03,0x14,0x09,0x04,0x2f,0x02,0x00,0x02,
0x30,0x02,0x02,0x3d,0x02,0x00,0x01,0x05,0x9a,0x99,0x99,0x99,0x99,0x99,0xb9,0x3f,
0x00,0x03,0x00,0x09,0x77,0x72,0x69,0x74,0x65,0x5f,0x72,0x65,0x67,0x00,0x00,0x05,
0x73,0x6c,0x65,0x65,0x70,0x00,0x00,0x0b,0x73,0x74,0x6f,0x70,0x5f,0x63,0x72,0x79,
0x70,0x74,0x6f,0x00,0x00,0x00,0x00,0x4c,0x00,0x02,0x00,0x06,0x00,0x00,0x00,0x00,
0x00,0x00,0x00,0x14,0x39,0x00,0x00,0x00,0x03,0x03,0x08,0x06,0x04,0x2f,0x02,0x00,
0x02,0x11,0x02,0x1a,0x02,0x01,0x3d,0x02,0x00,0x00,0x00,0x02,0x00,0x09,0x77,0x72,
0x69,0x74,0x65,0x5f,0x72,0x65,0x67,0x00,0x00,0x15,0x40,0x61,0x75,0x74,0x68,0x65,
0x6e,0x74,0x69,0x63,0x61,0x74,0x65,0x64,0x5f,0x73,0x65,0x63,0x74,0x6f,0x72,0x00,
0x00,0x00,0x01,0xe4,0x00,0x04,0x00,0x09,0x00,0x01,0x00,0x00,0x00,0x00,0x01,0x79,
0x39,0x00,0x00,0x00,0x30,0x04,0x00,0x07,0x05,0x06,0x06,0x2f,0x04,0x01,0x02,0x03,
0x05,0x0a,0x03,0x06,0x80,0x2f,0x04,0x01,0x02,0x03,0x05,0x0d,0x0d,0x06,0x2f,0x04,
0x01,0x02,0x03,0x05,0x09,0x03,0x06,0x26,0x2f,0x04,0x01,0x02,0x07,0x05,0x03,0x06,
0x0c,0x2f,0x04,0x01,0x02,0x03,0x05,0x0d,0x03,0x06,0x87,0x2f,0x04,0x01,0x02,0x07,
0x05,0x2f,0x04,0x02,0x01,0x27,0x04,0x00,0x01,0x42,0x07,0x05,0x06,0x06,0x2f,0x04,
0x01,0x02,0x03,0x05,0x0a,0x03,0x06,0x80,0x2f,0x04,0x01,0x02,0x03,0x05,0x0d,0x06,
0x06,0x2f,0x04,0x01,0x02,0x03,0x05,0x09,0x03,0x06,0x93,0x2f,0x04,0x01,0x02,0x03,
0x05,0x09,0x03,0x06,0x20,0x2f,0x04,0x01,0x02,0x07,0x05,0x03,0x06,0x0c,0x2f,0x04,
0x01,0x02,0x03,0x05,0x0d,0x03,0x06,0x80,0x2f,0x04,0x01,0x02,0x0b,0x05,0x2f,0x04,
0x02,0x01,0x27,0x04,0x00,0x01,0x42,0x19,0x04,0x03,0x19,0x05,0x04,0x0b,0x06,0x03,
0x07,0x09,0x32,0x04,0x05,0x03,0x01,0x02,0x04,0x01,0x04,0x02,0x11,0x05,0x4d,0x04,
0x28,0x04,0x00,0x01,0x42,0x19,0x04,0x06,0x06,0x05,0x01,0x06,0x02,0x06,0x07,0x32,
0x06,0x07,0x01,0x25,0x04,0x19,0x04,0x06,0x07,0x05,0x01,0x06,0x02,0x07,0x07,0x32,
0x06,0x07,0x01,0x25,0x04,0x19,0x04,0x06,0x08,0x05,0x01,0x06,0x02,0x08,0x07,0x32,
0x06,0x07,0x01,0x25,0x04,0x19,0x04,0x06,0x09,0x05,0x01,0x06,0x02,0x09,0x07,0x32,
0x06,0x07,0x01,0x25,0x04,0x03,0x05,0x12,0x03,0x06,0x80,0x2f,0x04,0x01,0x02,0x03,
0x05,0x13,0x03,0x06,0x80,0x2f,0x04,0x01,0x02,0x07,0x05,0x06,0x06,0x2f,0x04,0x01,
0x02,0x03,0x05,0x0a,0x03,0x06,0x80,0x2f,0x04,0x01,0x02,0x03,0x05,0x09,0x03,0x06,
0x93,0x2f,0x04,0x01,0x02,0x03,0x05,0x09,0x03,0x06,0x70,0x2f,0x04,0x01,0x02,0x19,
0x04,0x06,0x62,0x05,0x00,0x34,0x04,0x08,0x00,0x03,0x05,0x09,0x01,0x06,0x02,0x0a,
0x07,0x32,0x06,0x07,0x01,0x2f,0x04,0x01,0x02,0x07,0x05,0x03,0x06,0x0c,0x2f,0x04,
0x01,0x02,0x03,0x05,0x0d,0x03,0x06,0x80,0x2f,0x04,0x01,0x02,0x07,0x05,0x2f,0x04,
0x02,0x01,0x01,0x03,0x04,0x03,0x05,0x12,0x06,0x06,0x2f,0x04,0x01,0x02,0x03,0x05,
0x13,0x06,0x06,0x2f,0x04,0x01,0x02,0x3d,0x03,0x00,0x00,0x00,0x09,0x00,0x0b,0x73,
0x74,0x6f,0x70,0x5f,0x63,0x72,0x79,0x70,0x74,0x6f,0x00,0x00,0x09,0x77,0x72,0x69,
0x74,0x65,0x5f,0x72,0x65,0x67,0x00,0x00,0x09,0x77,0x61,0x69,0x74,0x5f,0x66,0x69,
0x66,0x6f,0x00,0x00,0x04,0x40,0x69,0x32,0x63,0x00,0x00,0x08,0x40,0x61,0x64,0x64,
0x72,0x65,0x73,0x73,0x00,0x00,0x04,0x72,0x65,0x61,0x64,0x00,0x00,0x04,0x40,0x75,
0x69,0x64,0x00,0x00,0x07,0x67,0x65,0x74,0x62,0x79,0x74,0x65,0x00,0x00,0x04,0x65,
0x61,0x63,0x68,0x00,0x00,0x00,0x00,0x30,0x00,0x03,0x00,0x07,0x00,0x00,0x00,0x00,
0x00,0x00,0x00,0x10,0x39,0x04,0x00,0x00,0x03,0x04,0x09,0x01,0x05,0x01,0x2f,0x03,
0x00,0x02,0x3d,0x03,0x00,0x00,0x00,0x01,0x00,0x09,0x77,0x72,0x69,0x74,0x65,0x5f,
0x72,0x65,0x67,0x00,0x00,0x00,0x01,0x40,0x00,0x07,0x00,0x0c,0x00,0x01,0x00,0x00,
0x00,0x00,0x00,0xc2,0x39,0x04,0x00,0x04,0x3a,0x04,0x00,0x27,0x04,0x00,0x05,0x0a,
0x04,0x26,0x00,0x03,0x3c,0x04,0x00,0x3b,0x10,0x07,0x00,0x01,0x08,0x04,0x5e,0x07,
0x01,0x01,0x02,0x07,0x01,0x08,0x04,0x2f,0x07,0x01,0x01,0x01,0x08,0x04,0x2f,0x07,
0x02,0x01,0x27,0x07,0x00,0x01,0x42,0x03,0x08,0x12,0x03,0x09,0x80,0x2f,0x07,0x03,
0x02,0x03,0x08,0x13,0x03,0x09,0x80,0x2f,0x07,0x03,0x02,0x03,0x08,0xa0,0x01,0x09,
0x04,0x07,0x0a,0x2f,0x07,0x04,0x03,0x01,0x05,0x07,0x01,0x07,0x05,0x27,0x07,0x00,
0x13,0x03,0x08,0x12,0x06,0x09,0x2f,0x07,0x03,0x02,0x03,0x08,0x13,0x06,0x09,0x2f,
0x07,0x03,0x02,0x42,0x01,0x07,0x01,0x33,0x07,0x05,0x01,0x06,0x07,0x07,0x08,0x06,
0x09,0x2f,0x07,0x03,0x02,0x03,0x08,0x0a,0x03,0x09,0x80,0x2f,0x07,0x03,0x02,0x03,
0x07,0x10,0x62,0x08,0x00,0x34,0x07,0x06,0x00,0x07,0x08,0x03,0x09,0x0c,0x2f,0x07,
0x03,0x02,0x03,0x08,0x0d,0x03,0x09,0x80,0x2f,0x07,0x03,0x02,0x02,0x08,0x00,0x2f,
0x07,0x07,0x01,0x03,0x08,0x12,0x06,0x09,0x2f,0x07,0x03,0x02,0x03,0x08,0x13,0x06,
0x09,0x2f,0x07,0x03,0x02,0x41,0x00,0x01,0x05,0x7b,0x14,0xae,0x47,0xe1,0x7a,0x94,
0x3f,0x00,0x08,0x00,0x05,0x62,0x6c,0x6f,0x63,0x6b,0x00,0x00,0x0f,0x76,0x61,0x6c,
0x69,0x64,0x61,0x74,0x65,0x5f,0x62,0x6c,0x6f,0x63,0x6b,0x21,0x00,0x00,0x0c,0x61,
0x75,0x74,0x68,0x65,0x6e,0x74,0x69,0x63,0x61,0x74,0x65,0x00,0x00,0x09,0x77,0x72,
0x69,0x74,0x65,0x5f,0x72,0x65,0x67,0x00,0x00,0x11,0x74,0x72,0x61,0x6e,0x73,0x63,
0x65,0x69,0x76,0x65,0x5f,0x73,0x69,0x6d,0x70,0x6c,0x65,0x00,0x00,0x05,0x62,0x79,
0x74,0x65,0x73,0x00,0x00,0x05,0x74,0x69,0x6d,0x65,0x73,0x00,0x00,0x05,0x73,0x6c,
0x65,0x65,0x70,0x00,0x00,0x00,0x00,0x54,0x00,0x03,0x00,0x08,0x00,0x00,0x00,0x00,
0x00,0x00,0x00,0x2b,0x39,0x04,0x00,0x00,0x03,0x04,0x09,0x01,0x05,0x01,0x21,0x06,
0x06,0x00,0x33,0x06,0x00,0x4e,0x05,0x28,0x05,0x00,0x0c,0x21,0x05,0x06,0x00,0x01,
0x06,0x01,0x23,0x05,0x26,0x00,0x02,0x06,0x05,0x2f,0x03,0x01,0x02,0x3d,0x03,0x00,
0x00,0x00,0x02,0x00,0x06,0x6c,0x65,0x6e,0x67,0x74,0x68,0x00,0x00,0x09,0x77,0x72,
0x69,0x74,0x65,0x5f,0x72,0x65,0x67,0x00,0x00,0x00,0x01,0x33,0x00,0x07,0x00,0x0c,
0x00,0x01,0x00,0x00,0x00,0x00,0x00,0xb1,0x39,0x00,0x00,0x04,0x3a,0x03,0x00,0x27,
0x03,0x00,0x05,0x0a,0x03,0x26,0x00,0x03,0x3c,0x03,0x00,0x3b,0x10,0x07,0x00,0x01,
0x08,0x03,0x5e,0x07,0x01,0x01,0x01,0x07,0x01,0x08,0x03,0x2f,0x07,0x01,0x01,0x01,
0x08,0x03,0x2f,0x07,0x02,0x01,0x27,0x07,0x00,0x01,0x40,0x03,0x08,0x12,0x03,0x09,
0x80,0x2f,0x07,0x03,0x02,0x03,0x08,0x13,0x03,0x09,0x80,0x2f,0x07,0x03,0x02,0x03,
0x08,0x30,0x01,0x09,0x03,0x03,0x0a,0x10,0x2f,0x07,0x04,0x03,0x01,0x04,0x07,0x01,
0x07,0x04,0x27,0x07,0x00,0x13,0x03,0x08,0x12,0x06,0x09,0x2f,0x07,0x03,0x02,0x03,
0x08,0x13,0x06,0x09,0x2f,0x07,0x03,0x02,0x40,0x19,0x07,0x05,0x19,0x08,0x06,0x03,
0x09,0x10,0x03,0x0a,0x09,0x32,0x07,0x07,0x03,0x01,0x05,0x07,0x03,0x08,0x12,0x06,
0x09,0x2f,0x07,0x03,0x02,0x03,0x08,0x13,0x06,0x09,0x2f,0x07,0x03,0x02,0x01,0x07,
0x05,0x11,0x08,0x4d,0x07,0x28,0x07,0x00,0x01,0x40,0x5c,0x06,0x00,0x03,0x07,0x10,
0x62,0x08,0x00,0x34,0x07,0x08,0x00,0x3d,0x06,0x00,0x01,0x00,0x00,0x00,0x00,0x00,
0x09,0x00,0x05,0x62,0x6c,0x6f,0x63,0x6b,0x00,0x00,0x0f,0x76,0x61,0x6c,0x69,0x64,
0x61,0x74,0x65,0x5f,0x62,0x6c,0x6f,0x63,0x6b,0x21,0x00,0x00,0x0c,0x61,0x75,0x74,
0x68,0x65,0x6e,0x74,0x69,0x63,0x61,0x74,0x65,0x00,0x00,0x09,0x77,0x72,0x69,0x74,
0x65,0x5f,0x72,0x65,0x67,0x00,0x00,0x11,0x74,0x72,0x61,0x6e,0x73,0x63,0x65,0x69,
0x76,0x65,0x5f,0x73,0x69,0x6d,0x70,0x6c,0x65,0x00,0x00,0x04,0x40,0x69,0x32,0x63,
0x00,0x00,0x08,0x40,0x61,0x64,0x64,0x72,0x65,0x73,0x73,0x00,0x00,0x04,0x72,0x65,
0x61,0x64,0x00,0x00,0x05,0x74,0x69,0x6d,0x65,0x73,0x00,0x00,0x00,0x00,0x65,0x00,
0x04,0x00,0x07,0x00,0x00,0x00,0x00,0x00,0x00,0x00,0x41,0x39,0x04,0x00,0x00,0x21,
0x04,0x05,0x00,0x01,0x05,0x01,0x32,0x04,0x00,0x01,0x01,0x03,0x04,0x01,0x04,0x03,
0x03,0x05,0x1f,0x50,0x04,0x28,0x04,0x00,0x08,0x01,0x04,0x03,0x03,0x05,0x7f,0x4e,
0x04,0x28,0x04,0x00,0x13,0x21,0x04,0x06,0x00,0x01,0x05,0x03,0x33,0x05,0x01,0x45,
0x04,0x22,0x04,0x06,0x00,0x26,0x00,0x02,0x11,0x04,0x3d,0x04,0x00,0x00,0x00,0x02,
0x00,0x07,0x67,0x65,0x74,0x62,0x79,0x74,0x65,0x00,0x00,0x03,0x63,0x68,0x72,0x00,
0x00,0x00,0x00,0x94,0x00,0x03,0x00,0x07,0x00,0x00,0x00,0x00,0x00,0x00,0x00,0x33,
0x39,0x04,0x00,0x00,0x0a,0x03,0x0b,0x04,0x0c,0x05,0x52,0x03,0x03,0x01,0x04,0x01,
0x32,0x03,0x00,0x01,0x28,0x03,0x00,0x05,0x11,0x03,0x26,0x00,0x14,0x1d,0x04,0x01,
0x5c,0x05,0x00,0x01,0x06,0x01,0x5d,0x05,0x5c,0x06,0x01,0x5d,0x05,0x2f,0x03,0x02,
0x02,0x3d,0x03,0x00,0x02,0x00,0x00,0x06,0x42,0x6c,0x6f,0x63,0x6b,0x20,0x00,0x00,
0x00,0x1f,0x20,0x69,0x73,0x20,0x72,0x65,0x73,0x74,0x72,0x69,0x63,0x74,0x65,0x64,
0x2e,0x20,0x55,0x73,0x65,0x20,0x34,0x2c,0x20,0x35,0x2c,0x20,0x6f,0x72,0x20,0x36,
0x2e,0x00,0x00,0x03,0x00,0x08,0x69,0x6e,0x63,0x6c,0x75,0x64,0x65,0x3f,0x00,0x00,
0x0a,0x52,0x61,0x6e,0x67,0x65,0x45,0x72,0x72,0x6f,0x72,0x00,0x00,0x05,0x72,0x61,
0x69,0x73,0x65,0x00,0x00,0x00,0x00,0xf3,0x00,0x05,0x00,0x09,0x00,0x03,0x00,0x00,
0x00,0x00,0x00,0x92,0x39,0x04,0x00,0x00,0x01,0x05,0x01,0x0a,0x06,0x4e,0x05,0x27,
0x05,0x00,0x07,0x01,0x05,0x01,0x0c,0x06,0x50,0x05,0x28,0x05,0x00,0x01,0x42,0x01,
0x05,0x01,0x0a,0x06,0x4c,0x05,0x01,0x03,0x05,0x19,0x05,0x00,0x01,0x06,0x03,0x4d,
0x05,0x28,0x05,0x00,0x01,0x41,0x19,0x05,0x00,0x11,0x06,0x32,0x05,0x01,0x01,0x28,
0x05,0x00,0x03,0x30,0x05,0x02,0x07,0x06,0x06,0x07,0x2f,0x05,0x03,0x02,0x03,0x06,
0x0a,0x03,0x07,0x80,0x2f,0x05,0x03,0x02,0x03,0x06,0x09,0x03,0x07,0x60,0x2f,0x05,
0x03,0x02,0x03,0x06,0x09,0x01,0x07,0x01,0x2f,0x05,0x03,0x02,0x0c,0x05,0x62,0x06,
0x00,0x34,0x05,0x04,0x00,0x19,0x05,0x05,0x62,0x06,0x01,0x34,0x05,0x06,0x00,0x07,
0x06,0x03,0x07,0x0e,0x2f,0x05,0x03,0x02,0x14,0x04,0x03,0x05,0x14,0x62,0x06,0x02,
0x34,0x05,0x04,0x00,0x3d,0x04,0x00,0x00,0x00,0x07,0x00,0x15,0x40,0x61,0x75,0x74,
0x68,0x65,0x6e,0x74,0x69,0x63,0x61,0x74,0x65,0x64,0x5f,0x73,0x65,0x63,0x74,0x6f,
0x72,0x00,0x00,0x02,0x21,0x3d,0x00,0x00,0x0b,0x73,0x74,0x6f,0x70,0x5f,0x63,0x72,
0x79,0x70,0x74,0x6f,0x00,0x00,0x09,0x77,0x72,0x69,0x74,0x65,0x5f,0x72,0x65,0x67,
0x00,0x00,0x05,0x74,0x69,0x6d,0x65,0x73,0x00,0x00,0x04,0x40,0x75,0x69,0x64,0x00,
0x00,0x04,0x65,0x61,0x63,0x68,0x00,0x00,0x00,0x00,0x30,0x00,0x02,0x00,0x06,0x00,
0x00,0x00,0x00,0x00,0x00,0x00,0x10,0x39,0x00,0x00,0x00,0x03,0x03,0x09,0x03,0x04,
0xff,0x2f,0x02,0x00,0x02,0x3d,0x02,0x00,0x00,0x00,0x01,0x00,0x09,0x77,0x72,0x69,
0x74,0x65,0x5f,0x72,0x65,0x67,0x00,0x00,0x00,0x00,0x30,0x00,0x03,0x00,0x07,0x00,
0x00,0x00,0x00,0x00,0x00,0x00,0x10,0x39,0x04,0x00,0x00,0x03,0x04,0x09,0x01,0x05,
0x01,0x2f,0x03,0x00,0x02,0x3d,0x03,0x00,0x00,0x00,0x01,0x00,0x09,0x77,0x72,0x69,
0x74,0x65,0x5f,0x72,0x65,0x67,0x00,0x00,0x00,0x00,0x87,0x00,0x02,0x00,0x05,0x00,
0x00,0x00,0x00,0x00,0x00,0x00,0x36,0x39,0x00,0x00,0x00,0x03,0x03,0x08,0x2f,0x02,
0x00,0x01,0x03,0x03,0x08,0x32,0x02,0x01,0x01,0x06,0x03,0x32,0x02,0x02,0x01,0x28,
0x02,0x00,0x11,0x13,0x02,0x22,0x02,0x04,0x00,0x21,0x02,0x03,0x00,0x1a,0x02,0x03,
0x11,0x02,0x43,0x02,0x02,0x03,0x00,0x2f,0x02,0x04,0x01,0x3d,0x02,0x00,0x01,0x05,
0x7b,0x14,0xae,0x47,0xe1,0x7a,0x74,0x3f,0x00,0x05,0x00,0x08,0x72,0x65,0x61,0x64,
0x5f,0x72,0x65,0x67,0x00,0x00,0x01,0x26,0x00,0x00,0x02,0x21,0x3d,0x00,0x00,0x15,
0x40,0x61,0x75,0x74,0x68,0x65,0x6e,0x74,0x69,0x63,0x61,0x74,0x65,0x64,0x5f,0x73,
0x65,0x63,0x74,0x6f,0x72,0x00,0x00,0x05,0x73,0x6c,0x65,0x65,0x70,0x00,0x00,0x00,
0x00,0x44,0x00,0x04,0x00,0x09,0x00,0x00,0x00,0x00,0x00,0x00,0x00,0x16,0x39,0x08,
0x00,0x00,0x19,0x04,0x00,0x19,0x05,0x01,0x01,0x06,0x01,0x01,0x07,0x02,0x32,0x04,
0x02,0x03,0x3d,0x04,0x00,0x00,0x00,0x03,0x00,0x04,0x40,0x69,0x32,0x63,0x00,0x00,
0x08,0x40,0x61,0x64,0x64,0x72,0x65,0x73,0x73,0x00,0x00,0x05,0x77,0x72,0x69,0x74,
0x65,0x00,0x00,0x00,0x00,0x7b,0x00,0x04,0x00,0x09,0x00,0x00,0x00,0x00,0x00,0x00,
0x00,0x3b,0x39,0x04,0x00,0x00,0x19,0x04,0x00,0x19,0x05,0x01,0x07,0x06,0x01,0x07,
0x01,0x32,0x04,0x02,0x03,0x01,0x03,0x04,0x01,0x04,0x03,0x28,0x04,0x00,0x0a,0x01,
0x04,0x03,0x33,0x04,0x03,0x06,0x05,0x50,0x04,0x28,0x04,0x00,0x0c,0x01,0x04,0x03,
0x06,0x05,0x32,0x04,0x04,0x01,0x26,0x00,0x02,0x06,0x04,0x3d,0x04,0x00,0x00,0x00,
0x05,0x00,0x04,0x40,0x69,0x32,0x63,0x00,0x00,0x08,0x40,0x61,0x64,0x64,0x72,0x65,
0x73,0x73,0x00,0x00,0x04,0x72,0x65,0x61,0x64,0x00,0x00,0x06,0x6c,0x65,0x6e,0x67,
0x74,0x68,0x00,0x00,0x07,0x67,0x65,0x74,0x62,0x79,0x74,0x65,0x00,0x00,0x00,0x00,
0x2e,0x00,0x04,0x00,0x06,0x00,0x01,0x00,0x00,0x00,0x00,0x00,0x12,0x39,0x04,0x00,
0x00,0x14,0x03,0x03,0x04,0x1e,0x62,0x05,0x00,0x34,0x04,0x00,0x00,0x3d,0x03,0x00,
0x00,0x00,0x01,0x00,0x05,0x74,0x69,0x6d,0x65,0x73,0x00,0x00,0x00,0x00,0x58,0x00,
0x02,0x00,0x05,0x00,0x00,0x00,0x00,0x00,0x00,0x00,0x28,0x39,0x00,0x00,0x00,0x03,
0x03,0x0a,0x2f,0x02,0x00,0x01,0x21,0x03,0x01,0x00,0x51,0x02,0x28,0x02,0x00,0x0a,
0x13,0x02,0x22,0x02,0x03,0x00,0x11,0x02,0x43,0x02,0x02,0x03,0x00,0x2f,0x02,0x01,
0x01,0x3d,0x02,0x00,0x01,0x05,0xfc,0xa9,0xf1,0xd2,0x4d,0x62,0x60,0x3f,0x00,0x02,
0x00,0x08,0x72,0x65,0x61,0x64,0x5f,0x72,0x65,0x67,0x00,0x00,0x05,0x73,0x6c,0x65,
0x65,0x70,0x00,0x00,0x00,0x00,0x72,0x00,0x05,0x00,0x09,0x00,0x00,0x00,0x00,0x00,
0x00,0x00,0x46,0x39,0x0c,0x00,0x00,0x07,0x06,0x06,0x07,0x2f,0x05,0x00,0x02,0x03,
0x06,0x0a,0x03,0x07,0x80,0x2f,0x05,0x00,0x02,0x03,0x06,0x09,0x01,0x07,0x01,0x2f,
0x05,0x00,0x02,0x03,0x06,0x09,0x01,0x07,0x02,0x2f,0x05,0x00,0x02,0x07,0x06,0x03,
0x07,0x0c,0x2f,0x05,0x00,0x02,0x03,0x06,0x0d,0x03,0x07,0x80,0x2f,0x05,0x00,0x02,
0x01,0x06,0x03,0x2f,0x05,0x01,0x01,0x3d,0x05,0x00,0x00,0x00,0x02,0x00,0x09,0x77,
0x72,0x69,0x74,0x65,0x5f,0x72,0x65,0x67,0x00,0x00,0x09,0x77,0x61,0x69,0x74,0x5f,
0x66,0x69,0x66,0x6f,0x00,0x00,0x00,0x00,0x4f,0x00,0x01,0x00,0x02,0x00,0x04,0x00,
0x00,0x00,0x00,0x00,0x12,0x6b,0x01,0x00,0x00,0x6b,0x01,0x01,0x01,0x6b,0x01,0x02,
0x02,0x6b,0x01,0x03,0x03,0x3d,0x01,0x00,0x00,0x00,0x04,0x00,0x0a,0x69,0x6e,0x69,
0x74,0x69,0x61,0x6c,0x69,0x7a,0x65,0x00,0x00,0x05,0x77,0x72,0x69,0x74,0x65,0x00,
0x00,0x09,0x77,0x72,0x69,0x74,0x65,0x5f,0x61,0x6c,0x6c,0x00,0x00,0x05,0x63,0x6c,
0x65,0x61,0x72,0x00,0x00,0x00,0x00,0x77,0x00,0x05,0x00,0x09,0x00,0x00,0x00,0x00,
0x00,0x00,0x00,0x32,0x39,0x04,0x00,0x04,0x3a,0x04,0x00,0x27,0x04,0x00,0x05,0x07,
0x04,0x26,0x00,0x03,0x3c,0x04,0x00,0x3b,0x10,0x05,0x00,0x01,0x06,0x04,0x5e,0x05,
0x01,0x01,0x02,0x05,0x1a,0x04,0x01,0x01,0x06,0x01,0x01,0x07,0x04,0x2f,0x05,0x02,
0x02,0x1a,0x05,0x03,0x3d,0x05,0x00,0x00,0x00,0x04,0x00,0x09,0x6c,0x65,0x64,0x5f,
0x63,0x6f,0x75,0x6e,0x74,0x00,0x00,0x0a,0x40,0x6c,0x65,0x64,0x5f,0x63,0x6f,0x75,
0x6e,0x74,0x00,0x00,0x0b,0x77,0x73,0x32,0x38,0x31,0x33,0x5f,0x69,0x6e,0x69,0x74,
0x00,0x00,0x07,0x40,0x68,0x61,0x6e,0x64,0x6c,0x65,0x00,0x00,0x00,0x01,0x08,0x00,
0x07,0x00,0x0f,0x00,0x00,0x00,0x00,0x00,0x00,0x00,0xa1,0x39,0x00,0x00,0x10,0x3a,
0x03,0x00,0x27,0x03,0x00,0x05,0x06,0x03,0x26,0x00,0x03,0x3c,0x03,0x00,0x3a,0x04,
0x01,0x27,0x04,0x00,0x05,0x06,0x04,0x26,0x00,0x03,0x3c,0x04,0x01,0x3a,0x05,0x02,
0x27,0x05,0x00,0x05,0x06,0x05,0x26,0x00,0x03,0x3c,0x05,0x02,0x3a,0x06,0x03,0x27,
0x06,0x00,0x05,0x06,0x06,0x26,0x00,0x03,0x3c,0x06,0x03,0x3b,0x10,0x07,0x00,0x01,
0x08,0x03,0x10,0x09,0x01,0x01,0x0a,0x04,0x10,0x0b,0x02,0x01,0x0c,0x05,0x10,0x0d,
0x03,0x01,0x0e,0x06,0x5e,0x07,0x04,0x01,0x01,0x07,0x01,0x07,0x03,0x19,0x08,0x04,
0x51,0x07,0x27,0x07,0x00,0x06,0x19,0x07,0x05,0x33,0x07,0x06,0x28,0x07,0x00,0x01,
0x40,0x19,0x08,0x05,0x01,0x09,0x03,0x01,0x0a,0x04,0x01,0x0b,0x05,0x01,0x0c,0x06,
0x2f,0x07,0x07,0x05,0x19,0x07,0x05,0x29,0x07,0x00,0x03,0x26,0x00,0x05,0x11,0x07,
0x26,0x00,0x07,0x19,0x08,0x05,0x2f,0x07,0x08,0x01,0x3d,0x07,0x00,0x00,0x00,0x09,
0x00,0x05,0x69,0x6e,0x64,0x65,0x78,0x00,0x00,0x01,0x72,0x00,0x00,0x01,0x67,0x00,
0x00,0x01,0x62,0x00,0x00,0x0a,0x40,0x6c,0x65,0x64,0x5f,0x63,0x6f,0x75,0x6e,0x74,
0x00,0x00,0x07,0x40,0x68,0x61,0x6e,0x64,0x6c,0x65,0x00,0x00,0x04,0x6e,0x69,0x6c,
0x3f,0x00,0x00,0x10,0x77,0x73,0x32,0x38,0x31,0x33,0x5f,0x73,0x65,0x74,0x5f,0x70,
0x69,0x78,0x65,0x6c,0x00,0x00,0x0b,0x77,0x73,0x32,0x38,0x31,0x33,0x5f,0x73,0x68,
0x6f,0x77,0x00,0x00,0x00,0x00,0xc4,0x00,0x06,0x00,0x0c,0x00,0x01,0x00,0x00,0x00,
0x00,0x00,0x77,0x39,0x00,0x00,0x0c,0x3a,0x03,0x00,0x27,0x03,0x00,0x05,0x06,0x03,
0x26,0x00,0x03,0x3c,0x03,0x00,0x3a,0x04,0x01,0x27,0x04,0x00,0x05,0x06,0x04,0x26,
0x00,0x03,0x3c,0x04,0x01,0x3a,0x05,0x02,0x27,0x05,0x00,0x05,0x06,0x05,0x26,0x00,
0x03,0x3c,0x05,0x02,0x3b,0x10,0x06,0x00,0x01,0x07,0x03,0x10,0x08,0x01,0x01,0x09,
0x04,0x10,0x0a,0x02,0x01,0x0b,0x05,0x5e,0x06,0x03,0x01,0x01,0x06,0x19,0x06,0x03,
0x29,0x06,0x00,0x03,0x26,0x00,0x01,0x40,0x19,0x06,0x04,0x62,0x07,0x00,0x34,0x06,
0x05,0x00,0x19,0x06,0x03,0x29,0x06,0x00,0x03,0x26,0x00,0x05,0x11,0x06,0x26,0x00,
0x07,0x19,0x07,0x03,0x2f,0x06,0x06,0x01,0x3d,0x06,0x00,0x00,0x00,0x07,0x00,0x01,
0x72,0x00,0x00,0x01,0x67,0x00,0x00,0x01,0x62,0x00,0x00,0x07,0x40,0x68,0x61,0x6e,
0x64,0x6c,0x65,0x00,0x00,0x0a,0x40,0x6c,0x65,0x64,0x5f,0x63,0x6f,0x75,0x6e,0x74,
0x00,0x00,0x05,0x74,0x69,0x6d,0x65,0x73,0x00,0x00,0x0b,0x77,0x73,0x32,0x38,0x31,
0x33,0x5f,0x73,0x68,0x6f,0x77,0x00,0x00,0x00,0x00,0x55,0x00,0x03,0x00,0x0d,0x00,
0x00,0x00,0x00,0x00,0x00,0x00,0x25,0x39,0x04,0x00,0x00,0x10,0x04,0x00,0x01,0x05,
0x01,0x10,0x06,0x01,0x21,0x07,0x03,0x00,0x10,0x08,0x02,0x21,0x09,0x04,0x00,0x10,
0x0a,0x03,0x21,0x0b,0x05,0x00,0x2f,0x03,0x04,0x40,0x3d,0x03,0x00,0x00,0x00,0x05,
0x00,0x05,0x69,0x6e,0x64,0x65,0x78,0x00,0x00,0x01,0x72,0x00,0x00,0x01,0x67,0x00,
0x00,0x01,0x62,0x00,0x00,0x05,0x77,0x72,0x69,0x74,0x65,0x00,0x00,0x00,0x00,0x45,
0x00,0x02,0x00,0x0a,0x00,0x00,0x00,0x00,0x00,0x00,0x00,0x19,0x39,0x00,0x00,0x00,
0x10,0x03,0x00,0x06,0x04,0x10,0x05,0x01,0x06,0x06,0x10,0x07,0x02,0x06,0x08,0x2f,
0x02,0x03,0x30,0x3d,0x02,0x00,0x00,0x00,0x04,0x00,0x01,0x72,0x00,0x00,0x01,0x67,
0x00,0x00,0x01,0x62,0x00,0x00,0x09,0x77,0x72,0x69,0x74,0x65,0x5f,0x61,0x6c,0x6c,
0x00,0x45,0x4e,0x44,0x00,0x00,0x00,0x00,0x08,
};
